MDTU,|det-1|^2,1-Re(det),Im(det)
1,1,1,1.03483e-22
2,1,1,1.04555e-20
3,1,1,-6.88701e-21
4,1,1,-8.81678e-21
5,1,1,-8.81678e-21
6,1,1,9.77204e-22
7,1,1,3.94893e-23
8,1,1,9.76995e-22
9,1,1,-1.10001e-21
10,1,1,-1.97087e-22
11,1,1,-1.97087e-22
12,1,1,-1.65034e-21
13,1,1,4.90981e-22
14,1,1,-4.11374e-22
15,1,1,-9.39652e-22
16,1,1,2.59876e-22
17,1,1,4.13715e-22
18,1,1,1.52963e-21
19,1,1,8.66004e-22
20,1,1,3.39273e-22
21,1,1,-4.60781e-23
22,1,1,1.37458e-22
23,1,1,5.3195e-22
24,1,1,2.80464e-22
25,1,1,2.12194e-22
26,1,1,-1.05919e-22
27,1,1,-5.12172e-22
28,1,1,-1.87992e-22
29,1,1,-2.32452e-22
30,1,1,-1.51304e-22
31,1,1,4.15116e-23
32,1,1,-1.26963e-21
33,1,1,-1.85232e-21
34,1,1,-5.25533e-22
35,1,1,-1.0023e-22
36,1,1,3.79638e-22
37,1,1,-2.07992e-22
38,1,1,-8.92321e-23
39,1,1,-8.21836e-22
40,1,1,9.56305e-22
41,1,1,-2.61217e-22
42,1,1,-5.44398e-23
43,1,1,7.293e-23
44,1,1,-2.467e-22
45,1,1,-1.91641e-21
46,1,1,4.22147e-22
47,1,1,-4.9277e-22
48,1,1,1.50004e-21
49,1,1,-1.48865e-22
50,1,1,-1.89403e-22
51,1,1,-6.6167e-22
52,1,1,-1.19356e-22
53,1,1,-1.66551e-22
54,1,1,-2.69885e-22
55,1,1,1.25068e-22
56,1,1,-2.47054e-22
57,1,1,-4.14477e-23
58,1,1,1.26352e-21
59,1,1,-2.86607e-24
60,1,1,-6.58583e-23
61,1,1,1.88161e-21
62,1,1,6.47189e-22
63,1,1,2.71677e-24
64,1,1,-6.74043e-23
65,1,1,5.60598e-22
66,1,1,5.33985e-23
67,1,1,-6.48393e-23
68,1,1,9.26961e-23
69,1,1,-1.34589e-23
70,1,1,-2.13024e-22
71,1,1,1.82632e-22
72,1,1,6.338e-22
73,1,1,1.31995e-22
74,1,1,1.39436e-22
75,1,1,6.23186e-23
76,1,1,2.89262e-23
77,1,1,-2.68741e-22
78,1,1,4.70555e-22
79,1,1,-4.61272e-23
80,1,1,7.919e-22
81,1,1,4.59469e-22
82,1,1,-4.69598e-24
83,1,1,3.27002e-23
84,1,1,-2.20052e-22
85,1,1,-5.80972e-23
86,1,1,1.17973e-22
87,1,1,-2.2909e-22
88,1,1,-1.57274e-22
89,1,1,1.98784e-22
90,1,1,-3.38684e-22
91,1,1,-1.79777e-23
92,1,1,-2.75598e-22
93,1,1,4.48736e-22
94,1,1,-4.6273e-22
95,1,1,-5.87006e-23
96,1,1,-1.55438e-22
97,1,1,2.2201e-22
98,1,1,2.40205e-22
99,1,1,-8.48113e-23
100,1,1,-2.04338e-22
101,1,1,-4.45253e-22
102,1,1,1.68088e-22
103,1,1,5.25411e-22
104,1,1,6.95056e-22
105,1,1,-1.13856e-22
106,1,1,4.57402e-22
107,1,1,9.26071e-23
108,1,1,-2.46759e-23
109,1,1,4.25479e-23
110,1,1,1.50741e-22
111,1,1,-1.06592e-21
112,1,1,-9.31235e-23
113,1,1,4.03226e-22
114,1,1,1.08255e-23
115,1,1,-2.54038e-23
116,1,1,-1.01369e-22
117,1,1,-4.10066e-22
118,1,1,-5.62326e-23
119,1,1,5.82363e-24
120,1,1,-2.29589e-22
121,1,1,-2.0237e-22
122,1,1,-4.90092e-22
123,1,1,-1.88108e-22
124,1,1,-4.11234e-22
125,1,1,-1.56187e-23
126,1,1,6.95787e-22
127,1,1,3.16539e-22
128,1,1,-3.4384e-22
129,1,1,1.40516e-22
130,1,1,2.37768e-22
131,1,1,-8.72829e-22
132,1,1,6.32072e-23
133,1,1,-2.66303e-22
134,1,1,1.93522e-22
135,1,1,-3.00038e-22
136,1,1,-3.60126e-22
137,1,1,1.12952e-22
138,1,1,-1.05776e-23
139,1,1,-1.12054e-22
140,1,1,4.10175e-23
141,1,1,-1.30111e-22
142,1,1,4.92409e-24
143,1,1,-5.94949e-23
144,1,1,-1.30363e-22
145,1,1,-2.47479e-23
146,1,1,-8.54161e-23
147,1,1,-3.38063e-22
148,1,1,-9.50059e-22
149,1,1,1.33378e-22
150,1,1,-9.29599e-22
151,1,1,-2.7684e-23
152,1,1,-1.00721e-21
153,1,1,-6.70664e-23
154,1,1,-3.37549e-22
155,1,1,7.17375e-22
156,1,1,-1.9973e-22
157,1,1,-9.19758e-23
158,1,1,-3.81131e-22
159,1,1,8.36421e-23
160,1,1,-1.67764e-22
161,1,1,-7.58732e-23
162,1,1,-4.51273e-22
163,1,1,6.69709e-23
164,1,1,-3.50537e-22
165,1,1,3.72858e-22
166,1,1,-5.2055e-22
167,1,1,5.34182e-22
168,1,1,-3.13407e-23
169,1,1,7.66547e-23
170,1,1,2.96558e-22
171,1,1,-3.483e-22
172,1,1,3.30191e-22
173,1,1,-5.29794e-22
174,1,1,4.47694e-23
175,1,1,-3.96515e-23
176,1,1,-3.53666e-22
177,1,1,-4.87166e-23
178,1,1,-9.40812e-22
179,1,1,-4.17646e-22
180,1,1,-1.54163e-22
181,1,1,4.38085e-23
182,1,1,1.30024e-22
183,1,1,-4.06321e-22
184,1,1,-1.40548e-22
185,1,1,-2.81513e-22
186,1,1,-1.19181e-22
187,1,1,-2.74495e-22
188,1,1,1.51929e-22
189,1,1,-1.99633e-22
190,1,1,2.83873e-23
191,1,1,1.60177e-22
192,1,1,1.85784e-22
193,1,1,7.08331e-22
194,1,1,1.71151e-22
195,1,1,-3.57305e-23
196,1,1,9.85913e-23
197,1,1,-2.82756e-22
198,1,1,3.29816e-22
199,1,1,1.4674e-21
200,1,1,-3.17362e-22
201,1,1,2.21619e-22
202,1,1,-3.78088e-22
203,1,1,9.10665e-23
204,1,1,1.18665e-22
205,1,1,8.74848e-22
206,1,1,-6.95965e-22
207,1,1,-1.04486e-22
208,1,1,-1.21721e-22
209,1,1,4.18438e-22
210,1,1,-5.78637e-24
211,1,1,-1.6831e-22
212,1,1,2.41721e-22
213,1,1,-5.25989e-22
214,1,1,-5.25989e-22
215,1,1,-2.70463e-23
216,1,1,2.22506e-22
217,1,1,1.83496e-23
218,1,1,8.09891e-23
219,1,1,-5.86249e-23
220,1,1,-1.80567e-22
221,1,1,4.42868e-22
222,1,1,1.72653e-21
223,1,1,-2.52468e-21
224,1,1,-2.30529e-22
225,1,1,-6.94911e-23
226,1,1,-1.37655e-22
227,1,1,8.70366e-22
228,1,1,-1.49441e-23
229,1,1,1.62217e-22
230,1,1,-7.19463e-22
231,1,1,5.11012e-24
232,1,1,-1.6234e-22
233,1,1,-2.84354e-22
234,1,1,1.53489e-22
235,1,1,2.87633e-22
236,1,1,6.64225e-23
237,1,1,-4.3677e-23
238,1,1,-3.20264e-22
239,1,1,1.96427e-22
240,1,1,8.74069e-22
241,1,1,-4.72571e-22
242,1,1,7.55305e-23
243,1,1,-3.59267e-23
244,1,1,3.67558e-22
245,1,1,3.86557e-22
246,1,1,4.68922e-22
247,1,1,1.18777e-22
248,1,1,-2.37746e-22
249,1,1,-3.18328e-24
250,1,1,8.96271e-23
251,1,1,5.5473e-22
252,1,1,-1.12705e-22
253,1,1,2.25329e-22
254,1,1,6.45045e-22
255,1,1,3.15159e-22
256,1,1,-4.13477e-23
257,1,1,-1.81405e-22
258,1,1,-6.17637e-22
259,1,1,1.06022e-22
260,1,1,4.99041e-22
261,1,1,-6.97293e-22
262,1,1,7.09763e-22
263,1,1,-4.94539e-22
264,1,1,-1.96374e-22
265,1,1,2.15675e-21
266,1,1,-1.50323e-22
267,1,1,-6.72422e-23
268,1,1,-1.7789e-22
269,1,1,-2.70216e-22
270,1,1,8.85158e-22
271,1,1,-3.33331e-22
272,1,1,-1.78412e-23
273,1,1,2.54311e-22
274,1,1,2.14839e-21
275,1,1,-4.13147e-22
276,1,1,3.10132e-22
277,1,1,3.55998e-22
278,1,1,-5.91909e-22
279,1,1,2.34551e-22
280,1,1,1.53092e-22
281,1,1,-5.29064e-23
282,1,1,-6.13824e-23
283,1,1,-4.39401e-23
284,1,1,9.27315e-23
285,1,1,5.94867e-22
286,1,1,-1.45561e-22
287,1,1,2.97605e-22
288,1,1,3.29328e-21
289,1,1,2.92222e-23
290,1,1,-3.45206e-22
291,1,1,-1.66153e-22
292,1,1,-1.82301e-22
293,1,1,-7.06428e-22
294,1,1,6.23093e-22
295,1,1,-3.46722e-22
296,1,1,-3.03215e-22
297,1,1,7.24156e-23
298,1,1,5.26896e-22
299,1,1,5.26896e-22
300,1,1,-5.33226e-22
301,1,1,2.2115e-22
302,1,1,7.99396e-24
303,1,1,-5.30348e-23
304,1,1,1.20871e-22
305,1,1,2.44588e-22
306,1,1,8.31233e-22
307,1,1,8.24877e-23
308,1,1,1.63937e-22
309,1,1,2.09531e-21
310,1,1,-2.06053e-22
311,1,1,-2.62707e-22
312,1,1,3.50306e-23
313,1,1,-3.87818e-22
314,1,1,-1.58243e-22
315,1,1,-1.58243e-22
316,1,1,4.99974e-22
317,1,1,4.11036e-22
318,1,1,-1.76191e-22
319,1,1,-5.03983e-22
320,1,1,2.81266e-22
321,1,1,2.38629e-22
322,1,1,-2.82889e-22
323,1,1,4.14495e-23
324,1,1,-8.18298e-22
325,1,1,3.79857e-22
326,1,1,-6.24676e-22
327,1,1,7.46632e-24
328,1,1,-3.59337e-22
329,1,1,8.43976e-23
330,1,1,-1.52298e-21
331,1,1,5.30456e-22
332,1,1,1.16841e-24
333,1,1,-1.78356e-21
334,1,1,1.05841e-21
335,1,1,1.8673e-22
336,1,1,8.53345e-23
337,1,1,-1.30764e-22
338,1,1,3.51715e-22
339,1,1,-2.66157e-23
340,1,1,7.94358e-23
341,1,1,6.52321e-25
342,1,1,3.75663e-22
343,1,1,3.75663e-22
344,1,1,-2.02575e-22
345,1,1,6.68359e-22
346,1,1,-4.38844e-23
347,1,1,-2.83261e-22
348,1,1,-8.30745e-23
349,1,1,-7.42143e-23
350,1,1,-1.87218e-22
351,1,1,-4.99353e-22
352,1,1,-3.45948e-22
353,1,1,-3.45948e-22
354,1,1,1.86298e-22
355,1,1,-1.96442e-22
356,1,1,-1.74898e-22
357,1,1,-3.78463e-22
358,1,1,-1.98593e-22
359,1,1,7.86089e-23
360,1,1,-6.42007e-22
361,1,1,3.10925e-22
362,1,1,-9.75462e-25
363,1,1,3.51976e-22
364,1,1,-1.72493e-22
365,1,1,-1.72493e-22
366,1,1,-6.51271e-23
367,1,1,2.64614e-22
368,1,1,-8.98795e-23
369,1,1,-6.41023e-23
370,1,1,1.1945e-22
371,1,1,4.00589e-22
372,1,1,3.83508e-22
373,1,1,-2.77286e-22
374,1,1,1.46514e-22
375,1,1,3.74686e-23
376,1,1,-7.1958e-23
377,1,1,8.95905e-23
378,1,1,-3.41001e-22
379,1,1,2.17428e-22
380,1,1,1.47785e-24
381,1,1,3.60921e-22
382,1,1,-3.65125e-23
383,1,1,2.56505e-23
384,1,1,-5.1832e-22
385,1,1,-5.27264e-22
386,1,1,-4.89352e-22
387,1,1,8.87367e-22
388,1,1,5.57183e-22
389,1,1,-8.6755e-24
390,1,1,-5.08699e-22
391,1,1,6.68168e-22
392,1,1,5.38286e-22
393,1,1,-1.03642e-22
394,1,1,4.14428e-23
395,1,1,-3.45728e-23
396,1,1,-1.33523e-22
397,1,1,-2.63245e-21
398,1,1,1.64447e-22
399,1,1,8.77923e-23
400,1,1,1.46161e-22
401,1,1,-4.38163e-22
402,1,1,1.68582e-22
403,1,1,1.71181e-22
404,1,1,1.0828e-22
405,1,1,8.76182e-23
406,1,1,7.85493e-22
407,1,1,-1.80387e-22
408,1,1,-1.80387e-22
409,1,1,-4.74791e-23
410,1,1,1.84798e-22
411,1,1,-4.23727e-22
412,1,1,-2.42186e-22
413,1,1,-1.89783e-21
414,1,1,6.90744e-22
415,1,1,-4.12662e-24
416,1,1,2.10222e-22
417,1,1,-5.50121e-23
418,1,1,-6.88719e-23
419,1,1,-2.15443e-23
420,1,1,-3.59132e-22
421,1,1,-9.45544e-23
422,1,1,-5.84023e-22
423,1,1,1.37699e-22
424,1,1,7.22421e-22
425,1,1,-1.60739e-22
426,1,1,9.80088e-23
427,1,1,9.80088e-23
428,1,1,-1.53076e-21
429,1,1,-1.91588e-22
430,1,1,1.00804e-22
431,1,1,-1.30763e-22
432,1,1,-4.52959e-23
433,1,1,-3.15159e-22
434,1,1,-1.48992e-21
435,1,1,-2.20097e-22
436,1,1,-1.90804e-22
437,1,1,-1.23406e-23
438,1,1,-1.16526e-22
439,1,1,-1.42487e-22
440,1,1,3.73518e-22
441,1,1,3.4788e-23
442,1,1,-4.62797e-22
443,1,1,1.7225e-22
444,1,1,-9.61625e-23
445,1,1,8.49069e-23
446,1,1,1.0764e-22
447,1,1,5.14515e-23
448,1,1,-4.54225e-22
449,1,1,1.22034e-22
450,1,1,-2.59874e-22
451,1,1,8.2563e-23
452,1,1,1.28753e-23
453,1,1,1.11514e-22
454,1,1,-1.60219e-22
455,1,1,2.20295e-22
456,1,1,3.05257e-22
457,1,1,-8.7935e-23
458,1,1,-1.07338e-22
459,1,1,-7.96659e-23
460,1,1,-4.35902e-22
461,1,1,-1.13811e-22
462,1,1,-1.05785e-22
463,1,1,-5.43028e-22
464,1,1,4.85153e-22
465,1,1,4.85153e-22
466,1,1,-8.50037e-23
467,1,1,-7.71975e-23
468,1,1,3.48632e-22
469,1,1,4.72508e-22
470,1,1,4.72508e-22
471,1,1,-8.08315e-23
472,1,1,-4.49253e-22
473,1,1,-1.95217e-22
474,1,1,2.91515e-22
475,1,1,-8.44263e-22
476,1,1,1.87886e-23
477,1,1,3.49755e-22
478,1,1,-3.55411e-23
479,1,1,5.79074e-22
480,1,1,4.9007e-23
481,1,1,9.28359e-23
482,1,1,-4.73731e-22
483,1,1,-5.17529e-22
484,1,1,-2.489e-22
485,1,1,-7.71139e-23
486,1,1,-5.32262e-22
487,1,1,8.36166e-23
488,1,1,2.8816e-22
489,1,1,-3.91016e-22
490,1,1,-2.29149e-22
491,1,1,-1.72443e-23
492,1,1,2.43417e-22
493,1,1,2.0328e-23
494,1,1,-5.84651e-22
495,1,1,1.21306e-22
496,1,1,-7.05329e-23
497,1,1,-1.19385e-22
498,1,1,-1.65005e-22
499,1,1,7.73539e-23
500,1,1,-1.92782e-22
501,1,1,-5.43538e-23
502,1,1,-4.4169e-23
503,1,1,-1.69049e-22
504,1,1,1.49615e-21
505,1,1,-3.97855e-22
506,1,1,-2.11869e-22
507,1,1,-4.21725e-23
508,1,1,1.87947e-23
509,1,1,1.87947e-23
510,1,1,7.37626e-22
511,1,1,-1.10175e-22
512,1,1,6.26609e-23
513,1,1,1.16929e-21
514,1,1,-6.47789e-22
515,1,1,5.50997e-22
516,1,1,-5.41946e-22
517,1,1,-2.02127e-22
518,1,1,-3.04025e-22
519,1,1,-1.30636e-22
520,1,1,1.45696e-22
521,1,1,5.6594e-23
522,1,1,-1.49443e-22
523,1,1,3.60272e-24
524,1,1,-1.62907e-21
525,1,1,-8.4419e-23
526,1,1,-1.96122e-22
527,1,1,-7.23395e-23
528,1,1,7.16365e-23
529,1,1,2.40959e-22
530,1,1,2.92375e-22
531,1,1,-5.41937e-23
532,1,1,-1.88215e-22
533,1,1,3.00001e-22
534,1,1,4.0812e-22
535,1,1,1.12342e-22
536,1,1,6.78157e-23
537,1,1,-3.64723e-22
538,1,1,-1.24741e-22
539,1,1,-5.53223e-23
540,1,1,2.12339e-23
541,1,1,-6.45654e-22
542,1,1,-3.25285e-23
543,1,1,1.18147e-22
544,1,1,1.18147e-22
545,1,1,-3.22057e-22
546,1,1,3.22691e-22
547,1,1,-4.86173e-22
548,1,1,-7.51462e-22
549,1,1,5.04972e-22
550,1,1,1.40832e-22
551,1,1,2.22697e-22
552,1,1,1.33666e-21
553,1,1,-8.10761e-22
554,1,1,-1.26216e-22
555,1,1,3.83493e-22
556,1,1,-4.49567e-22
557,1,1,2.35104e-22
558,1,1,1.73962e-21
559,1,1,8.58348e-23
560,1,1,2.96058e-23
561,1,1,-1.81299e-22
562,1,1,-1.04705e-21
563,1,1,-1.68046e-22
564,1,1,-2.93947e-23
565,1,1,-2.93947e-23
566,1,1,1.20034e-22
567,1,1,-3.07325e-22
568,1,1,-4.90479e-22
569,1,1,-9.73086e-23
570,1,1,8.4095e-22
571,1,1,3.01772e-22
572,1,1,3.59868e-23
573,1,1,-3.88888e-23
574,1,1,-7.47163e-22
575,1,1,-1.67976e-22
576,1,1,-1.67976e-22
577,1,1,1.90464e-22
578,1,1,-2.76379e-22
579,1,1,-1.65877e-22
580,1,1,5.05054e-23
581,1,1,5.05054e-23
582,1,1,-1.47415e-22
583,1,1,-1.42935e-22
584,1,1,1.51098e-22
585,1,1,6.04088e-22
586,1,1,-4.60107e-23
587,1,1,-4.4703e-22
588,1,1,-4.4703e-22
589,1,1,-4.54092e-22
590,1,1,1.82288e-22
591,1,1,-7.99688e-22
592,1,1,5.07034e-22
593,1,1,7.13883e-24
594,1,1,1.19213e-22
595,1,1,1.76608e-21
596,1,1,4.08991e-22
597,1,1,1.04595e-22
598,1,1,2.27054e-22
599,1,1,5.26528e-22
600,1,1,-2.41677e-23
601,1,1,3.64794e-22
602,1,1,1.35427e-22
603,1,1,9.51308e-22
604,1,1,-2.63368e-22
605,1,1,4.94087e-23
606,1,1,-1.10903e-22
607,1,1,5.08355e-22
608,1,1,1.59357e-22
609,1,1,-2.49138e-22
610,1,1,-2.38898e-23
611,1,1,-7.13142e-22
612,1,1,-1.26707e-21
613,1,1,2.80387e-22
614,1,1,3.3236e-24
615,1,1,-2.35786e-22
616,1,1,6.70152e-22
617,1,1,-2.66228e-22
618,1,1,-3.76782e-22
619,1,1,3.34092e-23
620,1,1,9.16808e-23
621,1,1,8.68789e-23
622,1,1,1.16517e-22
623,1,1,3.49946e-22
624,1,1,-3.80196e-22
625,1,1,-5.06584e-23
626,1,1,-2.81541e-23
627,1,1,-5.70463e-22
628,1,1,4.5237e-22
629,1,1,-2.32817e-22
630,1,1,-8.99356e-23
631,1,1,4.70949e-22
632,1,1,4.14051e-23
633,1,1,-3.37222e-22
634,1,1,-5.20808e-23
635,1,1,-1.44822e-22
636,1,1,-1.37549e-21
637,1,1,-6.74553e-23
638,1,1,-2.4176e-22
639,1,1,1.26686e-22
640,1,1,2.93413e-22
641,1,1,3.92863e-22
642,1,1,7.79567e-22
643,1,1,-2.62731e-22
644,1,1,-5.45962e-23
645,1,1,2.01582e-22
646,1,1,-4.9942e-22
647,1,1,1.51449e-22
648,1,1,-3.6429e-22
649,1,1,-2.87088e-22
650,1,1,3.69972e-23
651,1,1,1.23957e-23
652,1,1,-4.21545e-22
653,1,1,-1.1629e-21
654,1,1,3.06141e-22
655,1,1,-9.28273e-22
656,1,1,-6.55502e-23
657,1,1,1.69719e-22
658,1,1,-1.62185e-22
659,1,1,-3.44164e-22
660,1,1,-1.78859e-22
661,1,1,-4.10755e-22
662,1,1,-8.19711e-23
663,1,1,-5.13302e-23
664,1,1,1.48075e-22
665,1,1,-4.51616e-22
666,1,1,3.897e-23
667,1,1,2.37067e-23
668,1,1,-3.7878e-22
669,1,1,2.17321e-22
670,1,1,2.35349e-22
671,1,1,-9.39178e-23
672,1,1,1.60336e-22
673,1,1,-9.39145e-23
674,1,1,-9.0921e-22
675,1,1,1.87393e-22
676,1,1,4.39657e-23
677,1,1,-4.4507e-23
678,1,1,3.85795e-23
679,1,1,-1.24796e-22
680,1,1,-1.24796e-22
681,1,1,-1.45241e-22
682,1,1,-2.49448e-22
683,1,1,-2.49448e-22
684,1,1,-2.49448e-22
685,1,1,2.91821e-22
686,1,1,-3.30882e-22
687,1,1,-7.44758e-22
688,1,1,1.12485e-22
689,1,1,-2.33748e-22
690,1,1,3.90847e-22
691,1,1,2.4833e-23
692,1,1,-1.51325e-22
693,1,1,-3.32211e-22
694,1,1,2.43129e-22
695,1,1,-4.62999e-22
696,1,1,-3.8063e-22
697,1,1,-3.00755e-22
698,1,1,1.99479e-22
699,1,1,1.99479e-22
700,1,1,-2.18364e-23
701,1,1,-2.18364e-23
702,1,1,-1.46183e-22
703,1,1,1.35782e-21
704,1,1,1.83501e-22
705,1,1,2.29653e-22
706,1,1,2.66818e-22
707,1,1,-2.95095e-23
708,1,1,5.43091e-22
709,1,1,-1.42005e-22
710,1,1,-6.34365e-24
711,1,1,6.87272e-23
712,1,1,1.67739e-22
713,1,1,7.91436e-22
714,1,1,4.06157e-22
715,1,1,4.06157e-22
716,1,1,2.68449e-23
717,1,1,-3.19437e-22
718,1,1,1.09453e-21
719,1,1,-2.15945e-22
720,1,1,-9.15146e-23
721,1,1,-1.78153e-22
722,1,1,-3.67795e-22
723,1,1,2.5947e-22
724,1,1,4.89632e-22
725,1,1,-3.70341e-22
726,1,1,-2.43671e-22
727,1,1,4.1652e-24
728,1,1,1.61664e-22
729,1,1,1.04393e-22
730,1,1,-1.53464e-23
731,1,1,-1.53464e-23
732,1,1,-2.9763e-23
733,1,1,-1.6624e-22
734,1,1,2.39964e-22
735,1,1,-3.61547e-23
736,1,1,6.89293e-22
737,1,1,1.37246e-22
738,1,1,3.90002e-23
739,1,1,-2.18682e-22
740,1,1,-1.44789e-22
741,1,1,3.30787e-22
742,1,1,-4.6113e-25
743,1,1,2.08773e-22
744,1,1,1.19536e-23
745,1,1,-1.2822e-22
746,1,1,-4.86026e-22
747,1,1,-6.23559e-24
748,1,1,-4.57276e-23
749,1,1,-1.59822e-22
750,1,1,6.69136e-22
751,1,1,6.69136e-22
752,1,1,-2.51919e-22
753,1,1,-8.74454e-23
754,1,1,1.30188e-22
755,1,1,8.20679e-23
756,1,1,8.40659e-24
757,1,1,-1.66778e-22
758,1,1,-3.7721e-22
759,1,1,-5.22771e-23
760,1,1,-8.53504e-22
761,1,1,1.46313e-22
762,1,1,1.9788e-22
763,1,1,4.3859e-23
764,1,1,-2.35037e-22
765,1,1,-7.26037e-23
766,1,1,-7.74216e-23
767,1,1,4.06493e-22
768,1,1,-1.70285e-22
769,1,1,1.32059e-22
770,1,1,-2.63095e-22
771,1,1,3.85209e-22
772,1,1,2.87255e-22
773,1,1,-7.39418e-23
774,1,1,8.62513e-22
775,1,1,-2.84143e-23
776,1,1,-6.86604e-23
777,1,1,1.28898e-22
778,1,1,2.71354e-22
779,1,1,-3.71477e-21
780,1,1,2.28772e-23
781,1,1,-1.25961e-22
782,1,1,7.3239e-22
783,1,1,-2.91375e-22
784,1,1,8.27571e-22
785,1,1,4.77201e-23
786,1,1,4.52134e-22
787,1,1,6.55179e-22
788,1,1,1.72217e-22
789,1,1,-9.29553e-23
790,1,1,1.08809e-22
791,1,1,-4.63617e-23
792,1,1,1.0938e-22
793,1,1,7.09375e-23
794,1,1,1.44357e-22
795,1,1,-1.57377e-22
796,1,1,5.29269e-22
797,1,1,-3.33724e-22
798,1,1,-4.20706e-22
799,1,1,9.16017e-23
800,1,1,-2.19607e-21
801,1,1,-1.53712e-21
802,1,1,-7.85745e-23
803,1,1,4.61401e-22
804,1,1,2.93189e-23
805,1,1,-3.1342e-22
806,1,1,-1.29649e-23
807,1,1,-2.11807e-22
808,1,1,3.01601e-23
809,1,1,-4.45611e-22
810,1,1,9.61603e-22
811,1,1,-4.98458e-22
812,1,1,7.48445e-22
813,1,1,-4.74346e-23
814,1,1,-4.74346e-23
815,1,1,-9.13271e-23
816,1,1,4.1631e-22
817,1,1,6.88585e-22
818,1,1,1.66124e-22
819,1,1,-7.48635e-23
820,1,1,-1.24149e-22
821,1,1,-2.23094e-22
822,1,1,7.92483e-22
823,1,1,3.53631e-22
824,1,1,2.20655e-22
825,1,1,-9.61709e-24
826,1,1,-2.97606e-22
827,1,1,3.66039e-23
828,1,1,-8.95916e-23
829,1,1,8.24132e-22
830,1,1,-8.69647e-23
831,1,1,-1.39336e-22
832,1,1,-5.03988e-22
833,1,1,-1.25931e-23
834,1,1,-3.82421e-22
835,1,1,2.86787e-22
836,1,1,-2.49608e-22
837,1,1,-8.24309e-23
838,1,1,-9.16579e-22
839,1,1,1.30642e-22
840,1,1,4.20906e-22
841,1,1,3.10019e-22
842,1,1,2.47833e-22
843,1,1,-4.86413e-22
844,1,1,1.11052e-21
845,1,1,1.33658e-22
846,1,1,-3.82132e-22
847,1,1,-6.70982e-23
848,1,1,2.75329e-22
849,1,1,-1.69289e-22
850,1,1,-2.45135e-22
851,1,1,1.24098e-22
852,1,1,2.86224e-24
853,1,1,-1.05963e-22
854,1,1,-5.31045e-22
855,1,1,-2.67559e-22
856,1,1,-2.37055e-22
857,1,1,-9.56844e-23
858,1,1,-3.00162e-22
859,1,1,4.45261e-23
860,1,1,-2.48876e-22
861,1,1,4.08628e-22
862,1,1,4.08628e-22
863,1,1,4.08628e-22
864,1,1,-5.30029e-22
865,1,1,-1.34409e-22
866,1,1,-2.98368e-22
867,1,1,1.56523e-22
868,1,1,-7.23053e-22
869,1,1,4.59581e-22
870,1,1,-8.89397e-23
871,1,1,1.61365e-23
872,1,1,1.50926e-23
873,1,1,6.65626e-23
874,1,1,-2.09721e-22
875,1,1,4.88139e-23
876,1,1,3.61486e-22
877,1,1,-3.05334e-22
878,1,1,2.79964e-22
879,1,1,4.48719e-23
880,1,1,-6.30002e-23
881,1,1,-7.86298e-22
882,1,1,8.97899e-23
883,1,1,-1.91305e-22
884,1,1,1.33365e-22
885,1,1,1.89399e-22
886,1,1,8.23654e-23
887,1,1,-6.41738e-22
888,1,1,3.0781e-22
889,1,1,-1.36137e-22
890,1,1,-8.13336e-23
891,1,1,-1.5844e-22
892,1,1,-4.66185e-22
893,1,1,-3.2263e-22
894,1,1,-9.7446e-22
895,1,1,-3.72171e-22
896,1,1,1.63991e-22
897,1,1,7.32713e-24
898,1,1,2.22966e-22
899,1,1,-3.79595e-22
900,1,1,-2.02993e-22
901,1,1,-7.27096e-23
902,1,1,4.03153e-22
903,1,1,6.35841e-23
904,1,1,-4.27914e-23
905,1,1,1.27985e-22
906,1,1,-1.01526e-22
907,1,1,4.23864e-22
908,1,1,-5.01917e-22
909,1,1,5.66219e-22
910,1,1,-1.22876e-21
911,1,1,2.42038e-22
912,1,1,2.17038e-21
913,1,1,2.75599e-23
914,1,1,9.29784e-23
915,1,1,9.29784e-23
916,1,1,-4.01441e-22
917,1,1,-4.31817e-22
918,1,1,-1.10107e-22
919,1,1,1.45447e-22
920,1,1,-2.50011e-22
921,1,1,4.14924e-23
922,1,1,-1.67355e-22
923,1,1,-8.98937e-23
924,1,1,1.644e-22
925,1,1,1.83615e-22
926,1,1,5.72301e-22
927,1,1,2.9352e-22
928,1,1,-1.34504e-22
929,1,1,-4.40483e-22
930,1,1,-1.29627e-22
931,1,1,1.57379e-22
932,1,1,-7.89204e-23
933,1,1,-2.23805e-22
934,1,1,5.31884e-22
935,1,1,6.12307e-22
936,1,1,-1.44068e-21
937,1,1,-3.24839e-24
938,1,1,1.64861e-22
939,1,1,-5.43626e-23
940,1,1,-2.5156e-23
941,1,1,-2.09635e-24
942,1,1,-7.56334e-23
943,1,1,-1.28181e-23
944,1,1,-2.76098e-22
945,1,1,-1.99153e-22
946,1,1,2.23832e-22
947,1,1,-1.96504e-22
948,1,1,-8.24892e-23
949,1,1,2.03237e-22
950,1,1,-4.58942e-22
951,1,1,-8.6468e-23
952,1,1,-4.10581e-23
953,1,1,3.89211e-23
954,1,1,3.79139e-23
955,1,1,3.01487e-22
956,1,1,-2.89628e-22
957,1,1,-1.98611e-23
958,1,1,-1.77047e-22
959,1,1,-8.55755e-23
960,1,1,4.49608e-23
961,1,1,2.79476e-21
962,1,1,2.49462e-22
963,1,1,2.49462e-22
964,1,1,2.44818e-22
965,1,1,2.13774e-22
966,1,1,7.7414e-22
967,1,1,2.74921e-22
968,1,1,1.58711e-22
969,1,1,-1.4215e-22
970,1,1,-2.29499e-22
971,1,1,1.58405e-22
972,1,1,-2.44344e-22
973,1,1,5.20547e-23
974,1,1,6.9729e-23
975,1,1,1.32291e-22
976,1,1,1.83433e-22
977,1,1,1.42393e-22
978,1,1,-3.92822e-22
979,1,1,3.46833e-23
980,1,1,-1.06548e-22
981,1,1,8.74511e-23
982,1,1,-8.2301e-22
983,1,1,6.29378e-22
984,1,1,1.13578e-22
985,1,1,3.16267e-22
986,1,1,7.72433e-24
987,1,1,2.03955e-22
988,1,1,3.79695e-22
989,1,1,1.43894e-22
990,1,1,1.22722e-23
991,1,1,1.40174e-22
992,1,1,-5.62634e-22
993,1,1,1.49197e-22
994,1,1,1.24032e-22
995,1,1,-2.94054e-22
996,1,1,-4.36381e-23
997,1,1,-2.45246e-22
998,1,1,3.98207e-22
999,1,1,1.7204e-23
1000,1,1,8.97699e-22
1001,1,1,7.19367e-23
1002,1,1,4.25141e-22
1003,1,1,3.03798e-22
1004,1,1,3.63597e-22
1005,1,1,1.78885e-22
1006,1,1,-5.98767e-22
1007,1,1,2.5202e-22
1008,1,1,1.52371e-22
1009,1,1,-2.78087e-22
1010,1,1,1.48195e-22
1011,1,1,-8.03696e-23
1012,1,1,-2.05632e-22
1013,1,1,1.10367e-21
1014,1,1,1.6984e-22
1015,1,1,2.10088e-21
1016,1,1,-8.00708e-21
1017,1,1,-1.81574e-22
1018,1,1,-7.60737e-22
1019,1,1,1.59649e-22
1020,1,1,1.17126e-23
1021,1,1,7.35067e-23
1022,1,1,8.71146e-22
1023,1,1,1.15317e-22
1024,1,1,3.38643e-22
1025,1,1,8.43993e-23
1026,1,1,-9.72463e-22
1027,1,1,4.09938e-22
1028,1,1,1.73761e-22
1029,1,1,1.78889e-22
1030,1,1,1.06735e-22
1031,1,1,1.4444e-22
1032,1,1,2.49342e-22
1033,1,1,2.49342e-22
1034,1,1,-3.54634e-22
1035,1,1,-2.20415e-22
1036,1,1,2.56655e-22
1037,1,1,2.56655e-22
1038,1,1,2.34972e-22
1039,1,1,-6.90772e-23
1040,1,1,-9.85105e-22
1041,1,1,-5.79104e-22
1042,1,1,-8.13871e-23
1043,1,1,-1.51889e-22
1044,1,1,-1.24549e-21
1045,1,1,3.6692e-22
1046,1,1,-4.48042e-22
1047,1,1,-8.62431e-22
1048,1,1,4.04817e-22
1049,1,1,8.58506e-22
1050,1,1,4.03418e-22
1051,1,1,-4.3459e-22
1052,1,1,-2.15081e-22
1053,1,1,-1.25187e-22
1054,1,1,-3.41323e-22
1055,1,1,-2.50084e-22
1056,1,1,-3.51851e-22
1057,1,1,1.62932e-22
1058,1,1,1.31916e-22
1059,1,1,-3.49336e-22
1060,1,1,-5.76396e-22
1061,1,1,-3.20131e-23
1062,1,1,-1.47939e-21
1063,1,1,9.29423e-23
1064,1,1,-3.56626e-22
1065,1,1,-1.1275e-22
1066,1,1,-1.1275e-22
1067,1,1,-3.0478e-21
1068,1,1,-6.3092e-22
1069,1,1,3.24944e-22
1070,1,1,2.31142e-22
1071,1,1,-2.54957e-22
1072,1,1,-6.28939e-23
1073,1,1,-5.92365e-23
1074,1,1,-8.32886e-22
1075,1,1,9.05325e-24
1076,1,1,3.21264e-23
1077,1,1,-1.49309e-22
1078,1,1,-1.546e-22
1079,1,1,-3.40098e-22
1080,1,1,-1.52432e-22
1081,1,1,-4.32496e-22
1082,1,1,-3.47388e-22
1083,1,1,1.51492e-23
1084,1,1,1.6087e-22
1085,1,1,-1.40836e-23
1086,1,1,1.31031e-22
1087,1,1,7.21645e-23
1088,1,1,-3.40672e-23
1089,1,1,2.31627e-22
1090,1,1,-1.28128e-22
1091,1,1,2.10003e-22
1092,1,1,-2.89738e-22
1093,1,1,-1.14216e-22
1094,1,1,1.19294e-22
1095,1,1,1.19294e-22
1096,1,1,9.4655e-23
1097,1,1,7.56711e-23
1098,1,1,-5.13791e-23
1099,1,1,-2.96807e-22
1100,1,1,-3.21068e-23
1101,1,1,-3.21068e-23
1102,1,1,6.19808e-22
1103,1,1,2.29022e-22
1104,1,1,-2.29065e-22
1105,1,1,-3.36935e-22
1106,1,1,2.56968e-22
1107,1,1,1.38291e-22
1108,1,1,7.43179e-23
1109,1,1,-5.47804e-23
1110,1,1,3.29024e-22
1111,1,1,-2.80699e-22
1112,1,1,2.60121e-22
1113,1,1,8.35742e-23
1114,1,1,-1.28464e-21
1115,1,1,-5.04834e-23
1116,1,1,-1.8362e-22
1117,1,1,-1.95856e-21
1118,1,1,-1.91973e-22
1119,1,1,-7.55093e-23
1120,1,1,1.52563e-22
1121,1,1,1.65721e-22
1122,1,1,1.65721e-22
1123,1,1,3.82581e-23
1124,1,1,-2.55003e-23
1125,1,1,4.78151e-22
1126,1,1,4.64272e-22
1127,1,1,5.83817e-22
1128,1,1,-6.07857e-23
1129,1,1,5.66586e-23
1130,1,1,-2.92404e-22
1131,1,1,3.62137e-22
1132,1,1,3.1627e-22
1133,1,1,-1.25281e-22
1134,1,1,-3.75676e-22
1135,1,1,4.05361e-22
1136,1,1,-5.27539e-22
1137,1,1,3.33639e-22
1138,1,1,-7.24279e-23
1139,1,1,2.94803e-22
1140,1,1,-1.54838e-22
1141,1,1,-1.72302e-22
1142,1,1,1.94277e-22
1143,1,1,-3.9195e-22
1144,1,1,4.27059e-23
1145,1,1,5.32519e-22
1146,1,1,4.67634e-22
1147,1,1,1.62355e-22
1148,1,1,3.26157e-22
1149,1,1,1.1102e-22
1150,1,1,5.27039e-22
1151,1,1,-2.70258e-22
1152,1,1,-1.18287e-22
1153,1,1,-4.8499e-23
1154,1,1,-3.79673e-22
1155,1,1,5.45235e-22
1156,1,1,1.08606e-22
1157,1,1,2.44301e-22
1158,1,1,-2.98536e-22
1159,1,1,-8.00002e-23
1160,1,1,7.94135e-23
1161,1,1,1.99017e-22
1162,1,1,-2.87765e-23
1163,1,1,-1.07413e-22
1164,1,1,-2.58247e-22
1165,1,1,-3.92195e-22
1166,1,1,1.26272e-21
1167,1,1,9.22272e-23
1168,1,1,1.19723e-23
1169,1,1,-1.1767e-22
1170,1,1,-2.36684e-22
1171,1,1,-2.48067e-22
1172,1,1,8.81727e-24
1173,1,1,-7.75619e-22
1174,1,1,1.78544e-22
1175,1,1,3.33518e-22
1176,1,1,4.4922e-23
1177,1,1,7.21906e-22
1178,1,1,1.32752e-22
1179,1,1,1.8331e-22
1180,1,1,-1.76232e-22
1181,1,1,-1.14617e-22
1182,1,1,8.68377e-23
1183,1,1,-6.58192e-23
1184,1,1,2.71614e-23
1185,1,1,4.5773e-23
1186,1,1,-8.69387e-23
1187,1,1,-5.82238e-22
1188,1,1,1.52077e-22
1189,1,1,-1.05866e-21
1190,1,1,-2.50153e-22
1191,1,1,-1.81551e-22
1192,1,1,-5.65436e-23
1193,1,1,2.82968e-22
1194,1,1,4.30884e-22
1195,1,1,-2.05047e-22
1196,1,1,3.5248e-23
1197,1,1,2.50656e-22
1198,1,1,-4.51257e-22
1199,1,1,2.9594e-22
1200,1,1,3.67662e-22
1201,1,1,-7.76149e-22
1202,1,1,3.22766e-22
1203,1,1,5.03853e-23
1204,1,1,7.42452e-23
1205,1,1,7.42452e-23
1206,1,1,7.42452e-23
1207,1,1,-1.4911e-22
1208,1,1,9.00742e-22
1209,1,1,1.36477e-22
1210,1,1,1.07895e-22
1211,1,1,-4.1974e-22
1212,1,1,-1.27635e-22
1213,1,1,1.82357e-22
1214,1,1,-3.82142e-22
1215,1,1,-1.1448e-22
1216,1,1,7.24384e-22
1217,1,1,-8.67509e-23
1218,1,1,6.32791e-22
1219,1,1,-2.95673e-22
1220,1,1,-2.22318e-22
1221,1,1,-1.57257e-22
1222,1,1,9.02481e-22
1223,1,1,3.22805e-22
1224,1,1,2.9538e-24
1225,1,1,1.00436e-22
1226,1,1,-1.71892e-22
1227,1,1,-1.29787e-22
1228,1,1,-2.26956e-22
1229,1,1,-2.26956e-22
1230,1,1,2.66815e-22
1231,1,1,4.61024e-22
1232,1,1,-4.29914e-23
1233,1,1,-7.23412e-22
1234,1,1,7.45946e-22
1235,1,1,1.50104e-22
1236,1,1,-8.73821e-23
1237,1,1,-1.34684e-22
1238,1,1,2.25341e-22
1239,1,1,-6.08271e-22
1240,1,1,-1.76841e-22
1241,1,1,8.88915e-22
1242,1,1,8.77187e-22
1243,1,1,5.34364e-23
1244,1,1,3.22666e-24
1245,1,1,-8.99855e-22
1246,1,1,1.46955e-22
1247,1,1,-6.89799e-22
1248,1,1,-5.93361e-23
1249,1,1,9.02313e-23
1250,1,1,4.72942e-22
1251,1,1,1.05887e-21
1252,1,1,-2.58703e-22
1253,1,1,-7.5734e-23
1254,1,1,-7.5734e-23
1255,1,1,-7.5734e-23
1256,1,1,-7.5734e-23
1257,1,1,4.2733e-23
1258,1,1,-6.58841e-23
1259,1,1,-1.61193e-22
1260,1,1,-4.77688e-23
1261,1,1,-6.46173e-22
1262,1,1,-4.90018e-22
1263,1,1,6.05168e-22
1264,1,1,-5.16817e-22
1265,1,1,-1.34237e-22
1266,1,1,-8.97885e-23
1267,1,1,-8.97885e-23
1268,1,1,-1.60007e-22
1269,1,1,6.66849e-23
1270,1,1,2.44262e-22
1271,1,1,2.34545e-22
1272,1,1,3.57273e-22
1273,1,1,-1.75436e-22
1274,1,1,-3.66081e-23
1275,1,1,-1.8571e-21
1276,1,1,-1.32216e-22
1277,1,1,-1.88769e-22
1278,1,1,-2.03507e-23
1279,1,1,2.38547e-22
1280,1,1,4.15689e-22
1281,1,1,-1.09844e-22
1282,1,1,-5.35166e-22
1283,1,1,1.38816e-22
1284,1,1,9.90851e-22
1285,1,1,1.79423e-22
1286,1,1,-1.06127e-22
1287,1,1,-5.47306e-22
1288,1,1,1.13172e-22
1289,1,1,-7.63161e-23
1290,1,1,-2.31779e-22
1291,1,1,7.76468e-22
1292,1,1,-3.39472e-22
1293,1,1,-2.57447e-22
1294,1,1,-2.57447e-22
1295,1,1,4.20407e-22
1296,1,1,1.00074e-22
1297,1,1,-4.20728e-24
1298,1,1,1.88182e-22
1299,1,1,8.20989e-22
1300,1,1,4.40672e-22
1301,1,1,4.40672e-22
1302,1,1,4.40672e-22
1303,1,1,-4.41081e-22
1304,1,1,-3.77999e-21
1305,1,1,1.55883e-22
1306,1,1,-1.19792e-22
1307,1,1,-8.60828e-23
1308,1,1,-5.60514e-24
1309,1,1,-3.74952e-22
1310,1,1,-4.30978e-22
1311,1,1,7.77434e-24
1312,1,1,1.61427e-24
1313,1,1,2.22298e-22
1314,1,1,2.31745e-22
1315,1,1,-1.38244e-21
1316,1,1,3.0069e-22
1317,1,1,-1.28314e-21
1318,1,1,-2.74463e-21
1319,1,1,2.20373e-22
1320,1,1,2.62176e-22
1321,1,1,-1.87622e-22
1322,1,1,3.89803e-22
1323,1,1,1.79832e-22
1324,1,1,-4.97973e-23
1325,1,1,1.28892e-22
1326,1,1,1.55156e-22
1327,1,1,-2.54501e-22
1328,1,1,-1.45095e-21
1329,1,1,-7.25564e-22
1330,1,1,-3.03741e-22
1331,1,1,4.02656e-22
1332,1,1,7.99236e-23
1333,1,1,6.08468e-23
1334,1,1,-2.51793e-22
1335,1,1,1.395e-22
1336,1,1,1.58263e-22
1337,1,1,8.05474e-22
1338,1,1,-1.68533e-22
1339,1,1,6.25878e-23
1340,1,1,1.46341e-22
1341,1,1,-2.15981e-24
1342,1,1,-2.15981e-24
1343,1,1,-1.09709e-22
1344,1,1,-2.21894e-23
1345,1,1,1.18104e-22
1346,1,1,-4.73597e-23
1347,1,1,-1.56296e-22
1348,1,1,3.77497e-23
1349,1,1,2.21764e-22
1350,1,1,1.07216e-22
1351,1,1,-1.25529e-22
1352,1,1,-2.17642e-22
1353,1,1,1.24345e-22
1354,1,1,-1.08755e-22
1355,1,1,-9.01262e-23
1356,1,1,3.7265e-22
1357,1,1,3.92829e-22
1358,1,1,4.15479e-23
1359,1,1,-2.78558e-22
1360,1,1,2.26628e-22
1361,1,1,-1.82771e-23
1362,1,1,1.68041e-21
1363,1,1,6.338e-22
1364,1,1,-3.48018e-22
1365,1,1,1.15737e-22
1366,1,1,-5.30886e-22
1367,1,1,2.82366e-23
1368,1,1,-6.51963e-23
1369,1,1,-2.26941e-23
1370,1,1,-1.2289e-22
1371,1,1,2.49195e-22
1372,1,1,4.96811e-23
1373,1,1,-6.55075e-22
1374,1,1,-9.0968e-22
1375,1,1,-5.01911e-22
1376,1,1,-2.67496e-23
1377,1,1,5.86775e-23
1378,1,1,-2.83541e-22
1379,1,1,2.46772e-21
1380,1,1,2.7522e-22
1381,1,1,-7.6914e-23
1382,1,1,-1.33386e-23
1383,1,1,6.33483e-22
1384,1,1,-3.29374e-22
1385,1,1,4.26954e-23
1386,1,1,4.26954e-23
1387,1,1,-4.40259e-22
1388,1,1,1.78631e-22
1389,1,1,3.73781e-23
1390,1,1,8.22163e-22
1391,1,1,-4.25895e-22
1392,1,1,1.09001e-22
1393,1,1,-3.56099e-22
1394,1,1,3.7064e-22
1395,1,1,-1.58884e-22
1396,1,1,-2.04897e-22
1397,1,1,-2.04897e-22
1398,1,1,2.42502e-23
1399,1,1,1.29136e-22
1400,1,1,-3.74838e-23
1401,1,1,6.09026e-22
1402,1,1,4.02046e-22
1403,1,1,1.02787e-22
1404,1,1,8.16855e-23
1405,1,1,3.13618e-23
1406,1,1,4.97226e-23
1407,1,1,-1.63494e-22
1408,1,1,4.95734e-23
1409,1,1,1.00771e-22
1410,1,1,-3.27418e-22
1411,1,1,2.13182e-22
1412,1,1,2.17289e-21
1413,1,1,-5.91031e-22
1414,1,1,5.64511e-22
1415,1,1,-9.62642e-23
1416,1,1,-2.98003e-22
1417,1,1,1.87509e-22
1418,1,1,2.59887e-22
1419,1,1,-1.7467e-22
1420,1,1,-1.39647e-22
1421,1,1,-4.77474e-23
1422,1,1,5.50883e-22
1423,1,1,-8.2879e-22
1424,1,1,-1.50995e-22
1425,1,1,-1.75992e-22
1426,1,1,2.50481e-22
1427,1,1,-1.70798e-21
1428,1,1,8.9627e-22
1429,1,1,-2.51395e-22
1430,1,1,-5.14161e-23
1431,1,1,-1.07236e-21
1432,1,1,1.48894e-22
1433,1,1,2.11259e-23
1434,1,1,-2.66759e-22
1435,1,1,2.53133e-23
1436,1,1,1.81578e-22
1437,1,1,-1.65149e-22
1438,1,1,-7.75109e-22
1439,1,1,7.79312e-22
1440,1,1,5.43059e-22
1441,1,1,-1.03077e-21
1442,1,1,-3.88772e-22
1443,1,1,4.9546e-23
1444,1,1,1.13137e-23
1445,1,1,-3.64763e-22
1446,1,1,7.25978e-23
1447,1,1,4.00627e-22
1448,1,1,-7.84421e-23
1449,1,1,-1.75487e-22
1450,1,1,1.90157e-23
1451,1,1,8.32305e-23
1452,1,1,-2.10915e-22
1453,1,1,-1.56659e-22
1454,1,1,1.86574e-23
1455,1,1,-7.69484e-23
1456,1,1,-6.51206e-22
1457,1,1,-8.68222e-24
1458,1,1,-1.08874e-21
1459,1,1,-2.40108e-22
1460,1,1,-1.5689e-22
1461,1,1,1.12649e-24
1462,1,1,1.51298e-21
1463,1,1,-6.92659e-23
1464,1,1,1.91632e-22
1465,1,1,3.66203e-22
1466,1,1,3.09483e-23
1467,1,1,-3.66466e-22
1468,1,1,-1.78301e-21
1469,1,1,1.74519e-22
1470,1,1,-5.81652e-22
1471,1,1,3.78814e-22
1472,1,1,-3.90703e-22
1473,1,1,-2.32943e-23
1474,1,1,1.63507e-22
1475,1,1,-1.95435e-22
1476,1,1,-5.46279e-22
1477,1,1,2.65341e-22
1478,1,1,-7.06809e-23
1479,1,1,-4.67692e-23
1480,1,1,-1.26529e-22
1481,1,1,-2.8646e-23
1482,1,1,-8.00978e-22
1483,1,1,-2.27049e-22
1484,1,1,3.94514e-23
1485,1,1,3.94514e-23
1486,1,1,-4.22001e-23
1487,1,1,1.05196e-22
1488,1,1,-1.3951e-22
1489,1,1,-1.17119e-22
1490,1,1,3.53744e-22
1491,1,1,-6.35361e-23
1492,1,1,6.22157e-22
1493,1,1,-7.0015e-23
1494,1,1,-1.04806e-22
1495,1,1,-3.99075e-22
1496,1,1,1.8491e-22
1497,1,1,-1.65769e-22
1498,1,1,1.88326e-22
1499,1,1,-2.54212e-22
1500,1,1,-2.22169e-22
1501,1,1,-1.31611e-22
1502,1,1,-3.02317e-23
1503,1,1,2.28986e-22
1504,1,1,-2.91634e-22
1505,1,1,1.87334e-22
1506,1,1,4.52814e-22
1507,1,1,-4.90558e-22
1508,1,1,-1.94327e-22
1509,1,1,3.48968e-23
1510,1,1,-1.5205e-22
1511,1,1,3.49807e-21
1512,1,1,5.9599e-23
1513,1,1,-8.88629e-22
1514,1,1,1.51651e-23
1515,1,1,8.03071e-23
1516,1,1,8.48484e-22
1517,1,1,6.47611e-22
1518,1,1,-6.65422e-22
1519,1,1,7.81438e-23
1520,1,1,-4.91773e-22
1521,1,1,3.2156e-23
1522,1,1,-3.74352e-23
1523,1,1,-1.72389e-22
1524,1,1,-1.72389e-22
1525,1,1,-4.19177e-22
1526,1,1,-3.72324e-22
1527,1,1,5.66979e-23
1528,1,1,2.96027e-22
1529,1,1,5.96444e-24
1530,1,1,1.52587e-21
1531,1,1,1.82635e-22
1532,1,1,1.40093e-22
1533,1,1,3.61662e-22
1534,1,1,2.90278e-22
1535,1,1,-5.07693e-22
1536,1,1,-3.29663e-22
1537,1,1,-5.96262e-22
1538,1,1,-1.628e-22
1539,1,1,-3.1041e-22
1540,1,1,9.3882e-23
1541,1,1,-4.93935e-22
1542,1,1,2.0986e-22
1543,1,1,-2.92192e-21
1544,1,1,-2.92192e-21
1545,1,1,-2.85956e-23
1546,1,1,-5.07234e-22
1547,1,1,-2.83543e-22
1548,1,1,-1.93999e-22
1549,1,1,-7.44833e-23
1550,1,1,2.22327e-22
1551,1,1,8.07428e-22
1552,1,1,-1.63055e-22
1553,1,1,2.76197e-22
1554,1,1,-4.73597e-24
1555,1,1,-4.73597e-24
1556,1,1,1.49787e-22
1557,1,1,-4.33555e-22
1558,1,1,9.42211e-23
1559,1,1,9.42211e-23
1560,1,1,-2.15671e-22
1561,1,1,4.56006e-22
1562,1,1,-3.82899e-22
1563,1,1,6.58479e-23
1564,1,1,1.70461e-22
1565,1,1,3.46258e-22
1566,1,1,-5.43317e-23
1567,1,1,4.92782e-22
1568,1,1,3.78162e-22
1569,1,1,7.91829e-22
1570,1,1,3.88848e-22
1571,1,1,1.56555e-22
1572,1,1,-2.40509e-22
1573,1,1,8.38817e-22
1574,1,1,-3.38809e-23
1575,1,1,-9.24705e-24
1576,1,1,-3.77921e-22
1577,1,1,-2.01838e-22
1578,1,1,-1.33536e-21
1579,1,1,1.76151e-23
1580,1,1,-1.18535e-22
1581,1,1,-1.20632e-22
1582,1,1,-4.45072e-22
1583,1,1,-2.92739e-22
1584,1,1,3.56507e-23
1585,1,1,1.58206e-22
1586,1,1,3.74734e-24
1587,1,1,3.08853e-22
1588,1,1,1.07884e-22
1589,1,1,5.35012e-23
1590,1,1,1.20267e-22
1591,1,1,-1.55417e-22
1592,1,1,5.07604e-22
1593,1,1,5.37452e-22
1594,1,1,6.65329e-23
1595,1,1,1.30413e-22
1596,1,1,1.58203e-23
1597,1,1,-1.59961e-22
1598,1,1,-3.59695e-23
1599,1,1,-2.98978e-22
1600,1,1,2.23e-22
1601,1,1,6.60348e-22
1602,1,1,1.03377e-22
1603,1,1,4.12375e-23
1604,1,1,1.44127e-22
1605,1,1,5.2995e-23
1606,1,1,-3.06554e-22
1607,1,1,-4.94697e-22
1608,1,1,1.08314e-22
1609,1,1,5.57038e-22
1610,1,1,-5.66355e-22
1611,1,1,1.52155e-22
1612,1,1,1.95195e-22
1613,1,1,2.05409e-22
1614,1,1,-7.27377e-23
1615,1,1,-4.03017e-22
1616,1,1,-7.89512e-23
1617,1,1,4.82287e-22
1618,1,1,-1.36031e-23
1619,1,1,-2.11449e-22
1620,1,1,8.32424e-22
1621,1,1,-2.29312e-22
1622,1,1,-2.25646e-22
1623,1,1,-1.00558e-21
1624,1,1,3.40244e-23
1625,1,1,-3.38588e-23
1626,1,1,3.95372e-23
1627,1,1,-4.55128e-23
1628,1,1,-5.57381e-23
1629,1,1,5.14992e-23
1630,1,1,-5.88601e-23
1631,1,1,-1.44193e-22
1632,1,1,-4.32752e-23
1633,1,1,-3.42926e-22
1634,1,1,-7.41894e-22
1635,1,1,1.41816e-22
1636,1,1,9.85459e-23
1637,1,1,-8.53365e-23
1638,1,1,8.40796e-22
1639,1,1,1.58036e-22
1640,1,1,1.87394e-22
1641,1,1,2.01699e-22
1642,1,1,2.01699e-22
1643,1,1,4.44424e-24
1644,1,1,6.77018e-23
1645,1,1,2.44281e-22
1646,1,1,6.21544e-22
1647,1,1,-5.0584e-22
1648,1,1,2.1598e-22
1649,1,1,1.37404e-21
1650,1,1,1.29072e-21
1651,1,1,3.02178e-22
1652,1,1,1.20417e-22
1653,1,1,8.33564e-22
1654,1,1,-8.99108e-22
1655,1,1,-2.96909e-22
1656,1,1,-5.70875e-22
1657,1,1,-4.9917e-22
1658,1,1,-8.38393e-22
1659,1,1,-2.68751e-22
1660,1,1,-1.50852e-21
1661,1,1,5.81019e-22
1662,1,1,2.64741e-22
1663,1,1,-2.14861e-22
1664,1,1,-1.97685e-22
1665,1,1,-1.34093e-21
1666,1,1,-2.82591e-22
1667,1,1,3.50479e-23
1668,1,1,-3.47452e-22
1669,1,1,3.07293e-22
1670,1,1,-5.90645e-22
1671,1,1,3.28417e-22
1672,1,1,-2.76567e-22
1673,1,1,1.81695e-23
1674,1,1,-1.554e-22
1675,1,1,-1.89413e-22
1676,1,1,-1.42757e-22
1677,1,1,-1.25308e-22
1678,1,1,2.768e-22
1679,1,1,-2.72089e-22
1680,1,1,-2.51644e-22
1681,1,1,6.07484e-22
1682,1,1,-6.3947e-23
1683,1,1,-6.3947e-23
1684,1,1,-5.16172e-22
1685,1,1,-5.85167e-23
1686,1,1,6.11335e-23
1687,1,1,-3.42425e-22
1688,1,1,5.4103e-22
1689,1,1,-2.94478e-23
1690,1,1,5.21442e-22
1691,1,1,6.28063e-23
1692,1,1,4.75741e-22
1693,1,1,-5.70827e-23
1694,1,1,1.15551e-23
1695,1,1,2.14342e-23
1696,1,1,-9.24174e-23
1697,1,1,-1.92756e-22
1698,1,1,6.52963e-23
1699,1,1,1.91225e-22
1700,1,1,3.77606e-22
1701,1,1,2.04175e-22
1702,1,1,1.28842e-21
1703,1,1,2.58044e-22
1704,1,1,7.86831e-25
1705,1,1,2.34385e-22
1706,1,1,2.45999e-22
1707,1,1,-9.22194e-24
1708,1,1,-2.18294e-22
1709,1,1,-3.48653e-22
1710,1,1,4.00925e-22
1711,1,1,1.25693e-23
1712,1,1,4.30791e-22
1713,1,1,1.21074e-22
1714,1,1,7.08977e-22
1715,1,1,-5.15436e-22
1716,1,1,4.58093e-23
1717,1,1,7.59783e-23
1718,1,1,-1.68949e-22
1719,1,1,1.40114e-23
1720,1,1,-5.03645e-23
1721,1,1,1.57712e-22
1722,1,1,2.21532e-22
1723,1,1,-3.27782e-22
1724,1,1,4.02605e-23
1725,1,1,-7.79416e-24
1726,1,1,-6.97739e-22
1727,1,1,-2.63483e-22
1728,1,1,-5.08179e-22
1729,1,1,6.37292e-22
1730,1,1,2.33765e-22
1731,1,1,-1.47286e-22
1732,1,1,1.40579e-22
1733,1,1,-2.75073e-22
1734,1,1,6.45337e-23
1735,1,1,-4.18082e-22
1736,1,1,-1.95246e-22
1737,1,1,7.16386e-23
1738,1,1,8.63211e-23
1739,1,1,6.40071e-22
1740,1,1,-2.61266e-23
1741,1,1,-2.39065e-22
1742,1,1,4.76633e-23
1743,1,1,-3.32421e-23
1744,1,1,2.20904e-22
1745,1,1,3.75479e-22
1746,1,1,8.04655e-23
1747,1,1,1.9713e-22
1748,1,1,4.33041e-22
1749,1,1,3.37967e-22
1750,1,1,1.44399e-22
1751,1,1,1.44182e-22
1752,1,1,1.92743e-22
1753,1,1,-3.01308e-22
1754,1,1,1.91815e-22
1755,1,1,3.32683e-22
1756,1,1,8.95155e-23
1757,1,1,-1.08759e-22
1758,1,1,-5.22139e-23
1759,1,1,-4.34225e-22
1760,1,1,-6.56307e-22
1761,1,1,-2.42936e-22
1762,1,1,-2.94294e-22
1763,1,1,1.34106e-22
1764,1,1,6.09194e-22
1765,1,1,4.26031e-22
1766,1,1,3.29263e-22
1767,1,1,-2.23124e-22
1768,1,1,7.59873e-22
1769,1,1,7.44628e-21
1770,1,1,7.44628e-21
1771,1,1,1.55042e-22
1772,1,1,-4.68496e-22
1773,1,1,-4.68496e-22
1774,1,1,-1.04835e-22
1775,1,1,-3.40432e-22
1776,1,1,-9.42809e-23
1777,1,1,5.3087e-22
1778,1,1,2.2626e-23
1779,1,1,4.53054e-22
1780,1,1,3.95901e-22
1781,1,1,3.95901e-22
1782,1,1,2.01919e-22
1783,1,1,8.17725e-24
1784,1,1,3.71296e-22
1785,1,1,-9.67393e-23
1786,1,1,-9.67393e-23
1787,1,1,1.3634e-22
1788,1,1,5.49791e-23
1789,1,1,7.18397e-23
1790,1,1,1.90812e-22
1791,1,1,-1.22338e-22
1792,1,1,5.50614e-23
1793,1,1,-2.467e-22
1794,1,1,4.94962e-23
1795,1,1,-3.73566e-21
1796,1,1,-6.26961e-23
1797,1,1,4.2959e-22
1798,1,1,-4.25928e-22
1799,1,1,-6.27033e-23
1800,1,1,-5.76421e-23
1801,1,1,-4.12313e-22
1802,1,1,-7.51953e-22
1803,1,1,5.31171e-22
1804,1,1,-4.7769e-22
1805,1,1,6.2826e-22
1806,1,1,-2.50475e-22
1807,1,1,1.16045e-21
1808,1,1,4.54549e-22
1809,1,1,5.31874e-22
1810,1,1,-2.95693e-22
1811,1,1,-5.2181e-22
1812,1,1,4.97154e-22
1813,1,1,-8.14341e-25
1814,1,1,1.07706e-21
1815,1,1,-7.26481e-23
1816,1,1,1.20327e-22
1817,1,1,9.9285e-23
1818,1,1,-2.93906e-23
1819,1,1,-1.14998e-21
1820,1,1,2.82393e-22
1821,1,1,1.32501e-21
1822,1,1,1.98965e-22
1823,1,1,-1.45614e-21
1824,1,1,-2.32726e-22
1825,1,1,1.98161e-22
1826,1,1,8.24451e-22
1827,1,1,1.72379e-22
1828,1,1,-7.89726e-22
1829,1,1,2.21128e-22
1830,1,1,6.64477e-22
1831,1,1,2.66029e-21
1832,1,1,-2.26747e-22
1833,1,1,3.55776e-22
1834,1,1,-2.65111e-22
1835,1,1,9.33861e-23
1836,1,1,3.83025e-22
1837,1,1,-4.4726e-23
1838,1,1,8.73752e-23
1839,1,1,-1.43938e-22
1840,1,1,-4.65655e-22
1841,1,1,-5.61011e-23
1842,1,1,-1.43126e-23
1843,1,1,3.25916e-22
1844,1,1,2.94112e-22
1845,1,1,6.36639e-22
1846,1,1,6.31834e-22
1847,1,1,-8.25357e-22
1848,1,1,-4.64483e-22
1849,1,1,-3.81228e-22
1850,1,1,-1.00845e-22
1851,1,1,-4.84291e-23
1852,1,1,-8.87196e-23
1853,1,1,3.1355e-24
1854,1,1,3.29025e-22
1855,1,1,9.05563e-23
1856,1,1,2.01646e-22
1857,1,1,-1.09227e-22
1858,1,1,1.22421e-22
1859,1,1,-1.99665e-22
1860,1,1,-8.6295e-22
1861,1,1,2.75999e-22
1862,1,1,-1.95408e-22
1863,1,1,-2.38699e-22
1864,1,1,7.6749e-25
1865,1,1,4.29111e-22
1866,1,1,3.24675e-22
1867,1,1,4.71776e-22
1868,1,1,-2.4111e-22
1869,1,1,-3.60529e-22
1870,1,1,-2.10026e-23
1871,1,1,1.36305e-22
1872,1,1,2.36842e-22
1873,1,1,-1.64618e-22
1874,1,1,7.9718e-23
1875,1,1,1.59877e-22
1876,1,1,1.10937e-22
1877,1,1,-1.51636e-22
1878,1,1,-5.67063e-22
1879,1,1,1.45701e-22
1880,1,1,-2.17539e-23
1881,1,1,2.38982e-22
1882,1,1,1.07286e-21
1883,1,1,-2.27833e-23
1884,1,1,2.29971e-22
1885,1,1,1.81626e-22
1886,1,1,-4.75817e-23
1887,1,1,-1.12973e-23
1888,1,1,3.59043e-22
1889,1,1,-5.11209e-22
1890,1,1,-1.64293e-24
1891,1,1,-4.36107e-22
1892,1,1,2.05327e-22
1893,1,1,-5.3013e-22
1894,1,1,-6.22144e-23
1895,1,1,3.22301e-23
1896,1,1,-1.52574e-22
1897,1,1,-1.81656e-23
1898,1,1,-1.40278e-22
1899,1,1,-1.40278e-22
1900,1,1,-1.021e-23
1901,1,1,2.29368e-22
1902,1,1,-5.0584e-23
1903,1,1,-2.44443e-22
1904,1,1,-5.08779e-22
1905,1,1,4.6825e-22
1906,1,1,-9.99436e-22
1907,1,1,-5.28306e-22
1908,1,1,6.87025e-23
1909,1,1,3.42797e-22
1910,1,1,-5.59379e-22
1911,1,1,3.79017e-23
1912,1,1,3.37089e-22
1913,1,1,-2.76307e-22
1914,1,1,3.22489e-23
1915,1,1,-3.7639e-23
1916,1,1,-7.70132e-23
1917,1,1,7.05627e-22
1918,1,1,1.21538e-21
1919,1,1,1.3648e-22
1920,1,1,1.00231e-22
1921,1,1,3.73343e-22
1922,1,1,-8.51473e-23
1923,1,1,-4.94359e-23
1924,1,1,-3.68341e-24
1925,1,1,4.54185e-23
1926,1,1,-5.77585e-22
1927,1,1,1.17464e-22
1928,1,1,2.9356e-22
1929,1,1,5.62377e-23
1930,1,1,6.09006e-22
1931,1,1,-4.43891e-24
1932,1,1,-1.57367e-22
1933,1,1,8.25713e-22
1934,1,1,5.39145e-22
1935,1,1,-2.84534e-22
1936,1,1,2.86267e-22
1937,1,1,1.23935e-22
1938,1,1,-4.0706e-22
1939,1,1,-1.62801e-23
1940,1,1,-4.3645e-22
1941,1,1,-1.0126e-21
1942,1,1,2.02188e-22
1943,1,1,2.11525e-23
1944,1,1,-1.33638e-22
1945,1,1,5.77938e-22
1946,1,1,2.83688e-22
1947,1,1,-1.95615e-22
1948,1,1,-9.14785e-23
1949,1,1,-7.05871e-24
1950,1,1,-4.43959e-22
1951,1,1,1.48108e-23
1952,1,1,1.48108e-23
1953,1,1,3.73128e-22
1954,1,1,-4.3214e-22
1955,1,1,-2.01233e-22
1956,1,1,3.01673e-23
1957,1,1,-9.63901e-23
1958,1,1,-5.27359e-22
1959,1,1,-5.87398e-22
1960,1,1,-1.34035e-22
1961,1,1,9.19467e-23
1962,1,1,-3.47843e-22
1963,1,1,1.21087e-22
1964,1,1,1.69166e-22
1965,1,1,5.70973e-22
1966,1,1,1.09491e-22
1967,1,1,-1.39885e-22
1968,1,1,2.61479e-22
1969,1,1,-4.50236e-22
1970,1,1,-4.50236e-22
1971,1,1,-2.06984e-22
1972,1,1,1.73041e-22
1973,1,1,5.00004e-22
1974,1,1,6.60111e-23
1975,1,1,1.77574e-22
1976,1,1,9.0408e-23
1977,1,1,-1.02393e-22
1978,1,1,-6.26379e-22
1979,1,1,7.59291e-23
1980,1,1,-6.51706e-23
1981,1,1,5.95241e-23
1982,1,1,-5.35233e-22
1983,1,1,-5.35233e-22
1984,1,1,1.49502e-22
1985,1,1,1.18039e-22
1986,1,1,8.88612e-23
1987,1,1,-7.43674e-23
1988,1,1,1.27496e-22
1989,1,1,-3.5792e-22
1990,1,1,-1.93368e-22
1991,1,1,-8.45093e-23
1992,1,1,1.5791e-21
1993,1,1,1.44804e-22
1994,1,1,-7.57253e-22
1995,1,1,-4.70094e-24
1996,1,1,1.85115e-22
1997,1,1,-3.72764e-23
1998,1,1,-9.33154e-22
1999,1,1,-2.61945e-22
2000,1,1,-9.57646e-23
2001,1,1,7.78094e-23
2002,1,1,8.24025e-22
2003,1,1,8.24025e-22
2004,1,1,-2.73126e-22
2005,1,1,-2.50181e-22
2006,1,1,-9.70522e-24
2007,1,1,1.15279e-24
2008,1,1,-1.71047e-22
2009,1,1,-1.49989e-21
2010,1,1,2.11861e-22
2011,1,1,3.22509e-22
2012,1,1,-3.01232e-22
2013,1,1,-3.11955e-22
2014,1,1,9.31733e-23
2015,1,1,9.31733e-23
2016,1,1,-4.72467e-22
2017,1,1,-5.28957e-22
2018,1,1,-2.23509e-22
2019,1,1,-2.54773e-22
2020,1,1,-5.82606e-23
2021,1,1,-7.44209e-23
2022,1,1,-6.4878e-23
2023,1,1,-3.24753e-23
2024,1,1,9.83092e-23
2025,1,1,1.57671e-23
2026,1,1,1.57671e-23
2027,1,1,-1.63151e-22
2028,1,1,-8.07159e-23
2029,1,1,1.12446e-21
2030,1,1,-2.40209e-22
2031,1,1,6.54319e-22
2032,1,1,-1.91264e-23
2033,1,1,1.30266e-22
2034,1,1,7.96883e-23
2035,1,1,7.21601e-22
2036,1,1,-1.28999e-22
2037,1,1,6.88948e-22
2038,1,1,1.1974e-21
2039,1,1,2.18749e-22
2040,1,1,3.55222e-22
2041,1,1,-8.33696e-22
2042,1,1,1.89651e-21
2043,1,1,-7.60211e-23
2044,1,1,-3.87635e-23
2045,1,1,-2.13256e-23
2046,1,1,3.53176e-22
2047,1,1,-6.66564e-23
2048,1,1,-2.30812e-22
2049,1,1,-1.11336e-22
2050,1,1,-1.11336e-22
2051,1,1,-3.45283e-22
2052,1,1,-6.02545e-22
2053,1,1,3.99195e-22
2054,1,1,-1.87132e-22
2055,1,1,-2.74784e-23
2056,1,1,-3.02585e-22
2057,1,1,-3.23817e-22
2058,1,1,-5.21176e-22
2059,1,1,-1.72779e-22
2060,1,1,-3.42604e-22
2061,1,1,-1.6036e-22
2062,1,1,1.8754e-22
2063,1,1,-9.12856e-25
2064,1,1,-1.90189e-22
2065,1,1,-1.53758e-23
2066,1,1,-4.38843e-22
2067,1,1,-1.08014e-21
2068,1,1,3.2767e-22
2069,1,1,7.00612e-23
2070,1,1,-8.91285e-22
2071,1,1,-2.98738e-22
2072,1,1,8.32119e-23
2073,1,1,-6.26084e-23
2074,1,1,-6.05607e-22
2075,1,1,4.03695e-22
2076,1,1,3.14889e-23
2077,1,1,3.69331e-22
2078,1,1,-1.10897e-22
2079,1,1,-1.1714e-22
2080,1,1,4.36624e-22
2081,1,1,3.27632e-22
2082,1,1,1.81619e-22
2083,1,1,8.44445e-23
2084,1,1,-3.80136e-23
2085,1,1,8.42031e-23
2086,1,1,2.66797e-22
2087,1,1,4.68373e-24
2088,1,1,-1.96482e-23
2089,1,1,3.14311e-23
2090,1,1,1.87337e-22
2091,1,1,1.05337e-22
2092,1,1,8.90562e-23
2093,1,1,-1.7436e-22
2094,1,1,3.95713e-22
2095,1,1,4.93141e-22
2096,1,1,-4.33114e-23
2097,1,1,-1.5191e-23
2098,1,1,1.59266e-22
2099,1,1,4.33017e-22
2100,1,1,2.96551e-22
2101,1,1,2.48709e-23
2102,1,1,1.11745e-21
2103,1,1,-3.71404e-23
2104,1,1,-1.36156e-22
2105,1,1,4.18207e-22
2106,1,1,4.18207e-22
2107,1,1,4.45717e-23
2108,1,1,2.20278e-22
2109,1,1,-9.05305e-23
2110,1,1,-9.05305e-23
2111,1,1,3.56099e-23
2112,1,1,-2.4231e-22
2113,1,1,-1.1765e-22
2114,1,1,7.76278e-22
2115,1,1,1.72898e-22
2116,1,1,1.1916e-22
2117,1,1,-3.45757e-23
2118,1,1,5.67419e-22
2119,1,1,-5.22676e-22
2120,1,1,1.51633e-23
2121,1,1,-4.71533e-22
2122,1,1,-5.82862e-22
2123,1,1,-1.63345e-22
2124,1,1,-4.7451e-22
2125,1,1,3.18147e-22
2126,1,1,-1.85428e-22
2127,1,1,-1.85428e-22
2128,1,1,-1.76421e-22
2129,1,1,1.51336e-22
2130,1,1,7.4211e-23
2131,1,1,-3.47621e-22
2132,1,1,1.35403e-22
2133,1,1,1.54397e-22
2134,1,1,-2.28295e-22
2135,1,1,1.28788e-22
2136,1,1,-7.60532e-22
2137,1,1,1.20624e-22
2138,1,1,-3.12214e-22
2139,1,1,1.94141e-22
2140,1,1,1.38866e-23
2141,1,1,-6.79632e-23
2142,1,1,-1.62969e-22
2143,1,1,-3.49611e-23
2144,1,1,7.0314e-23
2145,1,1,-1.23309e-22
2146,1,1,5.03102e-23
2147,1,1,3.42076e-22
2148,1,1,-1.31024e-22
2149,1,1,1.66126e-21
2150,1,1,-3.44959e-22
2151,1,1,2.28284e-22
2152,1,1,2.05139e-22
2153,1,1,4.37505e-22
2154,1,1,2.23127e-22
2155,1,1,1.09843e-22
2156,1,1,-9.59017e-23
2157,1,1,-7.08852e-23
2158,1,1,7.57008e-22
2159,1,1,-2.01321e-22
2160,1,1,-7.32628e-23
2161,1,1,1.87538e-22
2162,1,1,3.20493e-22
2163,1,1,-5.61227e-22
2164,1,1,-4.64893e-22
2165,1,1,-4.74257e-22
2166,1,1,4.19779e-22
2167,1,1,8.81774e-23
2168,1,1,-3.24021e-22
2169,1,1,-1.35412e-23
2170,1,1,-1.46914e-22
2171,1,1,1.00365e-22
2172,1,1,-5.99717e-24
2173,1,1,3.68436e-22
2174,1,1,1.14549e-22
2175,1,1,6.90443e-23
2176,1,1,4.06393e-23
2177,1,1,-1.27037e-22
2178,1,1,5.01461e-23
2179,1,1,1.0788e-22
2180,1,1,-9.73978e-23
2181,1,1,5.64615e-22
2182,1,1,-2.87675e-22
2183,1,1,1.4162e-22
2184,1,1,-4.17853e-22
2185,1,1,-3.59743e-22
2186,1,1,-3.22297e-22
2187,1,1,-1.36391e-22
2188,1,1,-3.414e-24
2189,1,1,1.09005e-21
2190,1,1,-7.70834e-22
2191,1,1,6.28482e-22
2192,1,1,-5.44922e-22
2193,1,1,-5.44922e-22
2194,1,1,2.11158e-22
2195,1,1,2.29693e-22
2196,1,1,2.43024e-22
2197,1,1,1.29656e-22
2198,1,1,3.93054e-22
2199,1,1,-8.22572e-22
2200,1,1,9.35159e-23
2201,1,1,-1.14554e-23
2202,1,1,1.67746e-22
2203,1,1,8.71039e-22
2204,1,1,-4.70261e-22
2205,1,1,-1.64343e-22
2206,1,1,-8.94705e-22
2207,1,1,-8.94705e-22
2208,1,1,-1.7057e-22
2209,1,1,3.61782e-22
2210,1,1,-5.14959e-22
2211,1,1,-6.95485e-22
2212,1,1,6.46629e-23
2213,1,1,4.60797e-23
2214,1,1,-1.98883e-22
2215,1,1,-7.92213e-23
2216,1,1,-2.96485e-22
2217,1,1,-4.85561e-23
2218,1,1,-6.20869e-24
2219,1,1,-1.93461e-22
2220,1,1,-1.93461e-22
2221,1,1,2.59385e-23
2222,1,1,-1.16825e-21
2223,1,1,-2.43899e-22
2224,1,1,6.55538e-22
2225,1,1,-2.921e-22
2226,1,1,1.56162e-22
2227,1,1,-1.12417e-22
2228,1,1,1.64241e-22
2229,1,1,-6.57361e-22
2230,1,1,4.46969e-23
2231,1,1,6.66578e-24
2232,1,1,-8.17857e-23
2233,1,1,1.97402e-22
2234,1,1,6.52982e-22
2235,1,1,-3.32812e-23
2236,1,1,-8.6555e-22
2237,1,1,2.71637e-24
2238,1,1,-7.36018e-23
2239,1,1,2.62727e-22
2240,1,1,-3.68289e-22
2241,1,1,-4.47125e-22
2242,1,1,3.60468e-23
2243,1,1,4.69307e-22
2244,1,1,5.6264e-22
2245,1,1,9.82187e-22
2246,1,1,7.6375e-23
2247,1,1,8.92316e-22
2248,1,1,-5.59939e-23
2249,1,1,1.06191e-22
2250,1,1,8.87589e-22
2251,1,1,6.51304e-22
2252,1,1,-1.24348e-22
2253,1,1,-7.21236e-23
2254,1,1,-2.83259e-22
2255,1,1,1.00288e-22
2256,1,1,3.26884e-22
2257,1,1,1.7166e-22
2258,1,1,5.7902e-22
2259,1,1,-8.72051e-23
2260,1,1,4.83192e-22
2261,1,1,-2.29512e-22
2262,1,1,6.92371e-23
2263,1,1,2.50512e-22
2264,1,1,8.12441e-23
2265,1,1,-2.05023e-23
2266,1,1,2.75629e-21
2267,1,1,3.66811e-22
2268,1,1,-4.77292e-23
2269,1,1,9.87975e-23
2270,1,1,1.16619e-22
2271,1,1,-3.47835e-22
2272,1,1,2.38333e-23
2273,1,1,-6.58925e-22
2274,1,1,-3.14662e-22
2275,1,1,-8.69974e-24
2276,1,1,-2.43999e-22
2277,1,1,-2.04348e-22
2278,1,1,-3.3326e-22
2279,1,1,-3.46686e-22
2280,1,1,-7.78254e-23
2281,1,1,5.90137e-22
2282,1,1,-3.20019e-21
2283,1,1,4.88951e-22
2284,1,1,8.52632e-22
2285,1,1,-1.58655e-22
2286,1,1,2.90121e-22
2287,1,1,-6.87515e-22
2288,1,1,7.35957e-24
2289,1,1,-4.12486e-22
2290,1,1,-5.46118e-22
2291,1,1,-1.10577e-22
2292,1,1,1.45631e-23
2293,1,1,4.30081e-22
2294,1,1,1.2483e-22
2295,1,1,-7.11515e-22
2296,1,1,5.55007e-22
2297,1,1,1.91574e-22
2298,1,1,-7.26048e-23
2299,1,1,-1.88837e-22
2300,1,1,-2.90453e-22
2301,1,1,7.9317e-22
2302,1,1,-3.94146e-22
2303,1,1,-1.39659e-22
2304,1,1,-5.36363e-22
2305,1,1,2.92408e-23
2306,1,1,6.94048e-22
2307,1,1,3.28302e-21
2308,1,1,-4.54001e-22
2309,1,1,-2.27092e-22
2310,1,1,-1.09867e-22
2311,1,1,-1.49505e-22
2312,1,1,2.95084e-23
2313,1,1,1.37984e-22
2314,1,1,1.35962e-22
2315,1,1,-1.01413e-21
2316,1,1,-5.28506e-22
2317,1,1,7.09799e-23
2318,1,1,3.28605e-22
2319,1,1,3.15875e-22
2320,1,1,2.66042e-22
2321,1,1,-4.33435e-22
2322,1,1,4.99193e-22
2323,1,1,1.27092e-22
2324,1,1,2.04221e-22
2325,1,1,7.28972e-22
2326,1,1,-6.87435e-22
2327,1,1,-5.70076e-22
2328,1,1,5.11604e-23
2329,1,1,-1.95288e-22
2330,1,1,1.17721e-22
2331,1,1,1.86909e-23
2332,1,1,1.82811e-23
2333,1,1,-1.93013e-22
2334,1,1,7.77039e-23
2335,1,1,7.56036e-22
2336,1,1,-5.37123e-24
2337,1,1,-5.27962e-22
2338,1,1,-9.87044e-23
2339,1,1,-7.49529e-22
2340,1,1,-2.55519e-22
2341,1,1,1.94297e-21
2342,1,1,4.9777e-23
2343,1,1,4.9777e-23
2344,1,1,2.16364e-22
2345,1,1,-2.15909e-22
2346,1,1,1.554e-25
2347,1,1,-1.32126e-22
2348,1,1,3.39495e-22
2349,1,1,-6.11246e-23
2350,1,1,3.3757e-22
2351,1,1,8.22239e-24
2352,1,1,7.97228e-23
2353,1,1,1.69838e-23
2354,1,1,-1.60331e-22
2355,1,1,5.13626e-23
2356,1,1,3.52445e-23
2357,1,1,6.37805e-22
2358,1,1,-2.01864e-22
2359,1,1,2.81692e-22
2360,1,1,-2.23364e-22
2361,1,1,-1.85164e-22
2362,1,1,1.89333e-22
2363,1,1,-1.11938e-22
2364,1,1,6.34007e-22
2365,1,1,-1.69007e-22
2366,1,1,-1.69007e-22
2367,1,1,-3.09864e-22
2368,1,1,-1.64396e-21
2369,1,1,1.75491e-22
2370,1,1,2.5031e-22
2371,1,1,2.50309e-22
2372,1,1,-2.08286e-23
2373,1,1,2.14562e-23
2374,1,1,-3.50389e-22
2375,1,1,7.71959e-22
2376,1,1,3.00097e-22
2377,1,1,5.53089e-22
2378,1,1,-3.90652e-24
2379,1,1,2.72093e-22
2380,1,1,1.19091e-22
2381,1,1,4.96528e-21
2382,1,1,-5.45842e-22
2383,1,1,-2.18223e-22
2384,1,1,-1.695e-22
2385,1,1,-5.61292e-22
2386,1,1,1.88756e-21
2387,1,1,-1.51021e-21
2388,1,1,-1.73237e-22
2389,1,1,-4.42719e-22
2390,1,1,-3.07875e-22
2391,1,1,4.20082e-23
2392,1,1,-3.80613e-22
2393,1,1,-3.80613e-22
2394,1,1,-3.80613e-22
2395,1,1,3.96705e-22
2396,1,1,4.16759e-22
2397,1,1,4.16759e-22
2398,1,1,4.00884e-23
2399,1,1,1.67213e-23
2400,1,1,2.71827e-22
2401,1,1,-2.87089e-22
2402,1,1,-1.43348e-22
2403,1,1,1.1016e-22
2404,1,1,1.04177e-21
2405,1,1,3.65133e-22
2406,1,1,3.46223e-22
2407,1,1,-1.0869e-23
2408,1,1,4.2646e-23
2409,1,1,2.5694e-22
2410,1,1,-7.3959e-25
2411,1,1,-4.51688e-22
2412,1,1,5.55013e-23
2413,1,1,2.21519e-22
2414,1,1,-3.20102e-22
2415,1,1,8.14763e-23
2416,1,1,2.73376e-22
2417,1,1,4.24625e-23
2418,1,1,-1.22992e-22
2419,1,1,3.60292e-22
2420,1,1,-2.20873e-22
2421,1,1,-4.72006e-22
2422,1,1,1.57393e-22
2423,1,1,2.29866e-22
2424,1,1,-6.02835e-22
2425,1,1,-6.02835e-22
2426,1,1,-9.76564e-22
2427,1,1,7.09757e-23
2428,1,1,-5.93157e-22
2429,1,1,-1.58196e-22
2430,1,1,1.99526e-22
2431,1,1,-1.80494e-24
2432,1,1,3.12766e-22
2433,1,1,2.3783e-22
2434,1,1,3.3647e-23
2435,1,1,1.58047e-22
2436,1,1,3.5656e-22
2437,1,1,-1.93245e-23
2438,1,1,1.5244e-22
2439,1,1,-5.76794e-22
2440,1,1,-1.48547e-22
2441,1,1,-7.71337e-23
2442,1,1,-7.71337e-23
2443,1,1,-8.30537e-23
2444,1,1,-2.55041e-22
2445,1,1,-8.56385e-23
2446,1,1,1.36334e-22
2447,1,1,-3.80294e-22
2448,1,1,5.54338e-22
2449,1,1,-2.29711e-22
2450,1,1,-1.79299e-22
2451,1,1,-4.81545e-23
2452,1,1,-1.49734e-22
2453,1,1,1.35807e-21
2454,1,1,-2.87041e-22
2455,1,1,7.90687e-23
2456,1,1,1.2266e-22
2457,1,1,-7.19676e-23
2458,1,1,-8.80894e-23
2459,1,1,5.03275e-22
2460,1,1,1.66978e-22
2461,1,1,9.15742e-23
2462,1,1,-8.88792e-23
2463,1,1,-1.36541e-22
2464,1,1,-7.71464e-22
2465,1,1,4.09687e-22
2466,1,1,-4.63288e-22
2467,1,1,-1.33713e-21
2468,1,1,3.52998e-22
2469,1,1,2.76646e-22
2470,1,1,-6.53918e-22
2471,1,1,-1.47042e-22
2472,1,1,-3.29393e-22
2473,1,1,1.05066e-23
2474,1,1,1.89711e-22
2475,1,1,-1.54517e-22
2476,1,1,-1.12514e-23
2477,1,1,6.38858e-23
2478,1,1,6.08929e-22
2479,1,1,3.06301e-22
2480,1,1,-6.6659e-23
2481,1,1,-3.97681e-22
2482,1,1,-1.21031e-22
2483,1,1,3.24981e-22
2484,1,1,1.21166e-22
2485,1,1,-1.17164e-22
2486,1,1,-8.80744e-23
2487,1,1,-4.62804e-24
2488,1,1,-1.12488e-22
2489,1,1,1.02261e-22
2490,1,1,-7.75247e-23
2491,1,1,3.86646e-22
2492,1,1,2.56137e-22
2493,1,1,-5.0288e-24
2494,1,1,6.71425e-22
2495,1,1,-1.32681e-22
2496,1,1,4.48961e-22
2497,1,1,2.51781e-23
2498,1,1,7.41417e-23
2499,1,1,1.11049e-22
2500,1,1,-3.21182e-22
2501,1,1,3.73446e-22
2502,1,1,1.30908e-23
2503,1,1,7.60076e-23
2504,1,1,-1.95638e-22
2505,1,1,-1.69678e-22
2506,1,1,-8.78357e-23
2507,1,1,7.49943e-24
2508,1,1,-5.89325e-21
2509,1,1,-9.95452e-23
2510,1,1,1.22138e-22
2511,1,1,8.35541e-23
2512,1,1,-1.98584e-22
2513,1,1,2.06845e-22
2514,1,1,3.90673e-23
2515,1,1,2.73203e-22
2516,1,1,2.61057e-24
2517,1,1,7.56849e-23
2518,1,1,8.24255e-23
2519,1,1,2.01369e-22
2520,1,1,1.1173e-21
2521,1,1,6.45806e-23
2522,1,1,1.84712e-22
2523,1,1,-2.51026e-23
2524,1,1,4.2911e-22
2525,1,1,-9.05211e-23
2526,1,1,-1.57516e-23
2527,1,1,1.15941e-22
2528,1,1,1.67646e-22
2529,1,1,-7.28734e-22
2530,1,1,3.92962e-22
2531,1,1,2.75076e-22
2532,1,1,1.62169e-22
2533,1,1,7.70279e-22
2534,1,1,-9.8656e-23
2535,1,1,1.32127e-24
2536,1,1,3.13969e-22
2537,1,1,-1.23722e-22
2538,1,1,2.00933e-22
2539,1,1,-3.03016e-24
2540,1,1,1.22011e-22
2541,1,1,-2.08623e-22
2542,1,1,1.52619e-22
2543,1,1,-7.7721e-22
2544,1,1,-1.87645e-22
2545,1,1,5.25379e-22
2546,1,1,7.35942e-22
2547,1,1,7.35942e-22
2548,1,1,-9.93235e-23
2549,1,1,-4.92592e-22
2550,1,1,9.35932e-23
2551,1,1,-2.71312e-22
2552,1,1,-2.71312e-22
2553,1,1,-1.48801e-22
2554,1,1,4.25589e-22
2555,1,1,-1.32696e-22
2556,1,1,-5.05351e-23
2557,1,1,-3.31777e-22
2558,1,1,-5.6705e-22
2559,1,1,9.56793e-23
2560,1,1,1.14539e-21
2561,1,1,-4.34971e-22
2562,1,1,4.77364e-23
2563,1,1,1.98811e-22
2564,1,1,-6.00806e-22
2565,1,1,-1.36351e-22
2566,1,1,-6.0063e-22
2567,1,1,-1.03554e-21
2568,1,1,-3.26585e-22
2569,1,1,8.40913e-23
2570,1,1,-1.65376e-21
2571,1,1,2.51548e-23
2572,1,1,-1.05779e-22
2573,1,1,3.4175e-22
2574,1,1,7.14423e-23
2575,1,1,2.21143e-22
2576,1,1,9.92182e-22
2577,1,1,-1.56272e-22
2578,1,1,-1.65457e-22
2579,1,1,2.08421e-22
2580,1,1,1.31934e-21
2581,1,1,-3.94544e-22
2582,1,1,-2.39236e-22
2583,1,1,-2.82374e-23
2584,1,1,-2.88403e-22
2585,1,1,6.86977e-22
2586,1,1,6.71549e-23
2587,1,1,-3.22842e-22
2588,1,1,-1.60295e-24
2589,1,1,-8.92243e-24
2590,1,1,8.76819e-23
2591,1,1,4.15888e-23
2592,1,1,-1.37936e-22
2593,1,1,1.04551e-23
2594,1,1,-4.41841e-22
2595,1,1,1.28044e-22
2596,1,1,-1.94876e-22
2597,1,1,3.23895e-23
2598,1,1,-1.64341e-22
2599,1,1,6.48023e-23
2600,1,1,3.56647e-22
2601,1,1,-1.17733e-22
2602,1,1,2.00615e-23
2603,1,1,-8.14867e-23
2604,1,1,-5.54612e-24
2605,1,1,1.36325e-21
2606,1,1,-4.204e-22
2607,1,1,-6.62818e-23
2608,1,1,-5.67138e-23
2609,1,1,-2.09276e-22
2610,1,1,2.86978e-22
2611,1,1,-3.45134e-23
2612,1,1,-8.21908e-22
2613,1,1,1.02645e-22
2614,1,1,-1.38586e-22
2615,1,1,-6.93068e-22
2616,1,1,-2.46786e-22
2617,1,1,-2.52205e-22
2618,1,1,-2.57088e-23
2619,1,1,-2.06737e-22
2620,1,1,6.29991e-22
2621,1,1,6.1327e-22
2622,1,1,4.78791e-22
2623,1,1,-1.31401e-22
2624,1,1,-2.73618e-22
2625,1,1,1.52248e-22
2626,1,1,2.02595e-23
2627,1,1,-2.91076e-22
2628,1,1,5.81209e-22
2629,1,1,-2.31654e-22
2630,1,1,-2.66839e-22
2631,1,1,-9.52401e-23
2632,1,1,-1.63241e-22
2633,1,1,-2.2664e-23
2634,1,1,1.30903e-22
2635,1,1,-4.72082e-22
2636,1,1,3.26804e-22
2637,1,1,1.07098e-23
2638,1,1,-7.86214e-23
2639,1,1,6.72417e-22
2640,1,1,1.07089e-22
2641,1,1,1.32484e-22
2642,1,1,-7.85284e-22
2643,1,1,4.31503e-22
2644,1,1,-2.62754e-22
2645,1,1,-1.12925e-22
2646,1,1,-1.12925e-22
2647,1,1,4.9324e-22
2648,1,1,9.28438e-23
2649,1,1,1.7363e-22
2650,1,1,1.7363e-22
2651,1,1,-6.69005e-22
2652,1,1,3.79494e-22
2653,1,1,6.98672e-22
2654,1,1,-8.5468e-23
2655,1,1,-2.77385e-22
2656,1,1,-2.77385e-22
2657,1,1,2.33166e-23
2658,1,1,3.32877e-22
2659,1,1,6.77936e-23
2660,1,1,8.42897e-22
2661,1,1,2.5532e-22
2662,1,1,6.84687e-22
2663,1,1,1.0645e-22
2664,1,1,-4.76142e-23
2665,1,1,4.53981e-23
2666,1,1,3.45765e-22
2667,1,1,1.46707e-22
2668,1,1,-3.04354e-23
2669,1,1,5.22458e-23
2670,1,1,-1.19001e-22
2671,1,1,8.18932e-23
2672,1,1,2.20157e-22
2673,1,1,1.15862e-22
2674,1,1,-1.29119e-22
2675,1,1,1.8483e-22
2676,1,1,-7.91841e-22
2677,1,1,1.23699e-22
2678,1,1,3.7973e-22
2679,1,1,1.41279e-22
2680,1,1,3.78781e-23
2681,1,1,5.07498e-24
2682,1,1,8.1389e-23
2683,1,1,-2.0019e-22
2684,1,1,4.26774e-23
2685,1,1,1.64739e-22
2686,1,1,4.48656e-22
2687,1,1,-5.52571e-22
2688,1,1,-6.47503e-23
2689,1,1,-1.4445e-22
2690,1,1,8.40309e-22
2691,1,1,-4.45712e-23
2692,1,1,-1.04009e-21
2693,1,1,9.07624e-23
2694,1,1,8.90326e-23
2695,1,1,-1.41579e-22
2696,1,1,-1.05865e-22
2697,1,1,1.65417e-22
2698,1,1,-1.8862e-22
2699,1,1,4.06187e-22
2700,1,1,1.46208e-23
2701,1,1,-1.49759e-21
2702,1,1,-2.05527e-22
2703,1,1,9.89256e-23
2704,1,1,1.18865e-21
2705,1,1,-1.39576e-22
2706,1,1,-2.41148e-23
2707,1,1,1.79918e-22
2708,1,1,3.59024e-23
2709,1,1,2.82666e-23
2710,1,1,1.81717e-22
2711,1,1,-4.05157e-21
2712,1,1,-4.84619e-23
2713,1,1,4.71914e-23
2714,1,1,-2.49725e-23
2715,1,1,8.4913e-23
2716,1,1,-1.75191e-22
2717,1,1,8.15887e-23
2718,1,1,-2.11789e-22
2719,1,1,-1.74922e-21
2720,1,1,5.21134e-22
2721,1,1,5.18676e-22
2722,1,1,2.62854e-22
2723,1,1,-2.63755e-22
2724,1,1,-1.53733e-22
2725,1,1,-1.74588e-22
2726,1,1,6.23246e-23
2727,1,1,4.80178e-22
2728,1,1,-4.62103e-23
2729,1,1,-2.88077e-23
2730,1,1,-6.28608e-22
2731,1,1,-3.50732e-22
2732,1,1,1.02332e-22
2733,1,1,7.33612e-22
2734,1,1,1.01473e-22
2735,1,1,-3.07355e-22
2736,1,1,1.69803e-23
2737,1,1,-4.09938e-21
2738,1,1,-9.31247e-23
2739,1,1,-1.15862e-22
2740,1,1,-5.66688e-23
2741,1,1,-2.71961e-24
2742,1,1,3.18495e-22
2743,1,1,-1.46622e-22
2744,1,1,4.82082e-23
2745,1,1,1.51142e-22
2746,1,1,5.33362e-22
2747,1,1,4.62248e-23
2748,1,1,-4.7615e-22
2749,1,1,1.63295e-22
2750,1,1,1.96413e-22
2751,1,1,-1.06611e-22
2752,1,1,-1.46776e-22
2753,1,1,-1.59986e-22
2754,1,1,-1.89348e-22
2755,1,1,3.78926e-22
2756,1,1,-1.75967e-22
2757,1,1,-9.15281e-22
2758,1,1,-1.20962e-22
2759,1,1,4.90258e-22
2760,1,1,1.87319e-22
2761,1,1,-3.22424e-23
2762,1,1,-3.55911e-22
2763,1,1,2.33223e-23
2764,1,1,-7.49825e-24
2765,1,1,-2.36223e-22
2766,1,1,-1.96901e-22
2767,1,1,-1.56e-21
2768,1,1,-3.79629e-22
2769,1,1,-7.12217e-24
2770,1,1,2.25078e-22
2771,1,1,-4.04036e-24
2772,1,1,4.07984e-22
2773,1,1,4.07984e-22
2774,1,1,8.76743e-23
2775,1,1,8.33153e-22
2776,1,1,-7.63841e-23
2777,1,1,-3.80755e-22
2778,1,1,6.30712e-22
2779,1,1,-3.06806e-23
2780,1,1,-2.25003e-22
2781,1,1,-3.96009e-22
2782,1,1,-6.91661e-22
2783,1,1,-3.67498e-22
2784,1,1,4.99776e-23
2785,1,1,-4.35693e-23
2786,1,1,-5.01368e-22
2787,1,1,-2.94233e-22
2788,1,1,2.79945e-23
2789,1,1,-1.52303e-22
2790,1,1,2.30353e-22
2791,1,1,-3.60388e-22
2792,1,1,-2.92362e-23
2793,1,1,-2.06388e-22
2794,1,1,-7.93615e-23
2795,1,1,1.7305e-22
2796,1,1,-1.73109e-22
2797,1,1,-2.02405e-22
2798,1,1,-3.7714e-22
2799,1,1,-2.82018e-22
2800,1,1,-6.09065e-22
2801,1,1,-2.21532e-23
2802,1,1,-3.37674e-23
2803,1,1,4.08318e-22
2804,1,1,2.61372e-22
2805,1,1,2.56386e-22
2806,1,1,-1.9555e-22
2807,1,1,3.72101e-22
2808,1,1,-3.15902e-22
2809,1,1,1.28335e-22
2810,1,1,-1.20653e-22
2811,1,1,2.36196e-22
2812,1,1,-2.96854e-23
2813,1,1,-3.10293e-22
2814,1,1,6.80523e-22
2815,1,1,-1.65618e-22
2816,1,1,4.56639e-22
2817,1,1,-1.27384e-22
2818,1,1,-1.3747e-22
2819,1,1,1.62503e-22
2820,1,1,-4.81893e-22
2821,1,1,6.7581e-22
2822,1,1,1.18134e-23
2823,1,1,7.1676e-23
2824,1,1,8.39924e-22
2825,1,1,-2.15079e-22
2826,1,1,1.09466e-23
2827,1,1,-1.08384e-22
2828,1,1,-1.55047e-21
2829,1,1,6.96907e-24
2830,1,1,7.8927e-22
2831,1,1,8.98498e-23
2832,1,1,-7.22791e-23
2833,1,1,1.16644e-24
2834,1,1,4.03571e-24
2835,1,1,3.4749e-22
2836,1,1,1.32828e-22
2837,1,1,4.35202e-24
2838,1,1,-8.76045e-23
2839,1,1,7.75619e-22
2840,1,1,1.79147e-22
2841,1,1,-6.34011e-24
2842,1,1,-2.598e-22
2843,1,1,-2.0813e-23
2844,1,1,4.61154e-23
2845,1,1,-1.03071e-22
2846,1,1,-2.57143e-22
2847,1,1,-9.53003e-23
2848,1,1,-3.87499e-22
2849,1,1,1.64065e-22
2850,1,1,1.64065e-22
2851,1,1,-2.16244e-22
2852,1,1,5.36647e-22
2853,1,1,-1.18866e-22
2854,1,1,2.25983e-22
2855,1,1,-5.93351e-23
2856,1,1,-5.93351e-23
2857,1,1,1.63703e-22
2858,1,1,1.30672e-22
2859,1,1,5.30056e-22
2860,1,1,6.68308e-23
2861,1,1,4.50351e-22
2862,1,1,-1.58634e-21
2863,1,1,6.60571e-23
2864,1,1,1.49651e-22
2865,1,1,1.49651e-22
2866,1,1,1.49651e-22
2867,1,1,1.49651e-22
2868,1,1,3.46838e-22
2869,1,1,4.19733e-22
2870,1,1,-2.12583e-23
2871,1,1,-4.34772e-22
2872,1,1,1.58943e-23
2873,1,1,1.58943e-23
2874,1,1,-2.60331e-22
2875,1,1,-1.26132e-22
2876,1,1,-3.59028e-22
2877,1,1,-1.91739e-22
2878,1,1,3.20773e-22
2879,1,1,6.81658e-23
2880,1,1,-1.02393e-21
2881,1,1,-1.5149e-22
2882,1,1,-1.4152e-22
2883,1,1,-2.46335e-22
2884,1,1,-2.46335e-22
2885,1,1,-2.46335e-22
2886,1,1,-1.80282e-23
2887,1,1,-1.35022e-22
2888,1,1,-4.36963e-22
2889,1,1,-3.69793e-22
2890,1,1,6.37849e-22
2891,1,1,-3.07427e-22
2892,1,1,-1.04829e-22
2893,1,1,1.44786e-22
2894,1,1,1.44786e-22
2895,1,1,-8.77426e-22
2896,1,1,6.40276e-22
2897,1,1,-2.35845e-22
2898,1,1,5.19405e-23
2899,1,1,1.59395e-21
2900,1,1,-4.15431e-23
2901,1,1,-3.94336e-22
2902,1,1,4.71318e-22
2903,1,1,8.50862e-23
2904,1,1,2.15172e-22
2905,1,1,-5.98718e-22
2906,1,1,9.57962e-24
2907,1,1,-2.27136e-22
2908,1,1,3.14431e-22
2909,1,1,-9.52615e-23
2910,1,1,-1.15854e-21
2911,1,1,-8.31805e-23
2912,1,1,-3.33437e-24
2913,1,1,-3.33437e-24
2914,1,1,4.58393e-22
2915,1,1,-2.1257e-22
2916,1,1,2.97765e-22
2917,1,1,5.41678e-23
2918,1,1,3.84868e-22
2919,1,1,-5.56454e-22
2920,1,1,-4.62157e-22
2921,1,1,8.00651e-23
2922,1,1,4.84637e-22
2923,1,1,5.36712e-22
2924,1,1,-1.63057e-22
2925,1,1,6.01352e-22
2926,1,1,-1.25394e-21
2927,1,1,8.12629e-22
2928,1,1,-7.68847e-23
2929,1,1,9.20125e-23
2930,1,1,-8.50008e-23
2931,1,1,-1.35707e-22
2932,1,1,-2.10248e-22
2933,1,1,2.88748e-22
2934,1,1,1.15045e-21
2935,1,1,-1.72433e-22
2936,1,1,3.9772e-23
2937,1,1,-7.51452e-23
2938,1,1,-7.51452e-23
2939,1,1,4.33019e-22
2940,1,1,6.24293e-22
2941,1,1,-4.02026e-21
2942,1,1,-4.02026e-21
2943,1,1,-2.47056e-22
2944,1,1,1.15205e-22
2945,1,1,4.95872e-22
2946,1,1,1.86275e-22
2947,1,1,-3.25935e-22
2948,1,1,-6.07362e-22
2949,1,1,-9.85419e-23
2950,1,1,1.50356e-22
2951,1,1,-2.83449e-22
2952,1,1,1.17496e-23
2953,1,1,1.04673e-22
2954,1,1,1.32122e-22
2955,1,1,-1.8365e-21
2956,1,1,-3.08278e-23
2957,1,1,9.87807e-23
2958,1,1,-2.09491e-22
2959,1,1,-1.44743e-22
2960,1,1,-1.80681e-22
2961,1,1,-1.61582e-22
2962,1,1,-1.63768e-22
2963,1,1,6.91063e-23
2964,1,1,2.98814e-22
2965,1,1,2.98814e-22
2966,1,1,1.30894e-22
2967,1,1,-4.31825e-22
2968,1,1,-2.6058e-21
2969,1,1,9.14955e-23
2970,1,1,-4.95406e-22
2971,1,1,-2.13446e-24
2972,1,1,8.78273e-23
2973,1,1,4.14075e-22
2974,1,1,2.19191e-23
2975,1,1,-1.37359e-22
2976,1,1,-9.25102e-23
2977,1,1,-4.71213e-22
2978,1,1,-4.71213e-22
2979,1,1,-7.7199e-22
2980,1,1,3.84633e-22
2981,1,1,3.84633e-22
2982,1,1,-2.6784e-22
2983,1,1,-5.55739e-22
2984,1,1,5.14223e-22
2985,1,1,5.29562e-22
2986,1,1,-1.51002e-22
2987,1,1,-4.7266e-22
2988,1,1,5.13929e-22
2989,1,1,-4.69309e-22
2990,1,1,4.30984e-22
2991,1,1,2.74908e-23
2992,1,1,1.43425e-22
2993,1,1,6.05145e-24
2994,1,1,-1.64965e-22
2995,1,1,5.75616e-23
2996,1,1,1.02455e-22
2997,1,1,2.81827e-23
2998,1,1,-4.04819e-23
2999,1,1,3.73934e-23
3000,1,1,-2.47837e-22
3001,1,1,1.12893e-22
3002,1,1,5.74049e-22
3003,1,1,3.43064e-22
3004,1,1,2.79258e-22
3005,1,1,3.30208e-22
3006,1,1,-1.26034e-21
3007,1,1,2.98618e-22
3008,1,1,1.17535e-22
3009,1,1,3.96722e-22
3010,1,1,1.50124e-21
3011,1,1,-9.5946e-24
3012,1,1,-1.59524e-22
3013,1,1,-2.06129e-22
3014,1,1,-7.74755e-22
3015,1,1,7.04222e-23
3016,1,1,8.49099e-23
3017,1,1,4.95927e-22
3018,1,1,-1.64169e-22
3019,1,1,5.13861e-22
3020,1,1,-2.74248e-23
3021,1,1,-3.73743e-22
3022,1,1,-6.7495e-22
3023,1,1,-1.46874e-21
3024,1,1,1.04324e-22
3025,1,1,1.70399e-22
3026,1,1,-9.66177e-23
3027,1,1,1.49667e-22
3028,1,1,1.49667e-22
3029,1,1,1.1658e-22
3030,1,1,1.1733e-21
3031,1,1,-9.31438e-22
3032,1,1,5.14816e-22
3033,1,1,-2.37593e-22
3034,1,1,-1.2631e-22
3035,1,1,4.34433e-23
3036,1,1,-4.15691e-22
3037,1,1,-6.29452e-22
3038,1,1,-1.73389e-22
3039,1,1,-2.39283e-23
3040,1,1,2.94702e-22
3041,1,1,-1.68581e-23
3042,1,1,1.12254e-22
3043,1,1,-4.35268e-22
3044,1,1,-4.50353e-22
3045,1,1,-5.13063e-22
3046,1,1,-5.13063e-22
3047,1,1,-4.9482e-22
3048,1,1,-1.92032e-22
3049,1,1,1.69101e-22
3050,1,1,1.28993e-22
3051,1,1,2.08718e-22
3052,1,1,2.08718e-22
3053,1,1,9.23075e-23
3054,1,1,-2.93279e-22
3055,1,1,-2.62237e-22
3056,1,1,5.83968e-23
3057,1,1,-5.31938e-22
3058,1,1,1.30277e-22
3059,1,1,3.93461e-23
3060,1,1,-9.62001e-22
3061,1,1,1.00795e-22
3062,1,1,-8.46069e-23
3063,1,1,5.39173e-22
3064,1,1,1.05226e-22
3065,1,1,-1.41723e-22
3066,1,1,3.10146e-22
3067,1,1,-8.4521e-22
3068,1,1,-2.00188e-22
3069,1,1,-2.01468e-22
3070,1,1,-2.42649e-22
3071,1,1,3.58746e-22
3072,1,1,4.0692e-22
3073,1,1,-6.86169e-22
3074,1,1,-1.03056e-22
3075,1,1,-1.84994e-22
3076,1,1,-3.00223e-23
3077,1,1,-2.58881e-22
3078,1,1,1.70545e-22
3079,1,1,2.23648e-22
3080,1,1,2.69773e-23
3081,1,1,6.71269e-23
3082,1,1,2.5374e-22
3083,1,1,5.48465e-23
3084,1,1,-5.5991e-22
3085,1,1,1.63645e-23
3086,1,1,-4.27375e-22
3087,1,1,5.86191e-22
3088,1,1,6.01747e-22
3089,1,1,-5.25478e-23
3090,1,1,2.35316e-22
3091,1,1,4.85123e-22
3092,1,1,-1.3405e-22
3093,1,1,8.87224e-24
3094,1,1,-7.11512e-22
3095,1,1,2.79345e-22
3096,1,1,5.14189e-22
3097,1,1,2.91176e-22
3098,1,1,-4.13328e-23
3099,1,1,-2.46366e-23
3100,1,1,9.04622e-24
3101,1,1,1.70116e-22
3102,1,1,-4.02518e-24
3103,1,1,-2.87589e-22
3104,1,1,7.08162e-23
3105,1,1,3.28752e-21
3106,1,1,-1.79989e-22
3107,1,1,-2.50796e-21
3108,1,1,3.83815e-23
3109,1,1,5.79045e-23
3110,1,1,-9.32455e-22
3111,1,1,7.40652e-24
3112,1,1,-1.35779e-21
3113,1,1,5.0479e-22
3114,1,1,3.93923e-23
3115,1,1,-8.82857e-22
3116,1,1,5.63374e-23
3117,1,1,5.63374e-23
3118,1,1,5.63374e-23
3119,1,1,-2.38807e-23
3120,1,1,1.78108e-23
3121,1,1,9.76143e-22
3122,1,1,-6.58473e-22
3123,1,1,-1.14639e-22
3124,1,1,-1.28366e-21
3125,1,1,7.36625e-22
3126,1,1,3.0221e-22
3127,1,1,1.62048e-21
3128,1,1,1.83502e-22
3129,1,1,-1.83539e-22
3130,1,1,7.49134e-23
3131,1,1,-8.46885e-23
3132,1,1,-1.86078e-22
3133,1,1,1.06004e-21
3134,1,1,-1.34314e-22
3135,1,1,-1.50602e-22
3136,1,1,9.31736e-23
3137,1,1,1.50133e-22
3138,1,1,-3.42541e-22
3139,1,1,1.5165e-22
3140,1,1,-1.79222e-22
3141,1,1,-8.13964e-23
3142,1,1,1.50693e-22
3143,1,1,-1.41063e-22
3144,1,1,1.15983e-22
3145,1,1,3.64006e-22
3146,1,1,1.79786e-22
3147,1,1,7.48997e-22
3148,1,1,-2.43171e-22
3149,1,1,1.3713e-22
3150,1,1,-4.24129e-23
3151,1,1,-1.69215e-23
3152,1,1,-1.39666e-22
3153,1,1,-3.81151e-22
3154,1,1,-3.81151e-22
3155,1,1,1.11387e-21
3156,1,1,3.46379e-22
3157,1,1,7.29887e-22
3158,1,1,7.29887e-22
3159,1,1,3.60207e-22
3160,1,1,-1.13734e-22
3161,1,1,3.53329e-22
3162,1,1,-4.24518e-22
3163,1,1,-2.61884e-22
3164,1,1,2.71712e-23
3165,1,1,1.54104e-22
3166,1,1,1.7474e-23
3167,1,1,7.62722e-22
3168,1,1,-2.65463e-22
3169,1,1,1.50651e-22
3170,1,1,2.35534e-22
3171,1,1,2.99714e-22
3172,1,1,3.87043e-22
3173,1,1,6.39829e-22
3174,1,1,-1.83537e-21
3175,1,1,2.11969e-23
3176,1,1,1.63661e-21
3177,1,1,-3.81695e-22
3178,1,1,1.94015e-22
3179,1,1,-1.08026e-22
3180,1,1,-2.41565e-22
3181,1,1,-6.85048e-22
3182,1,1,2.90009e-22
3183,1,1,2.90009e-22
3184,1,1,6.21231e-22
3185,1,1,-1.07436e-22
3186,1,1,-1.12127e-22
3187,1,1,-3.18536e-22
3188,1,1,1.69792e-22
3189,1,1,5.3013e-23
3190,1,1,-4.85099e-22
3191,1,1,-1.73341e-22
3192,1,1,-3.52099e-22
3193,1,1,-2.19288e-22
3194,1,1,-2.19288e-22
3195,1,1,-3.55488e-22
3196,1,1,-2.26946e-23
3197,1,1,-1.62073e-22
3198,1,1,-2.61453e-22
3199,1,1,-3.73872e-24
3200,1,1,-3.07577e-23
3201,1,1,1.17881e-22
3202,1,1,-3.48313e-22
3203,1,1,2.13086e-23
3204,1,1,6.39662e-23
3205,1,1,-1.18413e-23
3206,1,1,-3.64562e-22
3207,1,1,5.64151e-22
3208,1,1,-4.56649e-22
3209,1,1,-2.17113e-22
3210,1,1,-5.98357e-22
3211,1,1,2.01499e-23
3212,1,1,-7.38699e-23
3213,1,1,3.62753e-22
3214,1,1,8.85509e-23
3215,1,1,6.39593e-23
3216,1,1,-3.62554e-22
3217,1,1,4.96902e-22
3218,1,1,-3.30281e-23
3219,1,1,7.36141e-23
3220,1,1,2.0528e-22
3221,1,1,-5.66297e-22
3222,1,1,9.78347e-22
3223,1,1,-5.5743e-22
3224,1,1,-5.15875e-22
3225,1,1,3.76434e-22
3226,1,1,7.35844e-22
3227,1,1,4.48564e-22
3228,1,1,-1.48086e-22
3229,1,1,-7.98658e-24
3230,1,1,1.27062e-21
3231,1,1,-2.20626e-22
3232,1,1,-1.65501e-22
3233,1,1,4.65314e-22
3234,1,1,7.85481e-23
3235,1,1,2.40623e-22
3236,1,1,-4.47025e-22
3237,1,1,-2.21874e-22
3238,1,1,-5.99716e-24
3239,1,1,-7.80554e-23
3240,1,1,-1.74702e-22
3241,1,1,-1.63353e-22
3242,1,1,1.12361e-22
3243,1,1,-8.66968e-22
3244,1,1,2.01132e-22
3245,1,1,-1.2172e-22
3246,1,1,-5.73723e-23
3247,1,1,-1.68515e-22
3248,1,1,-7.79096e-22
3249,1,1,1.43228e-22
3250,1,1,-3.37009e-22
3251,1,1,-1.22356e-22
3252,1,1,2.74225e-21
3253,1,1,-6.83797e-23
3254,1,1,2.07912e-22
3255,1,1,1.03829e-22
3256,1,1,4.60883e-22
3257,1,1,7.2448e-22
3258,1,1,1.61491e-21
3259,1,1,-1.00896e-22
3260,1,1,3.05582e-22
3261,1,1,3.98502e-23
3262,1,1,-2.80416e-22
3263,1,1,-2.86885e-23
3264,1,1,-2.42499e-22
3265,1,1,6.46158e-22
3266,1,1,-2.11754e-23
3267,1,1,3.43681e-25
3268,1,1,-1.2513e-22
3269,1,1,6.1834e-22
3270,1,1,-3.34098e-22
3271,1,1,-1.68292e-22
3272,1,1,-1.19252e-22
3273,1,1,-4.23516e-23
3274,1,1,1.75411e-22
3275,1,1,-1.03102e-22
3276,1,1,4.3445e-22
3277,1,1,1.23384e-22
3278,1,1,9.83691e-24
3279,1,1,5.42375e-22
3280,1,1,5.42375e-22
3281,1,1,5.71897e-23
3282,1,1,-8.66357e-23
3283,1,1,-8.68504e-22
3284,1,1,1.09924e-22
3285,1,1,-9.38787e-22
3286,1,1,1.40026e-22
3287,1,1,4.54857e-22
3288,1,1,-3.01078e-22
3289,1,1,5.53269e-23
3290,1,1,-2.86795e-21
3291,1,1,-8.1086e-23
3292,1,1,-2.83647e-22
3293,1,1,-6.89918e-24
3294,1,1,-8.05201e-22
3295,1,1,-2.61352e-23
3296,1,1,5.32681e-22
3297,1,1,-4.45549e-22
3298,1,1,-1.99158e-22
3299,1,1,3.63724e-24
3300,1,1,3.22776e-22
3301,1,1,-2.88907e-22
3302,1,1,1.70498e-22
3303,1,1,3.8304e-22
3304,1,1,5.32738e-23
3305,1,1,-4.29381e-22
3306,1,1,3.21132e-22
3307,1,1,3.63415e-23
3308,1,1,3.63415e-23
3309,1,1,-2.79021e-23
3310,1,1,-1.10726e-22
3311,1,1,-3.50017e-22
3312,1,1,-7.01067e-22
3313,1,1,5.37632e-22
3314,1,1,8.06466e-22
3315,1,1,-2.28306e-22
3316,1,1,-2.28306e-22
3317,1,1,-2.1463e-22
3318,1,1,5.12552e-22
3319,1,1,2.92084e-22
3320,1,1,1.23659e-22
3321,1,1,2.3868e-23
3322,1,1,2.17062e-22
3323,1,1,-3.41513e-23
3324,1,1,-3.41513e-23
3325,1,1,-3.41513e-23
3326,1,1,-7.14105e-22
3327,1,1,5.94865e-22
3328,1,1,-7.62016e-22
3329,1,1,2.78328e-22
3330,1,1,-2.40465e-22
3331,1,1,-3.08276e-24
3332,1,1,1.55291e-22
3333,1,1,-1.26799e-22
3334,1,1,-4.09887e-22
3335,1,1,1.61806e-22
3336,1,1,-4.71829e-22
3337,1,1,-4.00039e-22
3338,1,1,-8.85239e-23
3339,1,1,1.33737e-22
3340,1,1,-1.9703e-21
3341,1,1,4.14716e-23
3342,1,1,3.65524e-23
3343,1,1,-1.61509e-22
3344,1,1,1.46638e-21
3345,1,1,1.36999e-21
3346,1,1,-4.4984e-22
3347,1,1,-7.21772e-23
3348,1,1,-4.35956e-22
3349,1,1,7.4419e-24
3350,1,1,-2.30709e-22
3351,1,1,-7.02374e-22
3352,1,1,9.03741e-23
3353,1,1,-6.06e-23
3354,1,1,-1.49346e-22
3355,1,1,4.90887e-22
3356,1,1,5.97152e-22
3357,1,1,-4.12052e-24
3358,1,1,8.98275e-23
3359,1,1,1.27713e-22
3360,1,1,8.12956e-22
3361,1,1,1.10678e-22
3362,1,1,4.60872e-23
3363,1,1,4.60872e-23
3364,1,1,2.1354e-22
3365,1,1,6.16441e-23
3366,1,1,2.00496e-22
3367,1,1,-3.7246e-22
3368,1,1,-3.95837e-23
3369,1,1,3.72457e-23
3370,1,1,-3.2846e-23
3371,1,1,-8.49199e-23
3372,1,1,-6.59938e-23
3373,1,1,-6.59938e-23
3374,1,1,2.46528e-23
3375,1,1,3.17345e-23
3376,1,1,-3.78038e-22
3377,1,1,1.80279e-23
3378,1,1,2.44796e-22
3379,1,1,-2.16517e-22
3380,1,1,-2.16517e-22
3381,1,1,-1.10284e-22
3382,1,1,-1.66071e-22
3383,1,1,6.05815e-22
3384,1,1,-8.071e-23
3385,1,1,-1.596e-22
3386,1,1,1.82896e-23
3387,1,1,-1.01603e-21
3388,1,1,1.05894e-22
3389,1,1,1.95847e-23
3390,1,1,1.41671e-22
3391,1,1,-3.69594e-23
3392,1,1,-6.00603e-23
3393,1,1,1.92884e-22
3394,1,1,-3.02037e-22
3395,1,1,-1.75868e-22
3396,1,1,-2.52646e-22
3397,1,1,-1.50229e-22
3398,1,1,-3.82445e-22
3399,1,1,-4.09815e-22
3400,1,1,-2.28224e-22
3401,1,1,-3.50929e-22
3402,1,1,4.02116e-23
3403,1,1,-1.39335e-22
3404,1,1,3.39934e-22
3405,1,1,2.52695e-22
3406,1,1,2.91116e-22
3407,1,1,-6.83611e-23
3408,1,1,-1.03653e-22
3409,1,1,-2.33036e-22
3410,1,1,2.05893e-22
3411,1,1,-6.24064e-23
3412,1,1,2.0222e-22
3413,1,1,5.98589e-23
3414,1,1,-2.14982e-22
3415,1,1,2.77025e-22
3416,1,1,-8.07734e-24
3417,1,1,-8.07734e-24
3418,1,1,7.82939e-22
3419,1,1,9.6544e-23
3420,1,1,8.8878e-22
3421,1,1,-6.82191e-22
3422,1,1,1.94768e-22
3423,1,1,-4.85926e-24
3424,1,1,-4.85926e-24
3425,1,1,-1.57892e-22
3426,1,1,-1.92935e-22
3427,1,1,-2.28221e-22
3428,1,1,-9.71458e-22
3429,1,1,-2.87472e-22
3430,1,1,-3.53292e-22
3431,1,1,-3.50147e-22
3432,1,1,1.07232e-21
3433,1,1,-1.03545e-22
3434,1,1,-9.17037e-23
3435,1,1,-1.05406e-22
3436,1,1,-4.01874e-22
3437,1,1,-2.13749e-23
3438,1,1,1.20147e-22
3439,1,1,9.03164e-22
3440,1,1,-5.27409e-22
3441,1,1,-5.09414e-22
3442,1,1,-3.52899e-22
3443,1,1,2.21325e-22
3444,1,1,-4.34021e-22
3445,1,1,3.34359e-22
3446,1,1,3.07875e-24
3447,1,1,3.61794e-23
3448,1,1,-1.42223e-22
3449,1,1,6.17785e-22
3450,1,1,-2.64942e-23
3451,1,1,1.21559e-22
3452,1,1,1.21559e-22
3453,1,1,4.6175e-23
3454,1,1,8.51631e-23
3455,1,1,2.90603e-22
3456,1,1,-1.67344e-22
3457,1,1,1.1242e-21
3458,1,1,-5.98958e-22
3459,1,1,3.33102e-22
3460,1,1,-1.40083e-22
3461,1,1,-1.11265e-22
3462,1,1,6.07727e-22
3463,1,1,-4.88017e-23
3464,1,1,-1.12349e-22
3465,1,1,3.63344e-23
3466,1,1,2.43202e-22
3467,1,1,-2.47111e-22
3468,1,1,-2.47111e-22
3469,1,1,9.17757e-23
3470,1,1,-3.93172e-22
3471,1,1,3.06211e-23
3472,1,1,-4.52258e-22
3473,1,1,3.95233e-22
3474,1,1,-1.65369e-22
3475,1,1,-6.72411e-23
3476,1,1,2.53692e-22
3477,1,1,-1.71917e-22
3478,1,1,4.64935e-22
3479,1,1,4.64935e-22
3480,1,1,4.91684e-22
3481,1,1,-6.38238e-22
3482,1,1,-1.22808e-22
3483,1,1,3.36042e-22
3484,1,1,4.90997e-22
3485,1,1,2.77501e-22
3486,1,1,-2.94285e-23
3487,1,1,3.28281e-22
3488,1,1,2.3321e-22
3489,1,1,4.77724e-22
3490,1,1,1.92195e-22
3491,1,1,1.92195e-22
3492,1,1,3.1893e-22
3493,1,1,1.16684e-21
3494,1,1,-1.52564e-22
3495,1,1,-9.90086e-23
3496,1,1,3.13013e-22
3497,1,1,-1.07983e-22
3498,1,1,-2.67193e-22
3499,1,1,-2.67193e-22
3500,1,1,-3.64265e-22
