ReTr(Lx),ImTr(Lx)
0.09696,0.119574
-0.0432882,-0.0237215
-0.0717241,0.0380302
-0.0300772,0.00454405
-0.0300772,0.00454405
-0.0307932,-0.00519677
0.0642651,-0.0059102
0.0193609,-0.0273291
0.0193609,-0.0273291
0.0193609,-0.0273291
0.0376394,-0.150771
0.128995,-0.0221846
0.0301021,-0.0298003
0.0301021,-0.0298003
-0.0914767,-0.0214611
-0.0145857,0.0491349
-0.0555895,-0.00124383
0.0649906,-0.0461908
0.0435332,-0.0398619
0.0247558,-0.0113107
-0.00284444,-0.0143082
-0.00284444,-0.0143082
-0.0121875,0.0185856
0.0591365,-0.106863
0.0591365,-0.106863
0.0591365,-0.106863
0.0302253,0.0268346
0.0302253,0.0268346
-0.0214687,-0.0845342
0.0320352,0.0185166
0.0145322,0.0979892
-0.0448913,0.017329
0.0133691,0.126685
0.0608327,0.0085385
-0.0723498,-0.0322297
-0.0723498,-0.0322297
0.0244847,-0.0276353
0.0244847,-0.0276353
-0.0586498,0.0103209
-0.0586498,0.0103209
-0.0586498,0.0103209
-0.0586498,0.0103209
-0.0347653,-0.0331562
0.0214921,-0.0437411
0.0214921,-0.0437411
0.0214921,-0.0437411
-0.0316702,-0.0726545
-0.0316702,-0.0726545
-0.0316702,-0.0726545
-0.120164,0.0751875
-0.120164,0.0751875
-0.0124902,0.0943383
0.0362027,0.0438559
0.0539408,0.0276279
-0.0509207,-0.0518224
0.0330522,0.104256
0.0853642,0.0271702
0.0611268,0.132637
-0.0588383,0.041113
-0.0974617,0.00116973
-0.0357023,-0.00779182
-0.0588133,-0.0389259
-0.0700273,0.0547193
0.0879108,-0.089535
0.0217182,0.0418137
0.0640716,-0.0326778
-0.0504182,-0.0454274
-0.0381498,-0.00133703
0.0523242,-0.0471535
0.0701756,-0.103877
0.0123812,-0.0420642
0.0529313,-0.0499598
-0.030039,0.0832268
-0.030039,0.0832268
0.0282992,0.137127
-0.0240952,-0.0213718
-0.00738987,0.0551139
-0.00738987,0.0551139
-0.00738987,0.0551139
0.113748,-0.00149562
0.0865192,-0.0342183
0.0865192,-0.0342183
0.0101231,-0.0107371
-0.0411797,-0.147659
-0.0411797,-0.147659
-0.0465377,-0.0246415
-0.0465377,-0.0246415
-0.0465377,-0.0246415
-0.0465377,-0.0246415
-0.0446657,-0.0575122
-0.0240843,-0.102397
0.0368725,0.0279529
-0.0181403,-0.0114713
-0.0181403,-0.0114713
0.00913742,0.0545067
0.0387048,0.0516667
0.0387048,0.0516667
0.0858367,-0.0450284
0.0858367,-0.0450284
-0.0548457,-0.0209683
-0.0113692,-0.00393939
-0.0771702,-0.0443764
0.0313233,0.0186107
0.0528669,3.98069e-05
0.0528669,3.98069e-05
0.0528669,3.98069e-05
-0.0525225,0.118052
-0.00170764,0.0348267
0.0455341,-0.00803965
-0.0463571,0.0761288
0.009759,-0.0207662
0.009759,-0.0207662
0.009759,-0.0207662
0.0163655,0.0400323
-0.0451425,-0.019414
0.0551016,0.0474448
-0.0229424,-0.0319761
0.00117069,0.0022028
-0.048881,0.0129912
0.0320143,-0.0828549
-0.0536234,-0.0645226
-0.0536234,-0.0645226
0.0492699,-0.069254
0.0948992,-0.09408
-0.00190257,-0.0252638
-0.00190257,-0.0252638
0.0297186,0.0187994
0.0297186,0.0187994
0.0576414,0.100931
0.0350789,0.0554089
0.0684188,0.0910483
0.00180863,0.0235465
0.00180863,0.0235465
0.00180863,0.0235465
-0.00593903,0.0816238
-0.00593903,0.0816238
0.0521237,0.0527513
0.03445,-0.0903175
-0.0718167,-0.0723312
-0.0718167,-0.0723312
-0.0913733,0.0434688
-0.0290758,0.0628195
0.022591,-0.0541673
0.022591,-0.0541673
-0.0392112,-0.0785331
0.00630283,0.0288279
-0.0900525,0.0140311
-0.116638,0.0742411
0.0389108,-0.0133766
-0.000934267,0.137052
-0.000934267,0.137052
-0.000934267,0.137052
-0.093315,0.18122
-0.0640808,0.0706823
-0.0833717,0.101327
-0.0360721,-0.0389408
-0.00201263,-0.0956283
-0.0140533,-0.198088
-0.113453,0.0624937
0.00449272,0.0501191
0.0734625,-0.0532108
-0.00397482,-0.0270377
-0.00763267,0.0299943
-0.00763267,0.0299943
-0.0145377,0.0499546
-0.0021249,-0.106568
0.0218771,0.0167687
0.0461673,0.0100594
0.0234885,-0.0994233
-0.0421887,0.0186879
-0.0396997,-0.0520067
-0.0445297,-0.0433927
-0.0445297,-0.0433927
-0.021739,0.0326019
-0.0657313,0.0198736
-0.0835283,-0.087565
0.00377406,0.000375093
0.0613281,0.019603
0.00843375,0.00205091
0.0471943,0.0368773
0.0104252,0.0141057
-0.0141079,-0.00788071
0.00426866,0.0657361
0.00426866,0.0657361
0.00426866,0.0657361
0.00426866,0.0657361
-0.00895883,0.0213359
-0.00689085,-0.107633
-0.0126342,0.058489
-0.0126342,0.058489
-0.0126342,0.058489
0.0552823,0.0144011
-0.0263333,0.125023
-0.0364933,-3.95852e-05
-0.0199897,0.0236105
0.0364956,0.0490987
0.019656,-0.0346229
-0.115175,0.0262178
-0.115175,0.0262178
0.111329,-0.0092865
0.0930933,0.107373
0.110544,-0.105415
0.158766,0.00154507
-0.0045574,-0.029618
-0.0045574,-0.029618
0.0452006,-0.111023
0.0452006,-0.111023
0.0452006,-0.111023
-0.0452866,-0.132169
0.105533,-0.048524
0.0162498,-0.0300725
0.0493001,-0.0235371
0.0414047,-0.0605928
0.0243838,0.00780788
0.0243838,0.00780788
0.0581007,0.00230378
-0.0234145,-0.0542769
0.0325073,0.0659903
-0.0577726,-0.0181583
-0.0577726,-0.0181583
-0.00346842,-0.0394437
-0.0582608,0.0551064
0.0808539,0.000856442
0.0203398,-0.0379515
-0.0287583,0.0195946
0.0026303,0.0173933
0.0171173,-0.0832013
0.00452277,-0.0528563
0.0127828,-0.0286256
-0.0385093,-0.0542771
-0.0385093,-0.0542771
0.0295667,-0.0209108
-0.0246315,-0.0228729
0.0164293,0.0228789
0.1005,-0.126433
0.0168788,-0.0835892
-0.000111512,0.0353685
-0.0280586,0.0180405
-0.00543919,0.0471958
-0.0236947,-0.127647
-0.123276,0.101989
-0.152868,-0.0149063
-0.0794485,-0.0879092
-0.0768554,0.0615356
0.00440728,0.0575347
0.00440728,0.0575347
0.00440728,0.0575347
0.00440728,0.0575347
0.00440728,0.0575347
-0.0133118,-0.067427
0.110623,-0.105978
0.110623,-0.105978
0.03353,-9.55383e-05
0.03353,-9.55383e-05
0.03353,-9.55383e-05
0.03353,-9.55383e-05
-0.160693,-0.0794457
-0.160693,-0.0794457
0.0180115,0.0469564
0.0880158,0.00425422
0.0419036,0.0578174
0.0419036,0.0578174
0.124123,0.0161435
0.0946992,0.0518757
0.0946992,0.0518757
0.0946992,0.0518757
-0.020889,0.0723748
0.100556,0.00397073
0.201659,0.0361582
0.156122,-0.048731
0.156613,0.0417854
-0.0441502,0.0214416
0.0680169,-0.00555355
0.0744008,-0.0220416
0.0548987,-0.0175652
0.0548987,-0.0175652
0.0260531,-0.00573796
0.0967958,0.126066
-0.000548884,0.0667831
-0.00790357,0.0845758
-0.0165939,0.103715
-0.0165939,0.103715
-0.00826712,0.00394847
-0.00826712,0.00394847
-0.00397623,-0.0121597
-0.00397623,-0.0121597
-0.00397623,-0.0121597
-0.0496597,0.0318517
0.0642409,0.0676103
-0.0510942,0.0134997
0.010885,-0.0399873
0.0862367,0.00639705
0.0137102,-0.0338568
0.0308608,-0.0415444
0.0235177,0.00291177
0.036058,-0.0631562
0.036058,-0.0631562
0.00321773,-0.0780245
-0.0394118,0.00325729
-0.0387687,0.132585
0.0140859,0.0852133
0.0541304,0.0567942
0.0541304,0.0567942
-0.0121553,0.00596502
-0.00909142,0.0375825
0.00615654,-0.0570073
0.00376532,0.0253116
0.0384676,0.0479231
0.0354114,0.0520125
0.0397336,-0.0388333
0.104245,-0.116443
0.0545287,0.0894308
-0.0738386,0.0840642
-0.0738386,0.0840642
-0.0738386,0.0840642
-0.0474063,0.0129029
0.0101777,0.0137945
-0.00776007,-0.0647772
-0.00776007,-0.0647772
0.0535705,0.0349911
0.0462942,0.0415253
0.118654,-0.0457695
0.118654,-0.0457695
0.00562707,-0.0578298
0.00562707,-0.0578298
0.0533918,-0.000527888
0.0188871,-0.00877033
-0.00288495,-0.00838467
0.0350891,0.0150947
0.0350891,0.0150947
0.0350891,0.0150947
0.148047,0.00148884
0.08938,0.0300973
0.08938,0.0300973
0.0143308,0.106337
0.0143308,0.106337
0.0668108,0.0586582
0.00343187,-0.0973592
-0.0747131,-0.0407499
-0.0217267,-0.0323561
-0.00722291,0.0434488
-0.0686352,0.0259912
-0.0686352,0.0259912
-0.0686352,0.0259912
-0.0686352,0.0259912
-0.00171028,0.0257364
0.0250815,0.130875
0.100696,-0.060193
0.0310662,-0.0944375
-0.0321123,-0.0296234
-0.0179243,0.00518507
-0.0179243,0.00518507
-0.0179243,0.00518507
-0.0566593,0.0475396
-0.0732473,-0.0412927
0.0561775,0.0336023
-0.0975233,0.0210551
-0.0975233,0.0210551
-0.08596,0.0395437
-0.00216797,-0.0319531
-0.0644042,0.00115062
-0.00553035,-0.0113371
-0.00553035,-0.0113371
0.0267628,-0.0620338
0.0267628,-0.0620338
0.187196,-0.0122774
-0.0351277,0.000643704
0.0345123,0.0796422
0.0154953,0.00488694
-0.00313597,-0.0408622
-0.00674293,-0.0709731
0.0806642,0.0251317
0.108259,-0.051638
0.108259,-0.051638
-0.09996,0.0110992
-0.09996,0.0110992
-0.0591232,0.00963517
0.0169116,0.0131961
-0.0215121,0.0171593
-0.0391433,-0.00658003
-0.0391433,-0.00658002
-0.00904817,0.0557476
0.0379113,-0.0368124
0.0379113,-0.0368124
0.0148635,0.046895
-0.0113671,0.077566
-0.0157526,0.0217242
-0.00507307,-0.0357044
0.0121345,0.0100255
0.00454471,0.0306428
-0.013335,-0.0549832
-0.013335,-0.0549832
-0.0674576,-0.0270566
-0.0674576,-0.0270566
-0.104318,-0.0543637
-0.121463,0.0459815
-0.121463,0.0459815
-0.121463,0.0459815
0.0374708,0.00696569
-0.101514,-0.08002
0.0165696,0.0477959
0.0165696,0.0477959
0.13915,0.103421
0.00273637,0.0319523
-0.100934,0.0897992
-0.100934,0.0897992
-0.0758051,0.0683905
0.027637,-0.0703106
0.011488,0.0412028
-0.0681804,0.059759
0.0075501,0.0500872
0.0075501,0.0500872
-0.0638377,-0.0244674
-0.034344,0.0687037
0.0698146,0.0859675
0.00517511,0.120026
0.0283493,0.0246306
-0.00632234,-0.0308547
-0.00632234,-0.0308547
0.105247,0.0236614
0.0524342,0.00643432
0.0641766,0.0326852
-0.0128536,-0.136297
-0.00517849,-0.0359417
0.0145841,0.00244768
0.0518228,0.0577419
0.0518228,0.0577419
-0.099545,0.0598057
0.0616819,0.0791163
0.104118,0.0178315
0.0171031,-0.0269191
0.158036,0.149735
0.0947517,0.0661908
-0.0245764,0.159229
0.0151953,-0.0593832
-0.0242501,0.0191063
-0.0242501,0.0191063
-0.0242501,0.0191063
-0.0055774,-0.0336264
-0.0055774,-0.0336264
-0.150943,-0.0412207
-0.054626,-0.0315662
-0.120885,-0.0399907
-0.0492109,-0.0620303
0.0663283,-0.0492696
0.0567339,0.0478222
0.0408764,0.0476142
-0.0158636,0.148122
0.0353329,-0.0183962
0.159293,-0.0718325
-0.0187539,-0.0211188
0.0409277,0.0334685
-0.052427,-0.138093
-0.0376922,-0.0178391
-0.0489827,-0.103979
0.021473,0.133763
-0.0424129,-0.0476777
-0.0768103,0.0452936
0.0161843,0.00741186
-0.0207017,0.0554261
0.0880908,0.0249235
-0.0198997,-0.0121928
-0.033945,-0.00405172
-0.000105475,-0.00305494
-0.000105475,-0.00305494
0.0179888,-0.00249857
0.0179888,-0.00249857
0.0141018,0.090065
0.0625631,0.082768
0.0625631,0.082768
0.0625631,0.082768
-0.00234554,0.11982
-0.0174762,-0.0314841
-0.0174762,-0.0314841
-0.0162512,-0.0418235
0.0052467,-0.0858625
0.0052467,-0.0858625
0.0052467,-0.0858625
-0.0125784,0.08417
-0.0442478,-0.00792625
-0.00705413,0.0221833
-0.0375405,-0.0388345
-0.0375405,-0.0388345
-0.0693563,0.0644363
-0.175326,0.148922
-0.175326,0.148922
0.0539212,0.0511664
0.0539212,0.0511664
0.0539212,0.0511664
0.0539212,0.0511664
0.0452473,0.084515
0.0452473,0.084515
0.0452473,0.084515
0.0522966,0.0301371
0.0522966,0.0301371
-0.0142362,-0.0237288
0.0404292,0.0775962
-0.0429336,0.0706749
0.00906017,0.025394
-0.00294996,0.0350291
-0.0322841,0.0859642
-0.0322841,0.0859642
-0.0322841,0.0859642
-0.0223462,-0.026199
-0.0475554,0.034607
-0.0475554,0.034607
-0.0512338,-0.112322
-0.0512338,-0.112322
-0.0512338,-0.112322
-0.0107601,-0.0347567
-0.0406411,-0.000835542
-0.0406411,-0.000835542
-0.0406411,-0.000835542
-0.0521273,0.00219625
0.00669292,0.0147788
0.0408008,0.0491933
0.123046,0.0826468
0.00803945,-0.00672757
0.0248216,0.000891308
0.0248216,0.000891308
0.0248216,0.000891308
-0.0165712,-0.0276382
0.0634258,-0.0427151
-0.0329834,0.076332
0.0446624,0.0237965
0.0899375,0.0011849
0.0575033,-0.0131629
0.00692069,0.00651577
0.0563396,0.031451
0.0563396,0.031451
-0.0417357,0.0267822
0.0236604,0.025432
0.0236604,0.025432
-0.0553167,-0.0318187
0.00657565,-0.0393934
-0.0929142,0.0210725
-0.147727,0.104087
0.010498,0.0424481
0.010498,0.0424481
0.109113,0.038106
0.0798578,-0.0223022
-0.0188476,-0.0224358
-0.0316598,0.0597646
-0.0293767,-0.0436392
-0.0356283,-0.000209776
0.0308017,-0.0451166
0.00651953,0.055401
-0.0436473,0.0156797
0.0596012,-0.0948008
-0.0617824,-0.000521121
-0.0921883,0.0742017
-0.0493792,-0.00147457
-0.0493792,-0.00147457
-0.00242223,0.005313
-0.0701429,0.0436618
0.00621027,0.00860325
0.0798835,-0.0360354
0.035994,-0.0827675
0.035994,-0.0827675
-0.116303,-0.0144036
-0.0243993,-0.117545
-0.0448595,0.109311
-0.00949058,0.0761773
-0.00949058,0.0761773
-0.00949058,0.0761773
-0.031296,0.0259416
0.0531784,0.184835
-0.0163001,0.0484051
0.00504325,0.109646
0.0116957,0.00947658
0.0116957,0.00947658
-0.0208445,-0.0793812
-0.0253008,-0.0771517
0.0824767,0.00964283
-0.025242,0.0419276
-0.025242,0.0419276
-0.0145579,0.00967875
-0.0524432,-0.0114023
-0.0407303,0.220465
-0.0185477,0.157396
-0.0185477,0.157396
0.0812947,0.0881625
0.0812947,0.0881625
0.0182738,-0.116377
-0.159837,-0.08336
0.033547,-0.0324117
-0.0360074,-0.0413023
-0.0360074,-0.0413023
-0.09282,0.0557659
-0.0219001,0.100846
0.011851,0.109164
0.011851,0.109164
-0.0840917,0.051949
-0.0840917,0.051949
-0.0840917,0.051949
0.0281765,-0.031884
0.09464,-0.0258424
-0.0234208,0.0510573
-0.0421198,0.0772884
0.0497459,-0.0819949
0.0497459,-0.0819949
0.0497459,-0.0819949
-0.0480436,-0.0149335
0.102412,0.0225879
0.113101,0.0775424
0.012834,0.190777
-0.0637754,0.024029
0.0573297,0.220036
0.0573297,0.220036
0.180027,0.0548298
0.00416874,0.0170807
-0.0201662,0.0490818
0.00824388,0.0711404
0.0187672,-0.0302152
0.0983983,-0.0323136
-0.0226655,-0.0755501
0.0199296,-0.0409001
0.0199296,-0.0409001
-0.028909,-0.0199559
0.0241573,0.0117702
0.0931017,0.0328702
0.0427713,0.00222375
0.0427713,0.00222375
0.0427713,0.00222375
-0.0478372,-0.00669854
0.0300651,-0.000875558
0.0329049,0.0158185
0.0329049,0.0158185
0.152608,-0.00482008
0.0549227,0.0783726
0.0872958,-0.0390529
0.0872958,-0.0390529
0.0337703,-0.0303193
-0.0247336,-0.00582487
-0.0368616,-0.0479591
-0.0368616,-0.0479591
-0.0368616,-0.0479591
0.0326388,0.09347
0.00563472,0.00175811
-0.0692314,-0.0495778
0.103256,-0.132617
0.103256,-0.132617
0.0289355,-0.0220122
-0.178066,-0.0103923
0.0544547,0.0430644
-0.0355721,-0.05247
-0.0338818,-0.0481924
-0.0929658,-0.0781454
-0.0125658,0.0543341
-0.0945,-0.0725283
-0.0812814,0.00519741
-0.0812814,0.00519741
-0.0054796,-0.122471
-0.113341,0.0700623
-0.113341,0.0700623
-0.0711394,-0.0417983
-0.0937733,-0.0078311
-0.0937733,-0.0078311
-0.0464865,-0.0538987
-0.0464865,-0.0538987
-0.0464865,-0.0538987
0.049526,0.0210192
0.0638762,-0.0336236
0.0638762,-0.0336236
0.0183741,-0.0556894
0.099805,0.0506151
0.0472013,0.0542984
0.0472013,0.0542984
0.0233693,0.0458497
-0.0210107,-0.0439744
0.0732959,-0.0409368
0.035207,0.0887283
-0.0844042,0.00855025
-0.0707266,0.0580144
-0.0236843,-0.0360842
0.0882967,-0.0533862
0.125738,-0.170713
0.0960883,-0.125701
0.0850975,-0.132453
0.0850975,-0.132453
-0.0369822,-0.109739
-0.0233132,-0.018816
-0.0233132,-0.018816
0.0163176,-0.0397191
0.0163176,-0.0397191
0.0163176,-0.0397191
0.0163176,-0.0397191
0.0127953,-0.0213752
0.0346557,0.0348578
0.0346557,0.0348578
0.0273268,-0.015809
-0.0417636,-0.0290335
0.0585324,0.0183873
0.0289239,-0.0382207
0.148831,0.0581692
0.148831,0.0581692
-0.0482037,-0.155325
-0.0482037,-0.155325
-0.0449302,0.10439
-0.00171537,0.0224913
-0.00171537,0.0224913
-0.00171537,0.0224913
0.0410306,-0.0651775
-0.0908608,-0.00840833
-0.0139973,0.0137467
0.00718863,-0.0466258
0.148772,-0.0389488
0.148772,-0.0389488
0.148772,-0.0389488
-0.0528002,0.0731286
-0.0173581,0.0976317
-0.0622931,-0.0245316
-0.0563733,-0.0737481
-0.0477025,-0.0760673
-0.0477025,-0.0760673
-0.191034,-0.0398412
-0.191034,-0.0398412
-0.0616192,0.0519535
-0.0616192,0.0519535
-0.0523272,-0.0170339
-0.0523272,-0.0170339
0.0227449,-0.0200261
0.0227449,-0.0200261
0.0228069,0.0184995
0.0228069,0.0184995
-0.0616844,-0.0884892
0.0942983,0.00321843
0.123546,0.00659108
-0.0140788,-0.00460162
-0.0348914,-0.0084455
-0.0348914,-0.0084455
-0.004666,-0.0797828
-0.0322337,-0.0200558
0.0320657,-0.0228737
0.0320657,-0.0228737
0.0786005,-0.0734069
0.0683051,-0.00573006
-0.00639132,0.0227545
-0.00639132,0.0227545
-0.0480133,-0.0537033
-0.191603,0.0699801
-0.191603,0.0699801
-0.0435281,0.149185
0.0280593,0.04012
-0.0448298,0.0146238
0.0150518,-0.0548098
-0.0196893,-0.0715521
-0.0204461,0.00673873
0.0528719,-0.0383505
0.0231212,0.0170571
0.0138951,-0.098065
-0.0135052,-0.053177
0.0121029,0.0592867
0.0297427,-0.0115321
0.0297427,-0.0115321
-0.00172511,0.0129935
-0.00172511,0.0129935
0.0236184,0.0267513
0.0213312,-0.0596423
0.0274329,0.164119
0.0274329,0.164119
0.0274329,0.164119
0.0335431,0.0727386
0.0335431,0.0727386
-0.00357582,0.0207563
0.0317521,-0.0947883
0.0317521,-0.0947883
0.0317521,-0.0947883
0.0663472,-0.096615
-0.0157172,0.0116882
0.0346536,-0.0843033
-0.0387333,0.0254353
-0.0707338,0.0653302
-0.0707338,0.0653302
-0.0707338,0.0653302
-0.0663223,0.0354395
-0.0361658,0.111929
0.0271177,-0.00675367
0.023411,0.00155309
-0.0207833,-0.0229302
-0.0717617,-0.049475
0.113999,0.00343928
-0.0505768,-0.116072
0.105548,0.0803385
0.061806,-0.0405268
0.000201088,0.0144255
-0.0558054,-0.0609583
-0.048428,-0.149136
-0.107196,-0.172776
-0.0883508,-0.0697098
0.094045,-0.0181821
0.094045,-0.0181821
-0.125602,-0.0385865
-0.0535768,0.050475
-0.0535768,0.050475
0.0261822,0.210048
0.0261822,0.210048
-0.0341585,0.0162274
-0.0256922,-0.0238768
-0.0256922,-0.0238768
-0.0509405,0.134357
-0.0141158,-0.0776203
-0.0349056,-0.0155783
0.0590274,0.0744076
0.0590274,0.0744076
-0.0501126,0.00278685
0.0234241,-0.0218179
-0.0283725,0.0169399
-0.0283725,0.0169399
-0.0283725,0.0169399
0.0384769,-0.0657658
0.0165693,-0.133151
0.0165693,-0.133151
0.0165693,-0.133151
0.0165693,-0.133151
-0.028905,-0.157931
-0.0927658,0.023323
0.0572537,0.00404389
-0.16699,-0.0723346
-0.0781073,0.022035
-0.0679184,0.0617085
-0.0527116,0.09008
-0.0334257,0.0212618
-0.0496442,0.0678485
-0.0496442,0.0678485
-0.0558423,0.10006
-0.0390712,0.0826843
-0.0153718,-0.0432473
-0.0209151,-0.0244832
-0.0604115,-0.0663259
-0.0604115,-0.0663259
-0.0560307,0.0214559
-0.0891708,0.0174652
-0.0716205,-0.0887067
-0.181685,-0.00275407
-0.0756071,0.0116092
-0.070087,0.0488288
0.0441565,0.104722
-0.00962283,0.0577293
0.0486704,0.0155849
0.0486704,0.0155849
0.082955,0.000773437
-0.00444112,0.0549277
-0.00444112,0.0549277
0.0643895,0.049378
0.0449331,0.0197859
0.023343,0.0330599
0.023343,0.0330599
0.0363906,-0.0349819
0.00680561,-0.0722817
-0.0616128,0.0293101
-0.0616128,0.0293101
-0.00861633,-0.08918
-0.0639711,0.097965
0.0489126,-0.049972
0.0776152,0.0528802
-0.022605,-0.0795693
-0.0137409,0.0231445
-0.0137409,0.0231445
-0.0137409,0.0231445
-0.0761133,0.00469791
0.0861792,0.0695304
0.0861792,0.0695304
0.0113003,0.166038
-0.0227187,-0.0303045
-0.0760631,-0.0134968
-0.0142525,-0.0538827
-0.0142525,-0.0538827
-0.0142525,-0.0538827
0.0253025,0.0258336
0.00473892,0.137571
0.00473892,0.137571
0.00473892,0.137571
0.0208822,-0.0719416
-0.0478027,0.0657215
0.0205317,-0.028652
0.0205317,-0.028652
0.049093,-0.0321634
-0.05175,-0.0848958
0.00800623,-0.0552001
-0.0671261,-0.00546926
-0.0823782,-0.021615
0.013299,-0.0409807
0.101417,-0.0273611
0.0208973,0.110705
0.10245,0.0573492
0.00448025,0.103185
0.00448025,0.103185
0.10458,0.100113
0.104834,0.0443385
-0.0256988,-0.00470427
-0.0256988,-0.00470427
-0.0256988,-0.00470427
-0.00732537,0.14506
-0.00732537,0.14506
-0.066374,0.0841283
0.0267291,0.194751
0.0696993,-0.0379005
0.0696993,-0.0379005
0.0581308,0.0476683
0.0371114,-0.0750673
0.0371114,-0.0750673
0.0371114,-0.0750673
0.0728846,0.0325756
0.195729,0.0110171
0.0731892,0.0223636
0.0897108,0.11392
0.0855875,0.00233728
0.0843808,-0.131306
0.117748,-0.0257663
0.0263695,-0.00185548
0.0243207,-0.242128
-0.0105851,-0.0541542
-0.0105851,-0.0541542
-0.0105851,-0.0541542
0.00756234,0.0193327
-0.0243381,0.00391967
-0.145083,-0.0610752
-0.0649752,0.0927583
-0.0553207,0.122701
-0.0553207,0.122701
0.0233799,-0.0551014
0.08553,0.0457268
-0.0230497,0.0691681
0.132729,-0.0694198
-0.0373146,-0.0783466
-0.0556996,-0.00552959
0.000732731,0.059557
-0.0435722,0.10409
-0.0927017,0.0585377
-0.054576,0.0375778
-0.0510145,-0.0815977
-0.00298885,0.0746933
-0.0213544,-0.10102
-0.079422,-0.0557018
-0.079422,-0.0557018
-0.160632,-0.0529758
0.000944025,-0.0292557
0.0265889,-0.0404773
0.0265889,-0.0404773
0.0265889,-0.0404773
-0.00752347,0.0577937
0.10716,-0.0177967
0.00701574,0.0181751
0.00701574,0.0181751
0.0562575,0.0404008
0.0117516,-0.029737
0.10598,-0.0568632
0.0431407,-0.0356477
0.0701012,0.0331275
0.0701012,0.0331275
0.0701012,0.0331275
-0.0125206,-0.0119954
0.0624163,-0.00798922
-0.0877608,-0.0300159
-0.0629527,-0.00222579
-0.0615608,0.0164224
0.0389107,-0.0875683
0.0389107,-0.0875683
0.0142137,0.0466756
-0.00831785,0.023385
0.111457,0.07346
0.111457,0.07346
0.119673,0.0448797
0.120868,0.0920933
-0.0994808,-0.137901
-0.103507,-0.120694
-0.103507,-0.120694
-0.103507,-0.120694
0.119932,0.0733819
0.119932,0.0733819
0.0534802,-0.0101486
-0.0064656,-0.132027
-0.0128582,0.0734788
-0.0148509,0.066011
-0.0148509,0.066011
0.00626903,-0.0169815
-0.0669968,-0.0761197
-0.00281114,0.0545363
-0.0463627,-0.113164
0.0587918,0.0394092
-0.0846108,-0.0808185
0.0166404,-0.0335705
-0.0319808,0.00759629
-0.0319808,0.00759629
-0.0319808,0.00759629
0.0296385,-0.101831
-0.0198172,0.0753222
-0.0198172,0.0753222
-0.0460648,0.0119643
-0.00801392,0.0216425
-0.00801392,0.0216425
-0.00801392,0.0216425
-0.121069,-0.0602187
-0.0190714,0.05222
-0.0278038,0.0465224
-0.083495,-0.0375772
-0.083495,-0.0375772
-0.083495,-0.0375772
-0.083495,-0.0375772
0.061666,0.0167056
0.061666,0.0167056
-0.0157048,-0.0275303
-0.0157048,-0.0275303
0.0712586,-0.0401699
-0.00735623,-0.0845642
0.0981292,0.0154011
-0.00423355,0.0657331
0.0805171,0.0212161
-0.0199529,-0.0127063
-0.0107466,-0.00372331
0.0334913,-0.00617915
-0.0067062,0.00339103
-0.0067062,0.00339103
0.0211677,0.0663436
-0.0701367,-0.0326271
0.00970733,0.056828
-0.0357497,0.061296
0.0956025,-0.00622487
0.0956025,-0.00622487
0.0956025,-0.00622487
0.00550172,-0.000585566
-0.0536542,-0.0807209
-0.0525149,-0.0264072
0.00650572,0.0376136
0.00650572,0.0376136
0.0602769,0.0266105
-0.0599061,0.0886875
-0.0101252,0.0874033
-0.0258483,0.0360413
-0.123446,0.120869
-0.0347613,0.000566794
-0.0347613,0.000566794
0.0984667,-0.0877958
-0.00465813,0.0165973
-0.0380839,0.105489
0.00708739,0.0799749
-0.112843,-0.00593068
-0.0571266,-0.131925
-0.0372795,-0.116844
-0.0372795,-0.116844
0.00432598,-0.0424738
0.0411026,-0.0669945
0.0791053,0.0512767
0.0791053,0.0512767
0.0791053,0.0512767
0.0177002,0.0467867
0.0177002,0.0467867
0.0134603,-0.0763627
-0.16899,-0.0543091
-0.0495047,0.114289
-0.0634881,-0.0798501
0.259341,-0.0906392
0.261667,0.0769338
0.161059,0.145206
0.0310463,0.073569
0.0310463,0.073569
0.036535,-0.0450047
0.0531158,0.0388808
0.0198925,-0.112059
0.0171742,-0.0367652
-0.0264392,0.00517607
-0.0264392,0.00517607
-0.0264392,0.00517607
0.0100535,0.0648976
0.0100535,0.0648976
-0.0646637,-0.0912725
0.0540262,0.0126012
0.00810727,-0.0806274
-0.0356663,-0.0634072
0.0627401,0.0868833
0.0636515,0.0720707
0.125709,-0.0529522
0.0363719,0.0112907
0.247653,-0.0434821
0.0431656,0.130589
-0.0323097,0.084715
-0.0323097,0.084715
-0.0323097,0.084715
-0.0323097,0.084715
-0.0323097,0.084715
0.00558352,0.0569408
-0.00121096,0.050927
-0.0317499,0.0529781
0.0312293,0.0195166
-0.0374025,0.0072207
0.0834725,-0.129238
0.0545666,-0.0387102
0.0341851,-0.064232
0.0754693,-0.013203
0.0401994,-0.109044
-0.0416547,-0.0198073
0.0796893,-0.086125
-0.0622232,-0.0838742
-0.0622232,-0.0838742
-0.0622232,-0.0838742
-0.0622232,-0.0838742
-0.0622232,-0.0838742
-0.0622232,-0.0838742
-0.0557004,-0.136153
0.00364361,0.0166442
-0.0824227,0.00217002
0.042716,0.0450211
0.00252548,-0.0521225
0.00252548,-0.0521225
0.0774207,-0.0249399
0.0326916,0.0137983
0.0326916,0.0137983
-0.0193526,-0.0484531
-0.0468158,0.0179643
-0.0204321,0.00622684
0.00058587,-0.0455123
0.00135764,0.0191739
0.0110572,0.0556616
-0.137162,0.0645807
-0.0140792,0.0297117
0.0329793,0.00398108
0.0329793,0.00398108
0.0543518,0.0651993
0.0600982,-0.0453644
0.0201504,0.091845
0.0201504,0.091845
0.0164801,-0.0260057
-0.0488908,-0.112503
-0.0134978,0.0157359
-0.0134978,0.0157359
0.0584913,0.0362554
0.0584913,0.0362554
0.0584913,0.0362554
0.0584913,0.0362554
0.0481014,-0.006763
-0.0606122,-0.013504
0.0139923,-0.0317822
0.0139923,-0.0317822
0.0598359,-0.0258591
-0.0749246,0.138847
-0.0749246,0.138847
-0.0749246,0.138847
-0.0749246,0.138847
-0.0640687,0.0945817
-0.0640687,0.0945817
-0.10727,-0.0172026
-0.10727,-0.0172026
-0.0972125,0.035588
-0.0972125,0.035588
-0.0387962,-0.0301904
-0.0808286,0.0141718
-0.166153,0.0153826
-0.166153,0.0153826
-0.0199888,-0.0527391
-0.0199888,-0.0527391
-0.11534,-0.0852833
-0.0655895,0.0030284
-0.0718348,0.119058
-0.0718348,0.119058
-0.0300153,0.0802647
0.0571999,0.0773408
0.0996508,0.0326933
0.0996508,0.0326933
0.0168529,0.000648754
-0.00904825,-0.00104572
0.0077585,0.00620128
0.106649,0.00310994
0.0371213,0.0630676
0.0360507,0.0495791
0.0307377,0.0723095
0.0641221,-0.0410612
0.0141324,0.0263916
-0.0446701,0.00390413
0.0155093,0.0224034
0.0155093,0.0224034
0.0517402,-0.000149662
-0.0873175,0.0825272
-0.0575782,0.0577814
-0.0669463,0.00659992
-0.0669463,0.00659992
-0.0669463,0.00659992
-0.0564855,0.0594749
0.0161905,0.111981
0.0542331,0.0389037
0.00346466,0.0289563
-0.0215367,0.00542038
-0.175737,-0.125518
-0.0266855,-0.0836733
0.0422135,-0.0534187
0.0422135,-0.0534187
0.0633033,-0.109414
0.0240495,0.0121551
0.0649852,-0.0535158
0.0506996,0.0228992
-0.012781,-0.00843092
-0.094925,0.089725
-0.0215557,0.00882767
-0.00849525,0.0351207
0.0892467,0.0969383
0.0892467,0.0969383
0.0892467,0.0969383
-0.0571503,0.0856767
-0.0676852,0.0952142
0.0689786,0.0595179
0.0229285,0.0547617
0.0340212,0.12847
0.0866717,0.0317616
-0.0523843,0.0347554
-0.0288883,-0.0862925
0.0460243,-0.0960575
-0.0633304,0.0405333
-0.0368422,0.0648962
-0.0425335,0.042986
0.0116182,0.0168189
0.0162985,0.057225
-0.0102818,0.149982
-0.0665472,0.0184747
-0.0665472,0.0184747
0.0427652,-0.0487549
0.0875675,0.0186737
0.0389255,-0.0352963
0.0389255,-0.0352963
-0.0140976,-0.0282209
0.0320723,-0.00466388
-0.0245257,-0.0118586
-0.0245257,-0.0118586
0.0398715,-0.0138269
-0.0204944,-0.0291961
0.0284555,-0.0809206
0.0284555,-0.0809206
0.0130503,-0.0899383
-0.00810545,0.026521
-0.00810545,0.026521
-0.00810545,0.026521
-0.0705,0.176175
-0.0705,0.176175
-0.0551838,-0.0174753
-0.00359825,0.112976
-0.0431945,-0.160497
-0.00643702,-0.0101636
0.0409511,0.150985
-0.0164427,0.0729822
0.0179115,-0.00881817
0.0179115,-0.00881817
-0.0424753,0.0475242
-0.0721331,0.0591894
0.0386185,0.00142265
-0.0650344,-0.0103527
-0.0329547,-0.0794973
-0.0329547,-0.0794973
-0.0792216,0.00219733
-0.0792216,0.00219733
-0.0792216,0.00219733
0.0552302,0.148001
0.0552302,0.148001
0.00177056,0.00727467
0.00177056,0.00727467
-0.0889275,-0.109494
-0.0889275,-0.109494
-0.0889275,-0.109494
-0.0889275,-0.109494
0.0256177,-0.278528
0.0802568,-0.0918925
0.0663193,0.121679
0.139312,0.0676021
0.0656124,0.011716
0.0656124,0.011716
0.00534558,0.0215738
0.0760878,0.0337437
0.00259473,0.0945558
0.00259473,0.0945558
-0.0469782,0.0389324
-0.020158,0.0651547
0.00183955,-0.127324
0.00183955,-0.127324
0.0682347,0.00359488
0.00201948,0.00644472
-0.0888083,-0.0309301
0.0354629,-0.057888
0.102776,-0.0137032
-0.0092555,0.02768
0.0437535,0.0589968
0.029805,-0.00874942
-0.0358916,0.0340288
-0.0358916,0.0340288
0.054487,0.123001
0.0896933,0.108643
0.0896933,0.108643
-0.0178741,-0.0468019
-0.0178741,-0.0468019
0.00320105,-0.104702
0.0055617,-0.0502287
0.0055617,-0.0502287
-0.0415022,-0.0354869
0.0115742,0.0166714
0.0272739,-0.0621696
0.0272739,-0.0621696
0.0272739,-0.0621696
-0.0123669,0.0752037
0.0363808,-0.116133
0.0363808,-0.116133
0.0657909,-0.000265181
0.0393772,-0.0427241
0.0544088,0.0525761
-0.0284128,0.0276899
-0.0284128,0.0276899
-0.0111548,0.184532
-0.0111548,0.184532
0.0558067,0.106219
-0.014641,-0.0441826
0.0741887,0.0661323
-0.0141698,0.00467077
-0.0141698,0.00467077
-0.0141698,0.00467077
0.018035,0.0315127
0.0331041,-0.0192123
0.0501902,0.0777563
-0.0299005,-0.0249809
-0.0394461,-0.0186353
-0.0306241,-0.00956142
-0.0306241,-0.00956142
-0.0306241,-0.00956142
0.0445265,-0.178817
-0.00461645,-0.152872
0.0507874,0.0540307
-0.011048,0.0120965
-0.0232472,-0.0632731
0.0562609,0.0914475
-0.107893,0.0416548
0.0223982,0.00649888
0.00145713,0.0263942
0.00145713,0.0263942
0.00145713,0.0263942
-0.0350028,0.0213042
0.0436388,-0.0278246
-0.0505451,-0.0217009
-0.0634571,-0.0442922
-0.0634571,-0.0442922
0.00944258,-0.0385011
-0.0100372,0.0148247
0.0326218,0.0110271
0.0109432,-0.0493705
0.0109432,-0.0493705
-0.00871483,-0.0760383
-0.00871483,-0.0760383
-0.00871483,-0.0760383
-0.04803,-0.0299703
-0.0861933,0.0135565
-0.065077,-0.0407506
-0.00909525,-0.0360492
0.0217822,-0.0156356
-0.0414207,-0.0742712
-0.0414207,-0.0742712
-0.0617938,0.0362376
-0.0162917,-0.0621923
-0.0164435,0.0196579
-0.0118102,0.00488977
-0.00159667,0.0912125
-0.00159667,0.0912125
-0.00159667,0.0912125
-0.0172973,0.0383966
0.0210602,0.143098
0.0395516,0.0646048
-0.068054,-0.000864117
-0.00252552,0.113126
0.00159457,0.0173594
0.0094335,0.0426683
-0.0212808,0.0441451
-0.0292216,0.116301
-0.0350037,-0.0173108
-0.0547202,-0.0185045
-0.0547202,-0.0185045
-0.0549805,0.00193624
-0.0549805,0.00193624
-0.0851683,-0.0410205
-0.0566757,0.0381333
0.0804394,0.0399598
0.0804394,0.0399598
0.0804394,0.0399598
0.0804394,0.0399598
0.0804394,0.0399598
0.0333977,0.0984533
-0.0519296,-0.0331013
-0.111083,-0.0467947
-0.111083,-0.0467947
-0.111083,-0.0467947
-0.111083,-0.0467947
-0.0266101,-0.0600523
-0.0266101,-0.0600523
-0.0266101,-0.0600523
-0.0266101,-0.0600523
-0.00838858,-0.0321799
0.0157576,-0.0718804
0.0224607,-0.0545068
0.0169095,0.0492343
0.0307171,-0.0297059
-0.0967008,0.00259512
-0.0100749,0.0180757
0.0281832,-0.111828
-0.0728423,0.0609921
-0.0728423,0.0609921
-0.0698323,0.000586052
0.0200954,0.0413112
0.0200954,0.0413112
0.0352364,-0.0323375
-0.03799,-0.132892
-0.0713455,-0.0399663
-0.0187978,0.10457
-0.0187978,0.10457
-0.0187978,0.10457
-0.0197188,0.0399781
0.0615088,-0.0551713
0.00994842,-0.13492
-0.000158028,-0.0116015
-0.000158027,-0.0116015
-0.00502129,0.0114366
-0.00502129,0.0114366
-0.0103832,0.0185988
-0.0103832,0.0185988
0.0665585,-0.121018
0.0665585,-0.121018
0.0147796,-0.17264
-0.0997917,-0.0750573
-0.00170279,-0.0847125
-0.117278,0.0346316
-0.117278,0.0346316
0.0413603,-0.00279971
-0.0153332,0.0261021
0.12096,-0.152988
-0.0830878,-0.151902
0.0373662,-0.0971408
0.0965575,-0.0675439
-0.0275472,-0.0129237
0.040639,0.103155
-0.144657,0.0444978
-0.144657,0.0444978
-0.151376,0.0392686
-0.151376,0.0392686
-0.130598,0.077721
0.00496318,-0.0736395
0.0426791,0.00784516
0.127786,-0.0142099
-0.126123,-0.00186049
-0.0206092,-0.0106391
-0.10298,0.0380395
-0.0949575,0.0433459
-0.049407,0.037338
-0.049407,0.037338
-0.049407,0.037338
0.0882667,0.0105996
0.0627055,0.0654929
0.0627055,0.0654929
0.0363595,-0.010599
-0.0218813,-0.0349689
-0.0709086,0.073355
-0.065641,-0.0979067
-0.065641,-0.0979067
-0.0459255,0.14286
0.0513085,0.0127632
0.00334167,0.0418533
0.0218508,-0.0530585
0.0218508,-0.0530585
0.00452689,-0.00265063
0.00452689,-0.00265063
0.0283797,0.0999825
-0.00967058,0.0246603
-0.00967058,0.0246603
0.0879308,-0.00680506
0.0879308,-0.00680506
0.135654,0.00131298
0.100925,0.10216
-0.0479854,0.0646343
-0.0717212,6.75715e-05
-0.109338,0.0474861
-0.0362263,-0.0189646
-0.0362263,-0.0189646
-0.0598029,0.0111811
-0.0293488,0.00637678
-0.00899733,0.0013732
-0.00899733,0.0013732
-0.00899733,0.0013732
-0.047511,-0.034547
-0.00295443,-0.0271351
-0.117185,0.0414928
-0.00647566,0.0726604
-0.0682517,-0.0253678
-0.054477,0.0165902
-0.0271912,-0.058647
-0.0491415,-0.119364
-0.0508605,-0.107135
-0.0121291,-0.0282414
0.00464811,0.0581831
0.124578,-0.0189465
0.00236736,0.0169498
0.0337663,0.0340273
0.08472,0.0552558
0.134207,-0.00919442
0.0293783,-0.0774415
-0.161607,-0.0900442
-0.0592909,-0.0864333
-0.0627936,-0.157715
0.0249012,-0.096715
0.0249012,-0.096715
-0.0155277,-0.102078
-0.0511122,-0.0378635
0.104902,-0.135478
0.0471335,-0.0459577
-0.0470764,8.66208e-05
-0.00843533,-0.0204688
-0.00843533,-0.0204688
-0.0244129,-0.0336564
0.0192156,0.0522901
-0.0501142,0.0747642
-0.032559,0.0280638
-0.0336789,0.0193816
0.0420927,0.0393238
0.0420927,0.0393238
0.0420927,0.0393238
0.144081,0.0239853
0.0524969,-0.0470943
0.0276076,-0.00413067
0.0107744,-0.062482
0.0231005,-0.00328603
0.0231005,-0.00328603
0.0315309,0.050616
0.0315309,0.050616
-0.00296672,-0.0124124
-0.0824039,0.0857967
-0.0824039,0.0857967
-0.0631615,-0.0128145
-0.0566233,-0.0232249
0.0787592,0.0151033
0.077621,0.0866258
-0.0904775,0.173603
0.0170752,0.136532
0.0170752,0.136532
-0.00359264,-0.0493966
-0.0719886,0.0444786
0.00298812,-0.00379298
0.0780493,-0.0239898
0.0780493,-0.0239898
0.0780493,-0.0239898
0.0187297,0.00874583
0.0187297,0.00874583
-0.0130942,0.0162234
-0.0449486,0.0942258
-0.0897525,0.122167
-0.0897525,0.122167
0.0416024,0.00978375
0.0127576,-0.0277709
0.0132493,-0.0196542
0.0132493,-0.0196542
0.0132493,-0.0196542
0.000929158,0.127477
-0.0321953,0.0632098
-0.128392,-0.0122092
-0.00753848,0.0104345
-0.00753848,0.0104345
-0.00753848,0.0104345
-0.0255054,0.017097
-0.013225,-0.00710222
0.0578259,-0.00513222
0.0578259,-0.00513222
0.0459982,0.0703004
0.0459982,0.0703004
0.0459982,0.0703004
0.0459982,0.0703004
0.00256964,0.0329853
0.00256964,0.0329853
0.00119795,0.0482369
-0.0136832,-0.0138896
-0.0436533,-0.0269647
-0.0292384,0.00512842
-0.0835875,0.00814035
-0.0835875,0.00814035
0.0182325,0.0715014
-0.013796,-0.00717028
-0.013796,-0.00717028
-0.00304666,-0.0112292
-0.199418,-0.061447
0.0148872,0.0051911
0.00632675,0.0433123
-0.0407462,0.0656412
-0.0485177,-0.0151559
-0.0292197,-0.0734708
-0.0649386,-0.0121195
-0.139707,-0.0408666
-0.115668,0.09091
-0.10316,-0.105832
0.0090345,-0.0569726
-0.010646,-0.0587254
0.0294575,-0.0225557
0.00809862,0.0160928
0.128756,0.0651588
0.0345777,-0.0138273
0.0429041,0.073951
0.116867,0.0479796
0.00210779,-0.110753
0.00183265,-0.00952658
-0.0425149,0.078452
0.0469285,-0.0183638
0.0291468,-0.0567699
-0.130151,-0.123302
-0.0667412,0.00331305
-0.0608905,-0.0422922
0.00124782,-0.0289356
0.103236,-0.0452621
-0.00748338,-0.0474442
0.0293272,0.0339013
0.0480839,0.0617064
0.0945075,0.0250643
0.0945075,0.0250643
-0.0149423,-0.0417992
0.0206421,-0.0442479
-0.0492698,0.0304787
0.0534162,0.0163687
-0.0127879,0.0114903
-0.129585,-0.0350683
-0.0948933,0.110973
-0.0705937,0.054511
-0.0705937,0.054511
0.143272,-0.0769001
0.07412,0.0316528
0.07412,0.0316528
0.105526,0.0160287
-0.0173166,-0.00752969
0.0237089,-0.0731455
-0.0108567,-0.0268603
0.0728313,-0.0318234
-0.0737244,0.0391555
-0.050449,0.0887967
0.091295,0.0619314
0.091295,0.0619314
-0.0211838,0.0178887
0.121513,0.030823
0.110362,0.000896075
0.0751433,-0.121217
0.0570242,-0.107306
-0.088845,-0.0242208
-0.088845,-0.0242208
-0.088845,-0.0242208
-0.088845,-0.0242208
-0.088845,-0.0242208
-0.0630659,0.020218
-0.139033,-0.0170634
0.112972,-0.0471866
-0.00489546,-0.0920225
0.00200953,-0.0156244
-0.0432736,0.102093
-0.0166903,0.0799918
-0.0267267,0.0823166
-0.0550937,-0.012849
-0.0550937,-0.012849
-0.00750867,0.0719567
-0.00750867,0.0719567
0.0961492,0.0874717
0.0430139,0.125582
-0.00944283,0.144957
0.0926225,0.0930475
0.0926225,0.0930475
0.058373,0.0111707
-0.0209633,0.0465951
0.0253142,0.0114704
0.0253142,0.0114704
0.0253142,0.0114704
0.0253142,0.0114704
0.00353163,0.0193991
0.0301122,-0.0438503
0.0301122,-0.0438503
-0.0231827,-0.0197025
-0.0611293,-0.0642971
0.0198592,0.00111565
-0.0275635,0.0584233
0.02983,-0.0268936
0.0509217,0.022276
-0.0101688,0.0647768
-0.0033242,0.0242659
-0.0119659,-0.00812798
0.0367472,-0.0539806
-0.00993333,0.00637681
-0.0394826,-0.018396
0.08173,-0.0014312
0.0733951,-0.0871125
0.00645952,0.0367362
0.0756562,0.026128
0.0756562,0.026128
0.0756562,0.026128
0.0368804,0.0913567
0.0368804,0.0913567
0.0368804,0.0913567
0.052604,-0.0153668
-0.0472247,-0.100897
-0.058402,0.0185035
0.0169953,-0.0485853
0.0870258,0.0440562
0.0870258,0.0440562
0.0870258,0.0440562
0.0768178,0.00541359
0.0768178,0.00541359
0.0768178,0.00541359
0.0768178,0.00541359
-0.0296324,0.0421361
-0.0296324,0.0421361
0.065544,-0.0737235
0.065544,-0.0737235
-0.143228,0.0433302
-0.143228,0.0433302
-0.0552709,0.0361335
0.00368171,-0.155883
0.0674468,-0.147844
-0.157681,0.00902483
0.0345401,0.0832977
0.0625463,0.0122513
-0.00687784,0.00486319
0.0643917,0.0151462
-0.0694494,-0.110235
0.0207087,-0.0685208
0.0207087,-0.0685208
0.161968,0.00869475
0.0694104,-0.0243208
0.0306727,0.0870342
-0.0491549,-0.0378493
-0.0233308,0.0626002
-0.0233308,0.0626002
-0.0836433,0.0291554
0.0062868,-0.0304422
0.0195888,-0.0338292
0.0545513,0.0367643
-0.00649833,-0.00506924
-0.00649833,-0.00506924
-0.00649833,-0.00506924
-0.0201274,-0.00609613
0.0361592,-0.0456344
0.0530879,-0.00919183
0.0666789,-0.0704783
-0.0223565,-0.0765549
0.0156769,0.0391736
0.0212721,0.041227
-0.00641499,-0.0169907
-0.0238435,-0.0854233
0.0558232,-0.034333
0.108774,-0.0194256
0.108774,-0.0194256
0.108774,-0.0194256
0.127488,-0.0437794
0.127488,-0.0437794
0.127488,-0.0437794
-0.00457516,0.0675147
0.0353507,0.0150604
0.0353507,0.0150604
0.0176065,-0.050515
0.0282465,0.0154502
0.0631777,-0.0240166
-0.0747795,-0.00960408
-0.0611542,0.0424958
0.0137066,0.0534152
0.0137066,0.0534152
0.0137066,0.0534152
-0.0435847,-0.03742
0.0169046,-0.00528695
0.0378543,-0.0144654
0.0612434,0.00489528
-0.0283372,-0.0361569
0.0564835,0.0434432
0.0226057,0.0590939
0.0572587,0.0242949
-0.0523305,-0.0283101
-0.0662481,-0.00729437
0.0480542,-0.0413192
0.0719329,0.0426392
-0.0701843,-0.0155967
0.0176774,0.0294914
0.0109134,0.00781719
0.0109134,0.00781719
0.09566,-0.107169
0.0344471,-0.029247
0.00110293,-0.0212345
-0.00214181,-0.0555859
-0.10989,0.0420865
-0.0210889,0.0459653
0.00897525,-0.0101114
0.0815857,-0.00534955
0.0964242,0.00286987
0.0964242,0.00286987
0.0964242,0.00286986
0.0964242,0.00286986
0.138067,-0.0792466
0.000158414,-0.0568491
0.051267,-0.0536338
0.051267,-0.0536338
0.051267,-0.0536338
-0.0375695,-0.0774739
-0.0537951,0.0186307
-0.0537951,0.0186307
-0.026981,-0.00332734
-0.0216392,-0.00182064
-0.0216392,-0.00182064
-0.0216392,-0.00182064
-0.0192046,0.0283647
-0.014477,0.0513657
-0.0156594,0.0332503
0.0453963,0.140776
-0.0458178,0.0290013
-0.0458178,0.0290013
0.0466869,0.0172313
0.107532,0.0107293
0.107532,0.0107293
0.107532,0.0107293
0.0312403,-0.0558333
0.0312403,-0.0558333
0.157972,0.0219123
-0.0530335,-0.040121
0.0464568,-0.107467
0.00881617,-0.0977767
-0.0210041,-0.0409554
-0.0246288,0.00145982
-0.0440173,0.00347716
-0.0449582,0.0415965
0.00466098,0.0327689
0.00466098,0.0327689
0.0500697,-0.0332976
-0.0624494,0.050965
0.0112608,-0.000938058
-0.0586968,0.0267212
-0.0287347,0.00417138
-0.0287347,0.00417138
0.0405218,-0.0112266
-0.00863658,-0.0248185
-0.00863658,-0.0248185
0.0701906,0.0816705
0.161119,0.132895
0.0700193,0.112544
-0.0441008,0.0264138
-0.0201968,-0.00325231
-0.221121,0.0648601
-0.0781624,0.0409019
-0.0320658,-0.195294
-0.108811,-0.0655656
-0.108811,-0.0655656
-0.0368565,-0.0391337
-0.101537,-0.0385971
-0.101537,-0.0385971
0.0204056,0.0115377
-0.0583258,-0.0100636
-0.0583258,-0.0100635
-0.0272427,0.0776817
-0.0550913,-0.0365266
-0.00794118,-0.0982042
0.0895867,0.0113228
0.113386,-0.0128263
0.113386,-0.0128263
0.124036,0.0839108
0.0590337,0.0593186
0.133261,-0.0745663
-0.086835,-0.168373
-0.0226064,0.0185142
-0.145479,-0.00205763
0.00727813,-0.063037
-0.0534732,0.0508162
0.0670355,0.103214
-0.0704795,-0.022883
-0.0704795,-0.022883
0.0229791,0.0356614
0.0151662,-0.0710288
0.0269402,0.0620993
-0.0604689,-0.00283223
0.0164267,-0.0547899
-0.0364268,0.00891958
-0.0364268,0.00891958
-0.0831848,-0.0250102
-0.0586703,-0.0479597
-0.0478188,0.0414362
-0.0935808,0.0332765
-0.0512304,0.0215337
-0.0635919,0.0268344
-0.0635919,0.0268344
-0.0721236,-0.0367517
0.0429119,0.00608401
0.0713348,0.0538498
0.00583116,-0.0145602
0.00583116,-0.0145602
0.0779471,0.0474702
0.0779471,0.0474702
0.0779471,0.0474702
0.0360859,0.0859175
0.0360859,0.0859175
0.0360859,0.0859175
-0.0358287,-0.00435723
-0.00330216,-0.0105531
-0.0923233,0.0130675
-0.00278435,-0.18961
0.0505063,0.0606124
0.0553036,0.0715536
0.0246961,-0.028626
0.037095,0.0302061
-0.0304698,-0.0129108
-0.054538,0.115825
-0.054538,0.115825
-0.0409754,0.00618692
0.0103615,-0.0167989
0.0380859,0.00423568
0.0380859,0.00423568
0.0380859,0.00423568
0.00146647,0.164304
0.0288559,2.16066e-05
0.055036,0.00703981
0.0798703,0.0334962
0.0168612,-0.092185
-0.017125,0.0315398
-0.0315406,-0.00821982
-0.0495384,0.00251728
-0.112283,0.0763998
0.0386947,-0.0477647
-0.0509383,-0.0486065
-0.0538607,0.0674043
0.0292337,-0.00866633
0.0116822,0.0185363
0.0564989,-0.00685286
0.0564989,-0.00685286
0.0153168,-0.00563932
-0.0106365,-0.0261898
-0.0278696,0.0294298
0.00487436,-0.00464626
-0.0156982,-0.0603043
-0.0156982,-0.0603043
-0.0473282,0.00632209
0.0237958,0.0695965
-0.113643,0.00387149
-0.113643,0.00387149
-0.0540339,0.0161011
-0.126612,-0.091025
-0.126612,-0.091025
-0.0919142,0.0737793
-0.0817214,0.0864492
-0.0817214,0.0864492
-0.0817214,0.0864492
0.047032,0.0176082
0.0459543,0.0170173
-0.0123177,0.100434
-0.0425334,0.0115204
-0.0425334,0.0115204
-0.0605543,0.092755
-0.120312,0.0175412
0.0493777,-0.114143
-0.00723707,0.211374
0.0113107,0.0161868
-0.00995058,0.0769911
0.0283172,0.0939842
0.0814946,-0.0410137
0.0814946,-0.0410137
0.0814946,-0.0410137
0.0814946,-0.0410137
0.0814946,-0.0410137
0.0203252,0.0574214
-0.116428,0.0419606
-0.116428,0.0419606
-0.0566369,0.15163
0.0183863,0.0381131
0.057358,-0.000837967
-0.0837975,-0.0936175
-0.0991467,0.00642373
-0.14987,-0.0882017
0.0642213,0.0126135
-0.0359235,0.041651
0.0353703,0.0696623
0.0353703,0.0696623
-0.0618468,-0.0413184
-0.0702137,0.0200962
-0.0543082,-0.0769584
0.00954167,-0.129538
0.0152772,0.102833
0.0613802,0.00922725
0.0697447,0.0674627
-0.0528952,0.0706345
-0.0528952,0.0706345
-0.001548,0.0645017
-0.001548,0.0645017
-0.00731058,0.018475
-0.0756848,0.0474997
-0.0812858,-0.00671542
-0.0235338,0.1002
-0.0831932,0.0433719
-0.0789005,-0.109331
-0.0688631,-0.0069281
-0.0243622,-0.0639545
0.02992,-0.105702
0.00219569,0.0186823
0.00219569,0.0186823
-0.142737,-0.0153351
0.0744667,0.0936283
-0.0953033,0.0203804
0.00473613,-0.0479188
-0.0181877,-0.0198988
0.124021,0.112498
-0.0650822,-0.0624409
0.0625413,0.0934142
0.0456468,-0.0279917
0.0719363,-0.0689665
-0.0133315,0.136086
-0.0133315,0.136086
0.0202586,-0.0594183
-0.175153,0.0176152
-0.133458,0.0972233
-0.133458,0.0972233
-0.0802695,0.0580927
0.0104872,-0.0224394
0.0104872,-0.0224394
-0.0686117,0.104979
-0.115946,0.0671895
0.00425626,-0.0707183
-0.115847,0.00777496
-0.115847,0.00777496
0.0747913,0.0152196
0.0747913,0.0152196
0.105169,-0.0803353
0.105169,-0.0803353
0.0157121,-0.0904392
-0.0100453,-0.0103584
-0.0100453,-0.0103584
0.0258143,-0.0173439
-0.0737082,0.028646
-0.0383527,0.0868258
-0.0748499,0.117007
-0.0254206,-0.00274452
-0.0254206,-0.00274452
0.00595891,0.0403875
0.0441577,-0.0371181
0.179404,0.041494
0.0473687,-0.0356955
0.0473687,-0.0356955
0.124472,-0.0225764
0.108092,0.0470077
0.108092,0.0470077
0.0556438,0.192374
0.0556438,0.192374
-0.0253428,-0.000514151
-0.121021,0.026466
-0.0552241,0.008625
-0.0293612,-0.000516043
-0.0293612,-0.000516043
-0.0293612,-0.000516043
-0.036573,0.00256436
-0.036573,0.00256436
-0.0614253,0.128061
0.0701597,0.0204083
0.0701597,0.0204083
0.0668761,0.0324121
0.0483104,-0.104466
-0.0255788,-0.0303062
-0.0255788,-0.0303062
0.0920583,-0.0669907
0.0920583,-0.0669907
0.0293961,-0.00549965
0.0293961,-0.00549965
0.0293961,-0.00549965
0.00943825,0.0553619
0.00943825,0.0553619
0.00943825,0.0553619
0.00237663,-0.00119409
0.079653,-0.0339588
-0.0783123,0.0239115
-0.0499703,0.0644713
0.0201349,0.00579178
0.0066695,-0.0563153
0.0066695,-0.0563153
0.134249,0.00659192
0.134249,0.00659192
0.134249,0.00659192
-0.122213,-0.0279919
-0.122213,-0.0279919
-0.122213,-0.0279919
0.0284489,0.0132743
-0.0433986,-0.0339272
-0.00411313,0.0405247
-0.031422,0.0530279
-0.0463133,0.0444152
0.0122787,-0.00232191
0.0668572,-0.0343065
0.0614356,-0.0125609
-0.01438,-0.0304084
-0.0481857,-0.0756573
0.0376898,-0.0655131
0.119375,0.0249283
0.09687,0.0861167
0.09687,0.0861167
0.0155043,-0.000752198
0.101683,0.0586693
0.0291702,0.0620986
0.0291702,0.0620986
0.00293428,-0.0523476
0.00293428,-0.0523476
0.0239989,-0.0163488
0.0239989,-0.0163488
0.122393,-0.0180653
0.00781778,-0.0111432
-0.0320983,0.00872367
-0.0175457,0.008854
-0.0355531,0.0210967
0.00404567,-0.0154372
0.00404567,-0.0154372
-0.0144578,0.00133445
0.0223224,0.077318
0.0624633,-0.115703
0.0624633,-0.115703
-0.0137337,-0.0390561
-0.0137337,-0.0390561
-0.0993392,-0.0780719
0.0200814,0.0757964
0.0761365,0.0476782
0.0761365,0.0476782
0.142705,0.102913
0.142705,0.102913
0.0212701,-0.0368112
-0.0165968,-0.0310977
-0.0165968,-0.0310977
-0.013876,0.0780543
-0.000632879,0.103682
-0.0587601,-0.0787104
-0.0121329,-0.100571
0.0589042,0.0139252
0.0589042,0.0139252
0.0681066,-0.119783
0.00290705,-0.0560343
-0.0157783,0.023541
0.0336455,0.0631859
-0.0232786,-0.0274561
0.0707636,0.0510533
0.0293224,0.0335418
0.0293224,0.0335418
0.0474968,0.08737
-0.00271983,0.072514
0.000727728,0.00892258
0.129985,0.136093
-0.126036,-0.0912608
-0.0529465,-0.0516968
-0.0682864,0.00238785
0.0173338,0.0816202
0.0605398,0.0834408
0.0935525,-0.00712549
0.0289705,-0.188558
0.0612347,-0.0536429
0.00281153,-0.118036
0.0562682,0.0539415
0.0119343,-0.00279595
0.0119343,-0.00279596
-0.0460377,-0.0128137
0.0305276,0.0812144
0.0582511,-0.0271644
-0.0112549,-0.00465264
0.0270277,0.0690093
0.0172227,-0.0475355
0.0172227,-0.0475355
0.129521,-0.0347633
-0.13777,-0.0298167
0.0274425,-0.0256148
-0.026245,-0.0599151
0.00767194,-0.0277221
0.00767194,-0.0277221
0.00767194,-0.0277221
-0.0568884,-0.0756462
-0.140626,-0.0824395
-0.140626,-0.0824395
0.00135684,-0.0140884
0.0391146,-0.0451421
0.00589877,0.0103163
0.00589877,0.0103163
-0.0411405,0.018544
-0.104136,-0.116817
-0.104136,-0.116817
-0.00742666,-0.137557
-0.113282,-0.0146736
0.0849275,0.0553117
0.0849125,0.0043087
-0.000455931,0.0290246
0.0137398,-0.0269999
0.0573399,-0.087075
0.0350801,-0.0424957
0.0182076,0.0162745
0.0271212,0.00411918
-0.0605359,3.0432e-06
-0.0138951,0.0198519
-0.0138951,0.0198519
-0.0138951,0.0198519
0.0921175,0.00904825
0.027949,-0.00755182
0.027949,-0.00755182
0.0788854,-0.0725498
-0.0261351,-0.00598167
-0.000768235,0.00172155
0.138657,0.177829
0.078074,0.0970508
0.0757667,0.135976
0.0135268,0.0386924
0.0135268,0.0386924
-0.0244197,-0.00100037
-0.0244197,-0.00100037
-0.0244197,-0.00100037
-0.0353298,0.149369
0.00552913,0.0517509
0.00260122,0.0802185
-0.0477307,-0.0118057
-0.0477307,-0.0118057
-0.0477307,-0.0118057
-0.0477307,-0.0118057
-0.0715553,-0.122781
0.0245373,0.0323478
-0.10439,0.0187964
-0.0788888,0.0370637
-0.068353,0.0471673
0.0724412,0.0541545
-0.0803309,0.102534
-0.0604524,0.0274663
0.0378056,0.0297249
0.0229604,-0.0108235
0.0229604,-0.0108235
0.09977,0.207452
0.09977,0.207452
0.026379,0.0938733
0.026379,0.0938733
0.026379,0.0938733
-0.141882,0.101135
-0.0432463,0.008714
-0.106829,-0.0648092
-0.106829,-0.0648092
-0.106829,-0.0648092
-0.131726,0.0379326
0.0957258,0.105735
-0.00261298,0.0453062
0.0375122,0.091515
-0.0286072,0.0884367
-0.0286072,0.0884367
-0.0342406,-0.0347322
-0.00314643,0.0362814
0.0321056,-0.0301027
0.00598088,0.0241663
0.056938,-0.0765344
0.056938,-0.0765344
-0.0391068,-0.0214001
-0.0784058,-0.0474205
-0.0619976,-0.00380015
0.0291393,0.0422558
0.0291393,0.0422558
-0.0477582,0.0490748
-0.0325087,0.00800287
0.0320764,-0.0276151
-0.0157372,-0.0459923
0.0392628,0.0589128
0.0392628,0.0589128
-0.0798853,0.100708
-0.11132,0.00884167
-0.0446412,-0.0478943
0.0125998,0.0125949
0.0125998,0.0125949
0.0125998,0.0125949
0.10799,0.0631356
-0.0619118,0.110507
-0.0184924,0.0328584
-0.0453751,-0.0614442
0.0373905,0.0409857
0.0373905,0.0409857
0.0373905,0.0409857
0.00850258,-0.0453643
0.00850258,-0.0453643
0.115103,0.0317803
0.00433195,-0.031815
0.0208317,0.0460923
0.0320813,-0.0533361
0.069015,0.0117763
-0.0110248,0.0743692
0.0396837,-0.000766701
0.0396837,-0.000766701
0.0396837,-0.000766701
0.069778,-0.0916283
-0.0801114,0.0416868
-0.0925583,0.0610878
-0.0925583,0.0610878
-0.065585,-0.0165178
0.0406521,-0.0064074
-0.0741399,0.0168934
-0.0328406,-0.0189348
0.0275263,-0.0449635
0.0275263,-0.0449635
0.0275263,-0.0449635
-0.0247127,0.0934892
0.0874075,-0.152947
-0.0444454,-0.0736523
-0.0444454,-0.0736523
-0.0665383,-0.142517
0.0414492,-0.153439
0.0138897,-0.0780182
-0.00856133,-0.0261329
-0.00856133,-0.0261329
-0.00856133,-0.0261329
0.0644143,0.0148484
0.0165422,-0.168713
-0.0486912,-0.0154042
0.00410181,0.0259502
-0.0230596,0.0576567
-0.0230596,0.0576567
-0.0176192,0.0419506
0.0206712,-0.00596215
0.0206712,-0.00596215
0.0206712,-0.00596215
0.0192405,-0.0716406
0.0056349,0.0847292
0.0056349,0.0847292
0.0024305,-0.132963
0.102315,-0.0102953
-0.0852325,-0.0388333
0.0326557,0.000238016
0.0326557,0.000238016
0.0326557,0.000238016
-0.00809961,0.0756321
0.0597392,-0.0940217
0.0161119,-0.00210379
0.0749281,-0.0444657
0.0749281,-0.0444657
0.0749281,-0.0444657
0.110201,0.014195
0.0132356,0.0259283
0.104792,-0.00868025
0.0501422,0.042283
-0.00693577,-0.0103659
-0.00693577,-0.0103659
-0.00693577,-0.0103659
-0.00693577,-0.0103659
0.0502787,-0.0465905
-0.0122593,-0.0419974
0.0649867,-0.00895642
-0.0965467,-0.0632519
-0.0436638,-0.0392247
-0.0118724,0.179496
-0.0650337,-0.0617932
-0.0797669,0.0793285
0.0396147,-0.00162457
-0.0572201,0.0914308
-0.0572201,0.0914308
0.0422417,0.0238822
-0.0881542,0.0170152
-0.0881542,0.0170152
-0.0500671,0.0266947
0.00583501,0.0530082
-0.0169837,0.0127842
-0.0958483,0.0292398
-0.0958483,0.0292398
0.000714368,-0.108742
0.088595,0.0402272
0.0236067,-0.0119642
0.0150032,-0.0617678
0.0305655,-0.00548735
-0.0126361,-0.116808
-0.0155099,0.0187944
-0.0392896,-0.0373322
0.016438,0.0353872
-0.0455777,0.0245028
-0.0142524,-0.0396803
0.0304332,0.00316542
0.0304332,0.00316542
-0.0354911,0.0663176
-0.0354911,0.0663176
-0.0738157,-0.00665397
-0.0357509,0.044275
-0.0477837,-0.0616464
-0.0477837,-0.0616464
-0.0316987,-0.0295755
-0.0521586,-0.0486965
-0.0194547,-0.0850283
0.0880558,0.0131408
-0.00142893,-0.0426108
-0.00142893,-0.0426108
-0.147343,-0.158827
0.136918,0.0478687
-0.0724018,0.0121419
-0.00551386,0.072871
-0.00551386,0.072871
0.117077,0.0876058
0.0779679,-0.0189458
0.092175,-0.034834
0.092175,-0.034834
0.092175,-0.034834
-0.0104343,0.0384593
-0.124552,0.00444449
-0.0109482,0.0766961
-0.0109482,0.0766961
-0.0312106,0.0995242
0.0208903,0.0805319
0.130103,0.0634333
0.130103,0.0634333
-0.0867408,0.0755526
0.0417042,0.105523
-0.0153262,-0.0350369
-0.0153262,-0.0350369
0.0511014,0.0335637
-0.139649,0.138148
0.0386199,0.00623139
0.0259349,0.087645
0.0259349,0.087645
0.0259349,0.087645
0.0259349,0.087645
0.0122168,0.0189469
0.0224208,0.000119799
0.088075,-0.0391174
0.088075,-0.0391174
0.0241358,-0.0299488
-0.00178048,0.0445131
-0.00178048,0.0445131
-0.00178048,0.0445131
-0.0106066,-0.00807035
-0.00987842,-0.0258748
-0.0807746,-0.107128
-0.0420985,0.0553008
-0.0420985,0.0553008
-0.0988592,0.0676134
-0.0988592,0.0676134
0.0308288,0.0616042
0.119282,0.0332918
-0.0890658,-0.0580134
-0.0299125,-0.0132694
-0.0327792,0.02445
0.0459014,-0.0442801
-0.0544034,-0.0521908
-0.0544034,-0.0521908
-0.0894883,-0.047685
0.0381409,-0.195623
0.0381409,-0.195623
0.00675247,-0.118984
0.0495378,-0.118648
-0.00663791,-0.170686
-0.00663791,-0.170686
0.000567637,0.0178537
0.0784532,0.00152611
0.0581348,0.0219833
0.0581348,0.0219833
0.0730618,0.053366
0.0587978,0.139919
0.0587978,0.139919
0.0587978,0.139919
0.0442968,-0.0484139
0.0442968,-0.0484139
-0.00995058,0.0487533
-0.0475745,-0.115142
-0.0370023,-0.09536
0.100223,-0.0491776
0.0133502,0.0195516
-0.0352348,0.0855558
-0.0352348,0.0855558
-0.0554982,-0.0126749
-0.0585834,0.0211831
0.0365676,-0.0696674
0.0937467,0.0232128
0.0306697,-0.0357319
-0.0618052,0.159167
-0.0618052,0.159167
-0.0618052,0.159167
-0.0618052,0.159167
-0.0618052,0.159167
-0.0513193,-0.0505095
-0.0528044,-0.0467863
-0.0528044,-0.0467863
-0.0528044,-0.0467863
-0.0528044,-0.0467863
0.0214658,0.0589632
0.0344903,-0.128985
0.0344903,-0.128985
0.0344903,-0.128985
0.0344903,-0.128985
0.0344903,-0.128985
-0.0103109,0.0690497
0.0927375,-0.0214212
0.0927375,-0.0214212
-0.0705098,0.045425
-0.0195173,0.0438898
-0.0377158,-0.0160564
-0.0661761,0.0153468
-0.0497143,-0.00421328
-0.105543,-0.0712519
-0.0255107,-0.0048709
-0.0255107,-0.0048709
0.057267,-0.0663202
0.057267,-0.0663202
-0.0655641,-0.00665629
-0.0524792,0.0403462
0.0570684,-0.0351535
-0.09359,-0.0264427
-0.00818788,-0.0389394
0.0253243,-0.00569075
0.00732719,-0.0140051
0.0040795,0.0533126
0.0396721,0.00116589
0.0396721,0.00116589
0.0396721,0.00116589
-0.119384,0.0103298
-0.125558,0.0186868
-0.056163,0.0640592
-0.056163,0.0640592
-0.153023,-0.0208938
-0.153023,-0.0208938
-0.0223508,0.106861
0.00169441,0.0775884
0.00169441,0.0775884
-0.0716322,-0.0009171
0.0689296,-0.0130454
-0.0163202,0.000337394
-0.0163202,0.000337394
-0.0163202,0.000337396
-0.0407733,-0.0112451
-0.00805885,-0.0266211
0.0195834,-0.0224134
-0.0787822,-0.0105048
0.013755,-0.0692292
0.0138162,-0.0161606
0.0138162,-0.0161606
0.0138162,-0.0161606
0.0138162,-0.0161606
-0.0222587,0.0827098
0.0797197,0.0460995
0.146283,-0.0150271
0.0593913,0.0734956
0.0628934,0.132016
0.0628934,0.132016
0.05874,-0.0528468
0.05874,-0.0528468
0.0532175,0.00598695
0.0398263,0.0820517
0.0159312,0.0268632
0.115199,0.0336186
-0.0210013,-0.0117026
-0.0301646,-0.0546493
-0.0301646,-0.0546493
-0.0301646,-0.0546493
0.135501,-0.0785616
0.135501,-0.0785616
0.135501,-0.0785616
0.0292825,-0.09869
0.0358818,-0.0441562
-0.0244889,0.0276012
-0.0244889,0.0276012
0.0295157,-0.0273986
0.0360215,0.143468
-0.0462283,-0.00134149
0.0335053,-0.0489767
0.115341,-0.126265
-0.0290082,-0.101657
-0.0290082,-0.101657
0.0971092,-0.0733643
0.0971092,-0.0733643
0.0971092,-0.0733643
0.089395,-0.0259971
-0.0310192,0.0670447
-0.0310192,0.0670447
-0.0463998,0.0823036
0.0664819,-0.100388
0.0664819,-0.100388
-0.0134621,-0.0745932
-0.0297888,0.0271407
0.0131932,-0.0092475
-0.0216846,0.0134435
0.024264,0.00455351
-0.155872,0.0365268
-0.170024,-0.00397691
-0.102864,0.011326
0.0285778,-0.00149065
-0.0105968,0.0346179
0.0100248,0.0155285
-0.0580232,0.00385936
-0.00325089,0.0633219
-0.00325089,0.0633219
-0.0271923,0.043069
0.111517,-0.0360282
0.111517,-0.0360282
0.111517,-0.0360282
0.00355473,-0.0903708
0.0171343,0.0472646
-0.00524122,0.0226382
0.0201933,0.0350341
0.0201933,0.0350341
0.0201933,0.0350341
0.0201933,0.0350341
-0.0192673,0.0307473
-0.0415044,0.122318
-0.0284574,0.0500941
0.00851508,0.00501027
0.0840433,0.0132158
0.0840433,0.0132158
0.0840433,0.0132158
0.0840433,0.0132158
0.0840433,0.0132158
0.0872258,0.0581343
-0.0262421,0.0285698
0.0677584,0.00835408
0.0677584,0.00835408
-0.0824577,0.0211041
-0.0824577,0.0211041
-0.0824577,0.0211041
-0.0930633,-0.00131983
0.0604597,0.0702277
-0.0697784,0.0855708
-0.0697784,0.0855708
-0.0546263,0.0598155
0.106182,0.0205378
0.039354,0.0288875
-0.00991342,-0.0739951
-0.00991342,-0.0739951
-0.0556048,0.0209432
-0.0323176,0.0264216
0.0464758,0.108291
0.0464758,0.108291
0.0464758,0.108291
-0.0119242,-0.0402065
-0.0117433,0.0356408
-0.0114233,0.0598931
0.0126304,0.0377352
-0.0307712,0.0445635
0.0115691,0.04108
0.0115691,0.04108
0.0519066,0.0154222
0.0519066,0.0154222
0.0519066,0.0154222
0.117884,-0.0175989
0.0306255,-0.016194
0.0439142,-0.0351049
0.0807615,-0.0277476
-0.0288767,-0.0822008
-0.0542015,-0.0584462
-0.0645634,0.0733152
-0.00699343,0.0138671
0.0308548,-0.0190515
-0.0402892,-0.0596875
0.0160699,-0.0371755
0.0183118,0.177649
0.0183118,0.177649
0.00298444,-0.0159362
0.0277897,0.00447384
0.0943783,0.0108284
-0.0565858,-0.0131416
-0.00219073,0.00315376
-0.0903333,-0.0508867
-0.158028,0.0445265
-0.158028,0.0445265
-0.158028,0.0445265
-0.0605778,0.112647
-0.0558317,0.124237
-0.0154799,0.0214722
-0.0154799,0.0214722
-0.0283622,0.0569618
-0.0340284,0.111014
-0.0162808,-0.0652041
-0.0162808,-0.0652041
0.00202498,-0.0254232
0.00202498,-0.0254232
0.00973942,-0.00447783
0.0434884,-0.0976492
0.0296535,-0.139459
0.0296535,-0.139459
0.0179811,-0.104502
-0.0631603,-0.0600456
-0.0631603,-0.0600456
-0.0625495,-0.104456
-0.0251027,0.0220141
-0.0251027,0.0220141
-0.0673877,-0.0336803
-0.0258148,0.0919508
-0.0297292,-0.0706699
0.029595,-0.0602348
0.0530334,-0.0144393
0.0813772,0.104005
0.0367705,0.120092
0.0642923,0.0749513
-0.0710958,-0.106073
-0.0710958,-0.106073
-0.0710958,-0.106073
-0.0365336,0.00597522
-0.0365336,0.00597522
-0.0240883,0.0598011
0.0116549,0.000492986
-0.0210332,0.0115315
0.0341078,0.0134403
0.107963,-0.013194
0.0584684,-0.163715
-0.0316473,-0.0537358
0.00448188,-0.002721
-0.0197352,-0.067385
-0.0197352,-0.067385
-0.0197352,-0.067385
0.0631596,0.0563136
0.0553559,-0.0545304
-0.0863558,0.0452074
-0.00249793,0.0532315
-0.00249793,0.0532315
0.102917,-0.00115006
0.0754475,0.212347
0.0754475,0.212347
0.0517556,-0.0025826
0.0517556,-0.0025826
0.0602238,0.141723
-0.0353163,0.014629
-0.113861,0.0515842
0.0356924,0.0349786
0.0356393,-0.0797962
0.0415687,0.0266302
0.0415687,0.0266302
0.0415687,0.0266302
0.0415687,0.0266302
0.0152138,-0.0286625
0.0152138,-0.0286625
-0.0661375,-0.0183623
0.0102595,-0.00801005
0.0734383,-0.0489013
-0.0571948,-0.152916
0.0605003,-0.102977
-0.145987,-0.0531904
-0.217922,0.0634201
-0.0482512,-0.0189883
0.0221981,-0.0367065
0.036417,0.10019
-0.0139653,0.0470727
0.123053,0.0561606
-0.0754905,0.063319
0.0101823,-0.00181943
-0.0340006,-0.0240122
-0.0749107,-0.0384845
0.0282531,0.0362308
0.0282531,0.0362308
0.0282531,0.0362308
0.143174,0.0349453
0.143174,0.0349453
0.0488992,0.036211
0.0488992,0.036211
0.0817556,0.0960083
0.0817556,0.0960083
0.0817556,0.0960083
0.0519792,-0.0847908
0.0779444,0.00533113
-0.0601944,-0.0469992
-0.0601944,-0.0469992
-0.0700926,-0.0400212
-0.0700926,-0.0400212
-0.0700926,-0.0400212
0.0257272,0.0674618
0.0219288,-0.0435703
0.0433768,0.000831986
-0.134903,-0.00453283
-0.134903,-0.00453283
-0.042238,-0.0172546
-0.042238,-0.0172546
-0.000954833,0.0308758
-0.0505102,-0.0142299
-0.0339762,0.0374463
-0.0339762,0.0374463
0.00180053,-0.0456655
0.0015681,-0.0101092
0.0360091,0.0160047
0.0233007,-0.0956267
0.0232823,-0.0298347
0.0232823,-0.0298347
0.0124295,0.00345335
-0.0286538,-0.075496
-0.145421,0.0547707
-0.145421,0.0547707
0.0327942,-0.0511958
-0.0166789,-0.121832
0.0426947,0.00657709
0.0502397,0.0331477
-0.0330558,-0.0750591
0.0438636,0.016444
-0.0381468,0.0209792
-0.0381468,0.0209792
-0.166466,0.146089
-0.166466,0.146089
-0.0260933,-0.0222362
0.0519143,0.0462098
0.0200708,0.109095
0.0537188,0.139277
0.0347577,0.0190651
-0.0267915,0.0414666
0.00348472,0.0290326
0.00348472,0.0290326
0.0122352,-0.0393984
0.082971,0.111956
0.0290803,0.030155
0.0355974,0.0165633
0.0179678,-0.00615397
0.0268093,0.0394167
0.0710805,-0.0625332
0.0728862,0.0261438
0.00146391,-0.0961067
-0.0419491,0.00376714
0.0353734,-0.0817079
0.0353734,-0.0817079
0.0353734,-0.0817079
0.0353734,-0.0817079
0.0353734,-0.0817079
-0.0469032,0.0830967
-0.00440691,0.0740514
-0.025144,-0.0015509
0.0808577,-0.0279497
0.0808577,-0.0279497
0.0783492,-0.0386503
-0.00169142,-0.0418122
-0.00169142,-0.0418122
0.0234768,0.0578832
-0.0645577,0.0631832
-0.0645577,0.0631832
-0.0645577,0.0631832
-0.0645577,0.0631832
-0.0100053,0.0629501
-0.00995033,0.118494
-0.0847542,-0.162133
0.030492,-0.238849
0.0265567,-0.11305
-0.00740361,-0.0624518
-0.0200218,0.110829
-0.0402891,0.0164053
-0.0116426,-0.0420596
-0.0288282,-0.0115598
0.0102889,0.0824205
-0.0312684,0.106764
-0.0947642,0.158387
0.0115137,0.0298444
-0.0340887,0.0520158
-0.0340887,0.0520158
0.0104236,0.00824641
0.000465933,-0.141717
0.000465933,-0.141717
0.0258419,-0.024188
0.116939,0.0451998
-0.00845425,0.0595963
-0.0585543,0.0989375
-0.0585543,0.0989375
0.0408233,0.0754034
-0.0142511,0.00680265
0.0162035,-0.0298041
0.0162035,-0.0298041
0.0162035,-0.0298041
0.0162035,-0.0298041
0.0162035,-0.0298041
0.0270165,0.0579803
0.0270165,0.0579803
-0.0711544,0.094875
0.0285928,0.0325829
-0.0281735,-0.0761149
-0.0225274,0.0118487
-0.0225274,0.0118487
0.0103663,0.0546183
0.0103663,0.0546183
0.0459827,-0.00281538
0.0459827,-0.00281538
0.0124829,0.0796663
0.0124829,0.0796663
-0.00190307,0.0307237
0.0204087,0.00180358
0.00821038,0.0199808
-0.0708915,-0.0351583
-0.0702831,-0.125562
-0.0702831,-0.125562
-0.0702831,-0.125562
-0.0448639,-0.0798637
0.0207161,-0.009321
0.0207161,-0.009321
0.0207161,-0.009321
-0.223137,0.0531747
-0.056379,-0.0655422
-0.109971,0.0243288
-0.0994908,-0.112251
-0.0994908,-0.112251
0.0323139,0.0449564
-0.0566163,-0.103526
-0.0566163,-0.103526
-0.000302454,-0.0514583
-0.000302454,-0.0514583
-0.000302454,-0.0514583
-0.000302454,-0.0514583
0.00702747,0.0961333
-0.0512194,-0.0233707
0.01348,0.0484928
0.0393888,0.0287217
0.0393888,0.0287217
0.102849,-0.00828763
0.0558933,0.0423158
0.0330573,-0.000367124
0.0330573,-0.000367124
0.0330573,-0.000367124
0.0283753,-0.00138631
0.0283753,-0.00138631
0.0283753,-0.00138631
-0.0228894,-0.0595927
0.0491922,0.0350169
0.0491922,0.0350169
0.0422498,0.0338084
-0.0167509,0.0327674
-0.102866,0.0166956
-0.102866,0.0166956
0.00641853,0.00896758
-0.0837933,-0.0196049
-0.033428,-0.0591171
-0.033428,-0.0591171
-0.173889,-0.178962
-0.00332129,-0.111682
0.0746669,-0.0387748
0.0746669,-0.0387748
-0.0230688,0.103527
0.00106051,-0.00767907
0.116717,-0.0361775
-0.0841975,0.0153498
-0.186185,-0.0780703
0.00425588,-0.0114211
0.0737366,0.0301817
-0.14048,-0.129272
-0.00471323,-0.00991725
0.153653,-0.0159073
0.123915,-0.0425465
0.0684229,-0.0637639
0.00207103,0.0235526
-0.0523314,-0.0319785
-0.0124268,-0.0206092
-0.0124268,-0.0206092
-0.0124268,-0.0206092
-0.0124268,-0.0206092
-0.0238207,0.0925708
0.170122,0.0196332
0.170122,0.0196332
0.170122,0.0196332
0.170122,0.0196332
0.170122,0.0196332
0.00755562,-0.0154341
-0.00969483,-0.13775
-0.00969483,-0.13775
-0.00919408,-0.0787335
-0.00919408,-0.0787335
-0.233624,0.051144
-0.0570468,-0.0362592
-0.0570468,-0.0362592
-0.0570468,-0.0362592
-0.0570468,-0.0362592
-0.0570468,-0.0362592
-0.0180763,-0.0184126
-0.057364,0.00454943
0.0493808,0.0109523
-0.206401,-0.0247164
-0.206401,-0.0247164
-0.0262282,-0.0245089
-0.0628093,-0.0379564
-0.0628093,-0.0379564
-0.0628093,-0.0379564
-0.0628093,-0.0379564
-0.0628093,-0.0379564
-0.0628093,-0.0379564
-0.00639403,0.0289386
0.0461737,0.049042
0.141182,-0.0579358
0.0305654,0.00097185
0.0305654,0.00097185
0.0305654,0.00097185
0.0295274,-0.0669662
-0.0734249,-0.0170734
-0.0734249,-0.0170734
0.0949675,0.0262161
0.0508056,0.015163
0.0508056,0.015163
0.0508056,0.015163
0.0508056,0.015163
0.0144848,-0.0317911
0.0241973,0.0150678
-0.0560496,0.0299599
0.0236487,-0.00224491
0.0973708,0.0682611
0.0973708,0.0682611
0.0973708,0.0682611
0.0973708,0.0682611
-0.0806513,0.119152
-0.0483878,0.0244872
-0.0483878,0.0244872
-0.0406897,0.0260118
0.0879358,-0.0701886
0.0879358,-0.0701886
-0.0272943,-0.0280876
0.0680454,0.158243
-0.102754,0.0613878
-0.102754,0.0613878
-0.0437517,-0.0178593
-0.118851,0.0109968
-0.118851,0.0109968
-0.0360118,-0.0181758
0.0391631,-0.0172744
-0.055578,-0.0252085
-0.00537229,0.0138218
-0.0636183,0.0216664
0.000200788,-0.0441202
-0.00399442,0.0313894
-0.0114299,-0.00186349
-0.0399716,0.0451503
-0.0399716,0.0451503
-0.0304291,-0.0317783
-0.0216117,-0.00608598
0.0248092,-0.0549642
0.0248092,-0.0549642
0.0248092,-0.0549642
-0.0313768,-0.00529904
-0.0313768,-0.00529904
0.153837,0.0447057
0.153837,0.0447057
0.153837,0.0447057
0.0994883,0.0333599
-0.0741262,0.0288372
-0.109697,0.0551746
-0.0130982,0.0911175
-0.0632717,-0.0863308
0.132718,0.120241
-0.0468709,0.0372033
-0.0468709,0.0372033
-0.0468709,0.0372033
-0.0676809,0.104964
-0.0676809,0.104964
0.0288552,0.0815952
-0.0347104,-0.0483963
-0.189428,-0.0357539
0.0767549,-0.00362268
0.071003,-0.088885
0.071003,-0.088885
0.0422327,0.02629
0.0422327,0.02629
0.0169617,0.00378971
0.0169617,0.00378971
-0.0237463,0.0378757
-0.0500983,0.00914575
0.126353,0.163128
0.0756359,0.0814287
0.0756359,0.0814287
0.0756359,0.0814287
0.0279802,0.00953767
0.00236914,0.0777496
-0.024406,-0.0382835
0.108396,0.0391879
-0.0335226,-0.199425
-0.0966208,-0.0534312
-0.0323905,-0.0589924
0.143833,-0.0349417
0.0305433,0.0528505
0.0597608,-0.0610838
0.0189787,-0.0205009
0.00421173,-0.110687
-0.0142797,-0.0198646
-0.09862,0.00782744
-0.146063,0.139912
-0.0250208,0.0862733
-0.00418087,0.101013
0.0772686,-0.0632391
0.0637357,-0.0588627
0.0187672,0.0251329
0.0187672,0.0251329
0.00334044,-0.0188123
0.00334044,-0.0188123
-0.0349909,0.0112842
0.146503,0.082651
-0.175627,0.132659
-0.175627,0.132659
-0.0457008,0.17413
0.00521673,-0.00674714
0.00521673,-0.00674714
0.0502245,0.0356978
0.0502245,0.0356978
0.0502245,0.0356978
0.0502245,0.0356978
0.0502245,0.0356978
0.0155452,-0.0428398
-0.00292423,0.0183522
0.0458229,0.00214527
0.081207,-0.0579261
0.081207,-0.0579261
-0.0327827,-0.0330838
0.0517482,0.00434228
-0.0665669,0.103491
-0.0515381,-0.109156
-0.0986883,-0.0570712
-0.0986883,-0.0570712
-0.0809513,-0.102552
-0.0415781,-0.100217
-0.138354,-0.00824843
0.038731,0.0447514
-0.00818234,-0.0354836
0.0355951,-0.0172763
0.0355951,-0.0172763
-0.0154163,-0.0686387
0.0369644,-0.121474
0.0369644,-0.121474
0.0123748,-0.0827133
-0.0527783,0.0226699
0.0677444,-0.0754166
0.0126135,-0.0767625
0.0566117,-0.0378568
0.179204,-0.0528593
-0.0171423,0.0307297
-0.0368974,0.00420162
-0.0368974,0.00420162
-0.0368974,0.00420162
-0.008861,-0.0298921
-0.008861,-0.0298921
-0.15165,-0.156434
-0.15165,-0.156434
0.0523402,0.00758967
0.0611274,0.124719
-0.082957,0.0916042
-0.082957,0.0916042
-0.0511469,0.202747
0.0194119,-0.0252181
-0.0759896,0.00256582
-0.110804,-0.0998458
-0.110804,-0.0998458
-0.0590797,0.127847
-0.102439,-0.0332756
-0.0852817,-0.0169742
-0.0302259,0.0741338
-0.0752115,0.0956492
-0.0725773,-0.00226509
0.0707124,-0.000308893
0.08367,0.0409354
0.125012,-0.0902058
0.125012,-0.0902058
-0.0356522,0.0446333
0.00681173,-0.0193573
0.00681173,-0.0193573
0.00681173,-0.0193573
0.00681173,-0.0193573
-0.133841,0.021154
-0.0994608,0.0608529
-0.015647,-0.0528189
-0.0172585,0.00928475
0.00615902,0.0447307
-0.027712,0.103908
0.0217233,0.00459853
0.0384167,0.000702566
0.0385625,0.0462472
0.0385625,0.0462472
0.0385625,0.0462472
-0.0096945,0.0437747
0.0333798,0.0202178
0.0333798,0.0202178
-0.0199658,-0.0219591
0.0345594,0.00750349
0.0345594,0.00750349
0.0345594,0.00750349
0.0479569,-0.00979058
0.0479569,-0.00979058
0.0781107,0.000510092
0.0781107,0.00051009
0.0781107,0.00051009
0.06772,-0.00175491
-0.00111633,-0.135074
0.0609238,0.0259306
0.00239634,-0.0168958
0.000798034,0.0207574
0.111082,0.115019
-0.0303416,-0.0549119
-0.0171515,0.0850058
0.0255933,-0.149541
-0.0242418,-0.120125
-0.0242418,-0.120125
-0.0242418,-0.120125
-0.0869592,-0.0561953
-0.0657202,0.0754681
-0.0198667,0.0472021
-0.0198667,0.0472021
-0.0126754,-0.168381
0.0324335,-0.144447
0.0252087,-0.0113106
0.0252087,-0.0113106
0.0252087,-0.0113106
-0.0908575,0.121542
-0.0908575,0.121542
-0.0405724,0.115623
0.00725344,0.0375948
0.0582599,0.0474333
-0.0458016,0.103197
-0.0736115,0.127699
-0.0736115,0.127699
0.01876,-0.0176329
0.01876,-0.0176329
0.0688381,-0.0525521
-0.00952583,-0.177312
0.0877967,0.0624339
0.0138441,-0.0327909
0.050109,0.0270193
0.050109,0.0270193
-0.0567912,-0.0845233
-0.0567912,-0.0845233
-0.0435466,-0.0127129
-0.0575523,-0.112732
-0.0744212,0.0731862
-0.00117409,0.0520897
-0.00117409,0.0520897
-0.0429487,-0.0131113
-0.0342691,0.10243
-0.0342691,0.10243
-0.0250147,0.0278901
0.056482,-0.0757033
0.0594476,-0.105343
0.0337404,-0.144709
0.0337404,-0.144709
-0.000521767,-0.0457896
-0.00503243,0.0298447
0.0198292,-0.143529
-0.0145057,-0.0547849
-0.0145057,-0.0547849
-0.0566935,-0.0183357
-0.0273531,-0.0418445
-0.108154,0.0345771
-0.0642373,0.0599871
-0.0642373,0.0599871
-0.122779,-0.023261
-0.122779,-0.023261
-0.0295949,-0.0359623
0.0242752,-0.0346735
0.00226793,-0.029701
0.00262247,-0.0129741
-0.0256464,-0.098585
-0.0256464,-0.098585
-0.00174933,0.021912
-0.00174933,0.021912
0.0377162,-0.0881483
0.108047,0.0761442
0.16299,0.0582152
0.0477164,-0.0205231
-0.0145272,-0.00597518
-0.0145272,-0.00597518
-0.0145272,-0.00597518
-0.117108,0.00642131
-0.117108,0.00642131
-0.117108,0.00642131
0.168826,0.0703887
0.168826,0.0703887
0.0867267,-0.00384704
0.0867267,-0.00384704
0.0867267,-0.00384704
0.0395319,-0.023792
-0.063678,-0.0472481
-0.063678,-0.0472481
-0.0441034,0.0143679
-0.0263791,0.0286997
0.0240172,-0.033121
-0.0210282,-0.0125296
-0.0675408,-0.027079
-0.0675408,-0.027079
-0.038915,-0.0540945
-0.0402008,-0.0392897
-0.0618341,0.0164608
-0.0529555,0.0257538
-0.0269584,-0.00505801
-0.0500525,0.0175502
-0.0354102,-0.0413718
-0.0241364,0.107507
0.0237413,6.52038e-05
0.00741992,0.0393464
0.00741992,0.0393464
0.00741992,0.0393464
0.0769153,0.00905492
0.0769153,0.00905492
-0.0179385,0.0415162
0.0657727,0.00183623
0.0769649,0.0761501
-0.155561,0.0239927
0.0913317,0.0687468
0.0913317,0.0687468
-0.0240101,-0.0108643
-0.0240101,-0.0108643
-0.103739,0.0821285
0.0134715,0.0332958
0.0329506,0.0134943
-0.206666,0.0375557
-0.206666,0.0375557
-0.206666,0.0375557
0.0981725,0.0903625
-0.0377611,0.0394318
-0.0951442,0.0732451
0.00413786,0.0685118
0.00413786,0.0685118
0.0587362,0.0120501
0.0587362,0.0120501
0.179492,0.070359
0.179492,0.070359
-0.0273478,-0.0704712
-0.0273478,-0.0704712
0.0329171,0.00194656
-0.0726654,-0.00480869
-0.0726654,-0.00480869
-0.0295287,-0.0420977
-0.0295287,-0.0420977
0.00841758,-0.012819
0.00841758,-0.012819
-0.123073,-0.0772151
-0.115468,0.0439262
-0.0432023,-0.0304916
-0.0432023,-0.0304916
0.0205157,-0.100001
-0.0130623,-0.0686982
-0.100586,-0.0393259
-0.0375518,0.0657079
-0.116797,0.0525918
0.0183447,0.0174615
0.0181557,0.00964333
0.0181557,0.00964333
0.0181557,0.00964333
-0.0908858,-0.0327643
0.031986,0.0294473
-0.128149,0.0237917
-0.128149,0.0237917
-0.128149,0.0237917
-0.128149,0.0237917
-0.128149,0.0237917
0.0381208,0.0736785
0.0381208,0.0736785
-0.00196707,0.0195797
-0.0143716,0.0192504
-0.0335269,0.000478253
0.087155,-0.000894108
0.087155,-0.0008941
0.087155,-0.0008941
0.0605351,0.00646385
-0.0588877,0.130963
0.0371174,-0.0253844
0.0371174,-0.0253844
0.0371174,-0.0253844
-0.0356402,-0.0491111
-0.0356402,-0.0491111
-0.0171992,-0.0508263
-0.0171992,-0.0508263
0.00564964,0.020462
0.0127259,0.0374592
-0.0468702,0.00114599
-0.0468702,0.00114599
-0.0468702,0.00114599
-0.00613297,-0.00800986
-0.0320002,0.0296897
-0.0109473,0.0557506
0.00780812,-0.00973792
-0.0530132,0.00850642
-0.0292748,0.0487505
-0.0364364,-0.0328272
-0.0168268,-0.0532123
-0.0481513,-0.0911958
-0.0481513,-0.0911958
-0.0481513,-0.0911958
-0.0132145,-0.067622
0.0197842,-0.053774
-0.0128742,0.102367
-0.0128742,0.102367
0.0513831,0.092945
-0.0149284,-0.0469134
0.0112035,0.00128988
0.141992,-0.0220346
-0.0483548,-0.135966
0.00661026,-0.0259888
0.0463192,-0.0413094
0.0463192,-0.0413094
0.00423974,-0.081854
0.0675235,-0.127543
-0.0529007,-0.0671092
-0.0721617,0.127787
0.106566,0.0268513
0.0622452,0.0210926
-0.0262584,-0.0646607
-0.0262584,-0.0646607
-0.0245167,0.032525
-0.00204634,-0.0151314
-0.00204634,-0.0151314
-0.10781,-0.00388206
-0.00381209,-0.0682987
-0.00381209,-0.0682987
-0.0294636,-0.0394187
0.05095,0.0144968
0.05095,0.0144968
-0.0126847,0.0787013
0.0408087,0.00152521
-0.0360135,-0.00566773
0.0299776,-0.0308854
0.0499047,0.035128
0.0668523,0.0820497
0.0668523,0.0820497
0.0668523,0.0820497
-0.0301157,-0.0176174
-0.0426692,-0.0251389
0.0289172,0.0862317
0.0289172,0.0862317
0.0289172,0.0862317
0.0289172,0.0862317
-0.0658941,0.113207
-0.0847467,-0.144876
-0.0964225,-0.05731
0.0834708,0.0184113
0.243918,-0.0418846
-0.0254616,-0.00346292
0.132887,0.00484101
0.132887,0.00484101
0.132887,0.00484101
0.132887,0.00484101
0.0852225,0.106224
-0.077435,-0.212086
-0.00752879,0.0210932
-0.0258093,-0.08603
0.129144,-0.067943
0.0343247,0.0439371
-0.0623284,0.00133179
-0.0234814,0.0188506
-0.0234814,0.0188506
0.0774442,0.0162127
0.0277446,0.0245373
0.0277446,0.0245373
-0.0188516,-0.0198227
-0.0188516,-0.0198227
-0.0188516,-0.0198227
-0.0188516,-0.0198227
-0.0188516,-0.0198227
0.0327372,-0.100697
-0.0435676,0.0769408
-0.0435676,0.0769408
0.0441433,0.0825072
0.0369373,-0.105546
0.0369373,-0.105546
-0.00928158,0.0520192
-0.0705515,0.0168958
-0.124672,-0.066074
-0.124672,-0.066074
0.0334084,0.0410217
0.0334084,0.0410217
-0.0879708,-0.0878517
-0.0879708,-0.0878517
-0.124134,0.114645
-0.114508,-0.0064094
-0.0665464,-0.0158626
-0.135696,-0.0337919
-0.0439578,-0.0174282
-0.0439578,-0.0174282
-0.0439534,0.0282434
0.0470675,0.0335338
-0.0265228,3.72982e-05
-0.0237962,0.0741352
-0.0237962,0.0741352
0.0263995,0.000806761
0.106948,-0.0314591
0.0921158,-0.0136315
0.0416017,-0.0161501
0.0416017,-0.0161501
0.0285196,-0.0192478
0.0285196,-0.0192478
0.0857975,0.00166916
-0.0415905,-0.100195
0.0413654,0.0560998
0.00685111,0.118889
-0.00291813,0.137888
-0.00291813,0.137888
0.0232599,0.0593734
-0.0483397,0.0279676
0.0542658,-0.00627482
0.0147093,0.0246164
0.0147093,0.0246164
0.0147093,0.0246164
0.0147093,0.0246164
0.0147093,0.0246164
0.036139,-0.153877
0.128906,-0.0712687
0.0859342,-0.0375211
0.0859342,-0.0375211
0.11707,0.0426681
-0.0223456,0.043556
-0.0223456,0.043556
-0.0223456,0.043556
0.0147152,-0.0336526
-0.0227311,0.0697796
0.0283888,0.0224237
0.0283888,0.0224237
0.0283888,0.0224237
0.00696605,-0.0484024
0.0523967,-0.102567
0.0176613,-0.0345446
0.0176613,-0.0345446
0.0176613,-0.0345446
0.0176613,-0.0345446
0.0176613,-0.0345446
0.0039294,-0.0134238
0.0039294,-0.0134238
-0.0436062,0.0239175
-0.00907042,-0.067403
-0.0542996,-0.135784
0.00631969,0.0585349
0.00631969,0.0585349
-0.0880675,0.0542693
-0.00694698,-0.012846
-0.0436247,0.0889058
0.0148598,0.0274151
-0.0898283,-0.0318025
-0.0712148,0.0290401
0.0444458,-0.0248291
0.0375216,-0.099375
0.0375216,-0.099375
0.0397749,-0.0772821
0.0474453,-0.0250834
-0.00300832,-0.0208919
0.0201368,0.0448622
0.213278,-0.0467751
-0.0125983,-0.0129579
-0.0408862,-0.108631
-0.126252,-0.1461
-0.105554,-0.144922
-0.0702967,0.0305562
-0.0702967,0.0305562
