MDTU,S_B
1,0.852438
2,0.901434
3,0.923673
4,0.939509
5,0.962136
6,0.976739
7,0.976739
8,0.978106
9,0.971023
10,0.977615
11,0.976539
12,0.979572
13,0.978629
14,0.985772
15,0.996932
16,0.987288
17,0.987288
18,0.987288
19,0.983286
20,0.991095
21,0.993193
22,0.993883
23,1.00007
24,1.00007
25,0.986288
26,0.988208
27,0.981039
28,0.993223
29,1.00603
30,0.997509
31,0.997498
32,0.994573
33,0.992009
34,1.00055
35,1.00079
36,1.00079
37,1.00165
38,1.00165
39,0.991558
40,0.994907
41,0.995783
42,0.995783
43,0.990759
44,0.986203
45,0.988568
46,0.988568
47,0.99525
48,0.99525
49,0.99525
50,0.993877
51,0.993877
52,0.985043
53,0.998397
54,0.99177
55,0.992787
56,0.999045
57,0.993043
58,0.998866
59,0.991038
60,0.991354
61,0.993991
62,0.991239
63,1.00137
64,0.994022
65,0.996165
66,0.997122
67,0.987944
68,1.00231
69,0.988501
70,0.990317
71,0.993504
72,0.985653
73,0.985653
74,0.997164
75,1.00138
76,0.98908
77,0.98908
78,0.989746
79,0.989746
80,0.989746
81,0.998851
82,1.00342
83,0.997024
84,0.99342
85,1.00368
86,1.00253
87,1.00253
88,1.00161
89,1.0052
90,1.0052
91,1.00822
92,0.999268
93,0.992662
94,0.992662
95,0.998386
96,0.9974
97,0.992339
98,0.993058
99,0.994676
100,1.00286
101,1.00286
102,1.00224
103,0.998202
104,1.00104
105,1.00104
106,1.00392
107,0.999108
108,0.999108
109,0.995885
110,1.00643
111,0.995297
112,0.994271
113,0.994271
114,0.989515
115,0.994357
116,0.991961
117,0.991961
118,0.991531
119,0.989389
120,0.999323
121,0.994463
122,0.990616
123,0.992548
124,0.992548
125,0.997937
126,0.997937
127,0.997907
128,0.997907
129,1.0039
130,1.0039
131,0.998006
132,1.00518
133,0.993792
134,0.997922
135,1.00389
136,1.00108
137,1.00293
138,0.994375
139,0.98791
140,0.993067
141,0.993067
142,0.990306
143,0.990306
144,0.996552
145,1.00125
146,1.00125
147,1.00964
148,0.993463
149,0.993463
150,0.993463
151,0.993463
152,1.00462
153,1.00763
154,0.999078
155,0.995875
156,0.992417
157,0.999706
158,0.990432
159,0.996717
160,0.990075
161,0.993865
162,1.00489
163,0.998743
164,0.983817
165,0.988771
166,0.999817
167,0.999817
168,1.00571
169,0.99402
170,1.00356
171,0.999615
172,1.00813
173,1.00813
174,1.00803
175,0.991345
176,0.995944
177,0.995249
178,0.994884
179,0.998353
180,0.997513
181,1.00234
182,0.994158
183,0.987099
184,1.00213
185,0.997471
186,0.99446
187,1.00399
188,0.998374
189,0.993267
190,0.98624
191,0.98624
192,0.992622
193,1.00225
194,0.993453
195,0.99064
196,1.00024
197,1.00663
198,1.00273
199,1.00273
200,0.997519
201,0.986418
202,0.985381
203,0.993324
204,0.992373
205,0.995201
206,1.00624
207,0.993793
208,0.992755
209,1.00323
210,1.00306
211,1.00657
212,0.998265
213,0.996789
214,0.996789
215,0.996789
216,1.00318
217,1.00048
218,0.98723
219,1.00017
220,1.00017
221,0.992055
222,0.991371
223,0.993853
224,0.992517
225,1.00138
226,1.00265
227,0.986389
228,1.00519
229,1.00635
230,0.994364
231,1.00285
232,1.00285
233,1.00553
234,0.99568
235,0.989244
236,0.98854
237,0.995913
238,0.996951
239,0.993038
240,0.987236
241,0.994701
242,0.994701
243,0.997467
244,0.999623
245,0.999241
246,0.99148
247,0.99148
248,0.991081
249,0.997591
250,0.991555
251,0.986043
252,0.998302
253,1.00708
254,1.00708
255,1.00218
256,1.00218
257,1.00218
258,0.997461
259,1.00022
260,0.99181
261,0.998039
262,0.998039
263,0.998709
264,0.999527
265,0.999527
266,0.997571
267,0.996297
268,1.00363
269,0.990746
270,0.990746
271,0.990746
272,0.990746
273,0.990746
274,0.992349
275,0.993524
276,0.993524
277,0.996011
278,1.00049
279,0.997986
280,0.997986
281,0.993917
282,0.999573
283,0.986611
284,0.988249
285,0.991751
286,0.991751
287,0.989256
288,1.00013
289,1.0062
290,1.00301
291,1.00248
292,1.00201
293,0.995256
294,0.996114
295,0.986178
296,0.986178
297,0.986178
298,0.986178
299,0.997731
300,1.00222
301,1.00772
302,1.00328
303,0.994819
304,0.997806
305,1.00282
306,0.999839
307,0.993044
308,1.00119
309,0.995291
310,0.999177
311,0.991574
312,0.999642
313,1.00404
314,0.995191
315,0.995191
316,1.00118
317,0.995603
318,1.00141
319,1.00249
320,1.00242
321,0.993103
322,0.992485
323,0.992695
324,0.997958
325,0.997055
326,0.994035
327,0.994035
328,1.00134
329,0.998242
330,0.998242
331,0.98654
332,0.993577
333,1.00514
334,1.00514
335,1.00629
336,0.999059
337,0.982969
338,0.989172
339,0.993435
340,0.99702
341,0.99702
342,0.996471
343,0.996471
344,0.996471
345,1.0036
346,0.996802
347,0.996802
348,0.996802
349,0.996791
350,1.00345
351,0.999684
352,0.990872
353,1.00308
354,1.00323
355,0.991709
356,0.991709
357,0.990699
358,0.996328
359,1.00138
360,0.99358
361,0.99465
362,0.993931
363,0.997504
364,0.998675
365,0.998675
366,0.995777
367,0.989849
368,0.994831
369,0.989301
370,0.998481
371,0.998481
372,0.995008
373,1.00242
374,1.00242
375,1.00067
376,0.997913
377,0.994795
378,0.988719
379,0.991074
380,1.00507
381,0.997669
382,0.997746
383,1.00193
384,1.00193
385,0.992661
386,0.993634
387,0.993634
388,1.0078
389,0.999797
390,1.00116
391,0.998103
392,0.998103
393,0.992904
394,0.992904
395,0.989145
396,0.990526
397,0.997638
398,0.989549
399,0.989564
400,0.987574
401,0.98928
402,0.991405
403,0.993108
404,0.999892
405,0.997518
406,0.995059
407,0.992457
408,0.995088
409,0.992679
410,0.992885
411,1.00397
412,1.00397
413,0.99454
414,0.994318
415,0.993743
416,0.993743
417,0.995635
418,0.990802
419,0.990802
420,0.989667
421,0.99753
422,0.993114
423,0.995808
424,0.996759
425,0.994916
426,0.989816
427,0.989816
428,0.998156
429,1.0044
430,1.00507
431,1.00507
432,0.994062
433,1.00521
434,1.0056
435,0.997617
436,1.00044
437,1.00375
438,0.996769
439,0.989348
440,0.996104
441,0.993792
442,1.00089
443,0.993245
444,0.995833
445,0.999735
446,0.996027
447,0.996027
448,0.996027
449,0.996796
450,0.997814
451,0.992584
452,0.992584
453,0.993048
454,0.993048
455,0.999023
456,0.995356
457,0.993732
458,0.996604
459,0.989017
460,0.989017
461,0.990389
462,0.999682
463,1.00296
464,0.995686
465,0.995686
466,0.996978
467,0.996978
468,1.00254
469,1.00254
470,1.00254
471,1.00254
472,0.995369
473,1.00076
474,0.992042
475,0.997739
476,0.997739
477,0.997993
478,0.997993
479,0.996846
480,0.991845
481,1.00697
482,1.00112
483,0.998352
484,1.00162
485,1.00162
486,1.00162
487,1.00106
488,1.00106
489,0.996352
490,0.996352
491,1.00474
492,0.987036
493,0.996591
494,1.00013
495,0.992864
496,1.00034
497,0.997574
498,0.997574
499,1.00702
500,0.996893
501,0.996893
502,0.996974
503,0.996974
504,1.00185
505,0.999101
506,0.995539
507,0.989194
508,0.991468
509,0.99967
510,0.99011
511,0.99011
512,0.99011
513,0.992726
514,0.996248
515,0.996248
516,1.0042
517,1.0042
518,0.992744
519,0.992186
520,1.00167
521,1.00167
522,0.994278
523,1.00321
524,1.00244
525,1.00111
526,1.01037
527,0.9962
528,1.01139
529,1.01139
530,1.01139
531,0.998684
532,1.0001
533,1.00959
534,1.00755
535,0.990585
536,0.992724
537,1.00487
538,0.997107
539,0.998889
540,1.00047
541,1.00514
542,1.00855
543,1.00962
544,0.997345
545,0.9937
546,0.999241
547,0.999241
548,0.999241
549,0.999241
550,1.00817
551,0.996639
552,0.996511
553,1.00151
554,0.996681
555,1.00636
556,0.997085
557,0.996815
558,1.00393
559,0.995141
560,0.994694
561,0.991811
562,0.999076
563,0.992883
564,0.988414
565,0.988414
566,0.997307
567,0.988371
568,1.00033
569,0.994724
570,0.996246
571,0.997318
572,0.992337
573,0.996057
574,0.995477
575,0.999609
576,0.999609
577,1.00021
578,0.995976
579,1.00258
580,0.994215
581,0.992452
582,1.0005
583,1.0005
584,1.0005
585,0.990875
586,0.991934
587,0.997351
588,0.997351
589,0.994985
590,0.988913
591,1.00049
592,0.999296
593,1.0047
594,1.00978
595,1.00631
596,1.00631
597,0.998246
598,1.00652
599,1.00335
600,1.00336
601,1.00336
602,1.00882
603,0.998949
604,0.988957
605,0.990549
606,0.991847
607,0.999849
608,0.995533
609,0.998706
610,0.998706
611,1.00399
612,0.997195
613,0.991137
614,1.00835
615,0.995596
616,1.00334
617,0.99771
618,0.996618
619,0.993479
620,0.989966
621,0.999728
622,0.999728
623,0.999728
624,0.994602
625,1.00175
626,1.00576
627,0.998029
628,0.998029
629,0.999616
630,1.00231
631,0.999081
632,0.999081
633,0.988126
634,0.996196
635,0.983724
636,0.988349
637,0.988349
638,0.988349
639,0.983963
640,0.981398
641,0.994199
642,0.994199
643,1.00385
644,1.00385
645,0.993768
646,0.995689
647,1.00443
648,1.00198
649,1.00198
650,0.997211
651,1.00224
652,0.994812
653,0.994812
654,0.986826
655,0.999519
656,1.00288
657,0.996147
658,0.993435
659,0.989621
660,0.989621
661,0.989621
662,0.992793
663,1.00279
664,0.99115
665,0.997205
666,0.997205
667,0.999801
668,0.98464
669,0.995455
670,0.996758
671,1.00001
672,0.994601
673,1.00239
674,1.00179
675,1.00154
676,0.992269
677,0.98727
678,0.991102
679,0.98976
680,0.98976
681,0.99657
682,0.99657
683,0.99657
684,1.00429
685,1.00786
686,1.0006
687,0.992982
688,0.989154
689,0.99469
690,0.99469
691,0.99097
692,0.99191
693,0.986609
694,0.998985
695,1.00477
696,1.00477
697,0.998831
698,0.999595
699,0.999595
700,1.00094
701,1.00107
702,0.99222
703,0.995565
704,0.990715
705,0.986316
706,0.995932
707,0.998786
708,0.998786
709,0.998513
710,1.00348
711,1.0002
712,0.998666
713,0.994149
714,0.994149
715,0.994149
716,0.988149
717,0.996132
718,0.993243
719,0.99276
720,0.99276
721,0.992627
722,1.00015
723,0.99864
724,0.992712
725,0.988668
726,0.988668
727,0.994052
728,0.984806
729,0.997026
730,0.997026
731,0.989932
732,0.989932
733,0.99495
734,0.999501
735,0.990266
736,0.998886
737,0.995025
738,0.996648
739,0.996648
740,1.00432
741,1.00431
742,0.990228
743,0.995359
744,0.994637
745,0.996826
746,1.00051
747,0.989079
748,0.994573
749,0.992723
750,0.995837
751,0.995837
752,1.00403
753,1.00134
754,0.991434
755,0.991434
756,0.991434
757,0.99419
758,0.990454
759,0.990454
760,0.997987
761,0.996192
762,0.991319
763,1.00399
764,1.00576
765,0.995783
766,0.996167
767,1.00015
768,1.00015
769,0.999499
770,0.995075
771,0.997312
772,1.00216
773,0.995661
774,1.00198
775,1.00198
776,1.00364
777,1.00497
778,1.00168
779,0.985705
780,1.00636
781,1.0055
782,0.999703
783,0.996521
784,0.994661
785,0.994106
786,0.996474
787,1.00662
788,1.00662
789,0.999772
790,0.995094
791,0.996126
792,1.00186
793,0.996255
794,0.995902
795,0.9867
796,1.00258
797,1.00652
798,1.00736
799,0.989288
800,0.985092
801,0.991676
802,0.997976
803,1.01377
804,1.01377
805,0.996636
806,0.998783
807,0.998783
808,0.998592
809,1.00373
810,0.999582
811,1.00866
812,1.00047
813,1.00047
814,1.00047
815,1.00047
816,0.992202
817,1.00229
818,1.00229
819,0.999087
820,0.997022
821,0.998739
822,1.0044
823,1.00207
824,0.995091
825,0.997354
826,0.997354
827,0.982531
828,0.994161
829,1.00258
830,1.00674
831,0.99731
832,1.00271
833,0.998928
834,0.989971
835,1.00127
836,1.00978
837,1.00246
838,1.00998
839,1.00465
840,1.00139
841,0.991164
842,1.00293
843,0.994265
844,1.00413
845,1.01279
846,1.00347
847,1.00035
848,0.999462
849,0.997147
850,0.993164
851,0.989598
852,0.993993
853,0.993109
854,0.998999
855,0.993378
856,0.99456
857,1.0039
858,1.0039
859,1.0039
860,1.00633
861,1.00242
862,1.00242
863,1.00242
864,0.998363
865,0.996041
866,1.01094
867,1.01094
868,1.01094
869,1.01094
870,1.00663
871,1.00167
872,1.01425
873,0.992067
874,0.989674
875,0.989674
876,1.00005
877,0.999566
878,0.994506
879,0.998974
880,1.0001
881,0.99618
882,1.00113
883,0.997743
884,1.00087
885,1.00201
886,1.00825
887,0.999563
888,0.995188
889,0.997237
890,0.990746
891,0.989333
892,0.992519
893,0.982069
894,0.996076
895,0.996076
896,0.991063
897,0.993396
898,0.999118
899,0.999118
900,0.999946
901,0.997333
902,0.997333
903,0.998888
904,0.991403
905,0.997838
906,0.997224
907,0.997224
908,0.991724
909,0.991724
910,0.994546
911,0.994546
912,0.994546
913,0.994546
914,0.994546
915,0.994546
916,1.00085
917,1.00117
918,0.992507
919,0.989599
920,0.998064
921,0.998707
922,0.996256
923,0.995627
924,1.00951
925,1.00445
926,1.00445
927,0.9981
928,0.993139
929,0.991773
930,0.990087
931,1.00164
932,0.998207
933,0.998248
934,0.991887
935,0.986477
936,0.993494
937,0.993195
938,0.993195
939,0.996133
940,0.990445
941,0.999456
942,0.997207
943,0.99562
944,1.00236
945,1.00236
946,1.00553
947,0.99644
948,0.991328
949,0.999062
950,0.999062
951,0.999062
952,0.999062
953,1.01207
954,1.0001
955,1.00288
956,1.00193
957,0.998295
958,0.996734
959,0.991881
960,0.990929
961,0.994094
962,0.997541
963,0.997541
964,0.998551
965,1.00082
966,0.997757
967,0.997757
968,0.994645
969,1.00806
970,0.996465
971,0.987263
972,0.99942
973,0.986623
974,0.994021
975,1.00022
976,1.00022
977,1.00062
978,0.99508
979,0.990117
980,1.00147
981,0.999198
982,1.00522
983,0.991906
984,0.994567
985,0.995149
986,0.995149
987,0.990465
988,0.999562
989,0.999562
990,0.995379
991,0.995379
992,0.995379
993,0.995379
994,0.997333
995,0.995798
996,0.993922
997,1.00658
998,1.00658
999,1.00494
1000,1.00494
1001,0.998755
1002,1.00281
1003,1.00281
1004,0.995768
1005,0.995603
1006,0.996363
1007,0.99635
1008,0.999722
1009,0.996405
1010,0.996405
1011,1.00043
1012,1.00446
1013,1.00025
1014,1.00025
1015,0.991518
1016,0.998651
1017,0.999362
1018,0.99191
1019,0.994373
1020,0.994386
1021,1.00346
1022,1.00346
1023,1.0075
1024,0.999771
1025,0.993486
1026,0.993628
1027,0.998887
1028,0.998165
1029,0.997526
1030,1.00271
1031,0.991343
1032,1.00704
1033,1.00704
1034,0.997273
1035,0.992716
1036,0.993276
1037,0.993276
1038,0.995662
1039,0.992432
1040,0.994468
1041,0.994468
1042,0.997323
1043,0.997323
1044,0.991063
1045,0.991063
1046,0.991063
1047,0.995349
1048,1.00225
1049,1.00472
1050,1.00472
1051,0.999355
1052,0.995511
1053,0.987521
1054,0.99266
1055,0.99266
1056,1.0013
1057,1.0013
1058,0.997601
1059,0.996252
1060,0.986147
1061,0.985473
1062,1.00489
1063,0.993089
1064,0.986653
1065,0.997161
1066,0.997161
1067,0.993696
1068,0.9957
1069,1.00471
1070,1.00085
1071,1.00085
1072,0.995454
1073,0.99586
1074,0.995616
1075,1.00293
1076,1.00293
1077,0.994197
1078,0.994918
1079,0.988155
1080,0.988155
1081,0.997862
1082,0.987946
1083,0.998138
1084,0.996427
1085,1.00248
1086,0.990547
1087,0.999756
1088,1.002
1089,0.997427
1090,0.992114
1091,0.999564
1092,0.994478
1093,0.988093
1094,0.988273
1095,1.00355
1096,1.00355
1097,1.00355
1098,1.00572
1099,1.00251
1100,0.997364
1101,0.991941
1102,1.00016
1103,0.999448
1104,1.00205
1105,1.00205
1106,1.00205
1107,0.998748
1108,0.994005
1109,1.003
1110,0.999906
1111,0.995533
1112,0.995533
1113,0.991064
1114,0.993258
1115,0.999128
1116,0.99396
1117,0.995188
1118,0.995188
1119,0.994133
1120,0.988166
1121,0.990294
1122,0.990294
1123,0.999834
1124,0.994813
1125,0.994813
1126,0.99509
1127,1.0007
1128,0.988954
1129,0.995353
1130,0.995353
1131,0.988759
1132,1.00323
1133,0.998774
1134,0.999466
1135,0.990919
1136,0.982077
1137,0.991575
1138,0.996316
1139,0.992824
1140,0.989358
1141,0.989358
1142,0.988175
1143,1.00057
1144,0.98659
1145,0.98659
1146,0.996777
1147,1.00175
1148,0.998756
1149,0.996879
1150,0.998447
1151,0.996249
1152,0.995571
1153,0.991067
1154,1.00047
1155,1.00047
1156,0.99682
1157,1.00453
1158,0.992191
1159,0.996022
1160,0.993149
1161,1.0021
1162,1.0021
1163,0.997171
1164,1.00133
1165,1.00133
1166,0.998652
1167,0.994107
1168,1.0031
1169,1.00219
1170,1.00087
1171,1.00087
1172,0.998582
1173,1.00228
1174,0.99411
1175,0.993335
1176,0.993335
1177,0.993335
1178,0.993057
1179,0.996386
1180,0.990655
1181,0.978639
1182,0.985925
1183,0.985925
1184,0.996327
1185,0.993706
1186,0.993706
1187,0.992373
1188,0.98993
1189,0.98993
1190,0.989684
1191,1.00158
1192,0.998414
1193,0.997825
1194,0.990654
1195,0.997198
1196,1.00612
1197,1.00006
1198,1.00006
1199,0.990865
1200,0.999661
1201,0.996726
1202,0.997045
1203,0.985625
1204,0.997774
1205,0.997774
1206,0.997774
1207,0.996448
1208,0.99755
1209,0.99755
1210,0.993728
1211,0.990493
1212,0.996226
1213,0.991292
1214,1.0018
1215,0.992486
1216,0.996999
1217,1.002
1218,0.999995
1219,1.00583
1220,0.998431
1221,1.00022
1222,1.00022
1223,0.996066
1224,1.00093
1225,1.00072
1226,1.00072
1227,1.00092
1228,1.01278
1229,1.01278
1230,1.01278
1231,1.01278
1232,0.990075
1233,0.997146
1234,1.01023
1235,0.995714
1236,0.99841
1237,0.99841
1238,1.00707
1239,0.994649
1240,1.00279
1241,1.0078
1242,1.01607
1243,1.00043
1244,1.00017
1245,1.00371
1246,1.00126
1247,0.996752
1248,1.00741
1249,0.996808
1250,1.00382
1251,1.00222
1252,1.00736
1253,1.00736
1254,0.989064
1255,0.992709
1256,0.992709
1257,1.00451
1258,1.00606
1259,0.991117
1260,0.995544
1261,1.00575
1262,0.992162
1263,1.00127
1264,1.00127
1265,0.995692
1266,0.995692
1267,1.00348
1268,1.00348
1269,1.00146
1270,0.999349
1271,0.992685
1272,0.994452
1273,0.990312
1274,1.00146
1275,0.996694
1276,0.997949
1277,0.997949
1278,1.00636
1279,0.992842
1280,0.993494
1281,0.993494
1282,0.993494
1283,0.99235
1284,0.993373
1285,1.00103
1286,1.00103
1287,1.00053
1288,1.00266
1289,1.00266
1290,0.994329
1291,0.994329
1292,0.999052
1293,0.999052
1294,0.999052
1295,0.996427
1296,1.00867
1297,0.993362
1298,0.991088
1299,0.987338
1300,0.997956
1301,0.997956
1302,0.991768
1303,0.997613
1304,0.997453
1305,1.00055
1306,1.00055
1307,1.00354
1308,0.986849
1309,0.994626
1310,0.993079
1311,0.990949
1312,0.991578
1313,0.998853
1314,0.992087
1315,0.999924
1316,0.996922
1317,0.994831
1318,0.994831
1319,1.0037
1320,1.00871
1321,1.00871
1322,1.00871
1323,1.003
1324,0.998778
1325,1.00576
1326,0.998605
1327,0.990555
1328,1.00205
1329,1.00361
1330,1.00401
1331,1.00154
1332,1.00436
1333,1.00436
1334,0.994103
1335,1.00039
1336,1.00003
1337,1.00413
1338,1.00484
1339,1.00747
1340,1.00219
1341,1.00596
1342,1.0102
1343,0.99946
1344,1.00165
1345,1.00103
1346,1.00601
1347,0.999006
1348,0.998526
1349,1.00623
1350,0.994728
1351,1.00109
1352,0.998017
1353,0.994931
1354,1.00089
1355,0.995083
1356,0.995972
1357,0.995972
1358,1.00401
1359,0.999321
1360,0.993141
1361,0.99725
1362,1.00132
1363,1.00111
1364,1.00199
1365,1.00199
1366,1.00705
1367,1.00037
1368,1.00121
1369,1.00106
1370,1.00013
1371,0.996919
1372,0.996474
1373,0.999689
1374,1.00749
1375,1.0007
1376,1.0007
1377,1.0007
1378,1.00756
1379,1.0019
1380,1.0019
1381,1.0019
1382,0.992411
1383,0.997256
1384,0.991853
1385,0.997347
1386,0.994096
1387,0.994096
1388,0.990742
1389,1.00207
1390,0.992298
1391,0.990433
1392,1.00844
1393,0.986007
1394,0.986007
1395,1.00128
1396,0.99361
1397,0.99361
1398,0.997566
1399,0.997566
1400,1.00454
1401,1.00454
1402,1.00216
1403,1.006
1404,1.00012
1405,0.997935
1406,1.00085
1407,1.00273
1408,1.00089
1409,0.99155
1410,0.992246
1411,0.984996
1412,0.993376
1413,0.995235
1414,0.984001
1415,0.994576
1416,0.987189
1417,0.990949
1418,0.997194
1419,0.988411
1420,0.993586
1421,1.00018
1422,1.00018
1423,1.00018
1424,1.00306
1425,1.00161
1426,0.996955
1427,0.997008
1428,0.987665
1429,0.99623
1430,1.00001
1431,0.987832
1432,1.00005
1433,0.986148
1434,0.991585
1435,0.991995
1436,0.990674
1437,0.992837
1438,0.998677
1439,0.991852
1440,0.992128
1441,1.00149
1442,1.00149
1443,1.00001
1444,1.00001
1445,1.00001
1446,0.995979
1447,0.98843
1448,0.993865
1449,0.999353
1450,1.00583
1451,0.998656
1452,0.999934
1453,1.00226
1454,1.00286
1455,1.00197
1456,0.998359
1457,0.999198
1458,1.00172
1459,1.00172
1460,1.00172
1461,1.00861
1462,1.00861
1463,1.00076
1464,1.00333
1465,1.00333
1466,0.996603
1467,0.991505
1468,1.00141
1469,1.00808
1470,0.998572
1471,1.00191
1472,0.998747
1473,0.991732
1474,0.99838
1475,1.01094
1476,1.01094
1477,1.00309
1478,1.00058
1479,0.99241
1480,0.993115
1481,0.996016
1482,1.00423
1483,1.0016
1484,0.996087
1485,0.996087
1486,0.996087
1487,0.990861
1488,0.990861
1489,0.992161
1490,0.997835
1491,0.996679
1492,0.992535
1493,0.997136
1494,0.997136
1495,0.990019
1496,0.989574
1497,0.980853
1498,0.989265
1499,0.993107
1500,0.999851
1501,0.99801
1502,0.986896
1503,0.993556
1504,0.993556
1505,0.997737
1506,0.994128
1507,0.999504
1508,0.999504
1509,1.00356
1510,1.00307
1511,0.990727
1512,0.990968
1513,1.01119
1514,1.01119
1515,0.991397
1516,0.986981
1517,1.00104
1518,1.00104
1519,0.999847
1520,0.999847
1521,0.999847
1522,0.995503
1523,0.995503
1524,0.995503
1525,0.988415
1526,0.996714
1527,0.994832
1528,0.999047
1529,1.00363
1530,0.998131
1531,0.998131
1532,0.99429
1533,0.994647
1534,0.996173
1535,0.993226
1536,0.996526
1537,0.99013
1538,0.997857
1539,1.0051
1540,1.00327
1541,1.0035
1542,1.00033
1543,1.00675
1544,1.00281
1545,1.00207
1546,0.998362
1547,1.00431
1548,1.00431
1549,0.997162
1550,1.0063
1551,1.0063
1552,0.996547
1553,0.999612
1554,0.999612
1555,0.999612
1556,1.00373
1557,1.01033
1558,1.01033
1559,1.01033
1560,0.996401
1561,1.01031
1562,1.01031
1563,0.997319
1564,0.993265
1565,0.993265
1566,1.00623
1567,0.998403
1568,0.995989
1569,0.996579
1570,0.996579
1571,0.994508
1572,0.985656
1573,0.99109
1574,1.00207
1575,1.00211
1576,1.00077
1577,0.9913
1578,0.998693
1579,0.993404
1580,0.995788
1581,0.987645
1582,0.987645
1583,0.987645
1584,0.999245
1585,1.00051
1586,0.996363
1587,0.998619
1588,1.00007
1589,1.00007
1590,1.00007
1591,1.00007
1592,0.999827
1593,0.993139
1594,1.00259
1595,1.00053
1596,1.00133
1597,1.00774
1598,1.00005
1599,1.00005
1600,0.99628
1601,0.993596
1602,0.989858
1603,0.996385
1604,0.996497
1605,0.996497
1606,0.992271
1607,0.992271
1608,0.995161
1609,1.00643
1610,0.994425
1611,1.00874
1612,1.00713
1613,0.995738
1614,0.995517
1615,0.988235
1616,0.999467
1617,0.988436
1618,0.983574
1619,0.993454
1620,0.997216
1621,0.996561
1622,0.996561
1623,0.996561
1624,0.996561
1625,0.988347
1626,0.985352
1627,0.99642
1628,1.0003
1629,0.989418
1630,0.9981
1631,0.9981
1632,0.994371
1633,0.995395
1634,0.998484
1635,0.998451
1636,0.99083
1637,0.99083
1638,0.99083
1639,1.0018
1640,0.997675
1641,1.00262
1642,0.999207
1643,1.00348
1644,0.99683
1645,1.00494
1646,1.00568
1647,0.999094
1648,0.993449
1649,0.993449
1650,0.987601
1651,0.993678
1652,1.001
1653,1.001
1654,0.995958
1655,0.993661
1656,0.993361
1657,0.987677
1658,0.991969
1659,0.981698
1660,0.989213
1661,0.989213
1662,0.993341
1663,0.998956
1664,0.992585
1665,0.995966
1666,1.00005
1667,0.999242
1668,0.994943
1669,0.997339
1670,0.992724
1671,0.995124
1672,0.991398
1673,1.00407
1674,0.987362
1675,0.995958
1676,0.995413
1677,1.00128
1678,0.990963
1679,0.992001
1680,0.994967
1681,0.994967
1682,0.998601
1683,0.998601
1684,0.994726
1685,1.00048
1686,0.988492
1687,0.992627
1688,0.996653
1689,0.996653
1690,0.993853
1691,0.992511
1692,0.995512
1693,0.995512
1694,1.00281
1695,1.00281
1696,1.00281
1697,1.00281
1698,1.00058
1699,0.997748
1700,1.00101
1701,1.00101
1702,1.00101
1703,1.00257
1704,0.999583
1705,1.0078
1706,1.0014
1707,0.996873
1708,0.993835
1709,0.993835
1710,0.993186
1711,0.996087
1712,0.999993
1713,0.99221
1714,1.00095
1715,0.993718
1716,0.992833
1717,1.0032
1718,1.0032
1719,1.0005
1720,0.997257
1721,1.00319
1722,0.999812
1723,0.996404
1724,0.990452
1725,0.990844
1726,0.991379
1727,1.00267
1728,1.00053
1729,0.999973
1730,1.00686
1731,0.995238
1732,0.99765
1733,0.990757
1734,1.00246
1735,1.00339
1736,1.00414
1737,0.999237
1738,1.00166
1739,0.998894
1740,0.998894
1741,0.984621
1742,0.993817
1743,0.993817
1744,0.993817
1745,0.99704
1746,0.991526
1747,0.98913
1748,0.989694
1749,0.996041
1750,0.99463
1751,0.992994
1752,0.998903
1753,1.00687
1754,1.01518
1755,1.00447
1756,1.00447
1757,1.00746
1758,1.0002
1759,0.991838
1760,0.989553
1761,0.996636
1762,0.996636
1763,1.00047
1764,0.993109
1765,0.995018
1766,1.00192
1767,0.993934
1768,1.00325
1769,0.99382
1770,1.00172
1771,0.991606
1772,0.994091
1773,0.994091
1774,0.996971
1775,0.998518
1776,0.993843
1777,0.993521
1778,0.996668
1779,0.99145
1780,0.99145
1781,0.99145
1782,0.997563
1783,0.996302
1784,1.00024
1785,1.00822
1786,1.00822
1787,1.00822
1788,1.0109
1789,1.00267
1790,1.0011
1791,1.00066
1792,1.00393
1793,1.00393
1794,1.00136
1795,1.00625
1796,1.00625
1797,0.99699
1798,0.997423
1799,0.9955
1800,1.0014
1801,1.0014
1802,1.0014
1803,1.00444
1804,0.998243
1805,1.00475
1806,1.00475
1807,1.01402
1808,1.00308
1809,1.00352
1810,0.998227
1811,1.01287
1812,1.00673
1813,0.996388
1814,1.00357
1815,1.00138
1816,0.996792
1817,1.00147
1818,0.997271
1819,0.996836
1820,1.00113
1821,1.00407
1822,0.999382
1823,0.991402
1824,0.990174
1825,0.996161
1826,1.00523
1827,1.00222
1828,0.992293
1829,0.989451
1830,0.996114
1831,0.997851
1832,1.00099
1833,0.987364
1834,0.9911
1835,0.993965
1836,0.999931
1837,0.988849
1838,1.00017
1839,0.996869
1840,0.998033
1841,0.998033
1842,1.00227
1843,1.0007
1844,1.00168
1845,1.00253
1846,0.997128
1847,0.998881
1848,1.00151
1849,1.00093
1850,1.00011
1851,0.994901
1852,0.990501
1853,1.00256
1854,0.99129
1855,0.998343
1856,0.998343
1857,0.997623
1858,0.997625
1859,0.99662
1860,1.00035
1861,1.00035
1862,0.990543
1863,0.990749
1864,0.987517
1865,0.987517
1866,0.999936
1867,0.999936
1868,0.999732
1869,0.993814
1870,0.98958
1871,0.997984
1872,0.988809
1873,1.00397
1874,1.00246
1875,0.998977
1876,1.00064
1877,1.00118
1878,0.998726
1879,0.998726
1880,1.00374
1881,1.00489
1882,1.00489
1883,1.00489
1884,1.00497
1885,0.997641
1886,1.00006
1887,0.999581
1888,1.00668
1889,1.00229
1890,1.00142
1891,0.996437
1892,1.00055
1893,0.999037
1894,1.00358
1895,0.996098
1896,0.999019
1897,1.00554
1898,1.00554
1899,0.989275
1900,0.995
1901,0.997681
1902,0.986682
1903,0.986195
1904,0.994575
1905,1.00898
1906,1.01028
1907,0.996494
1908,0.998411
1909,0.998411
1910,0.994271
1911,0.984304
1912,0.989634
1913,0.99254
1914,0.99254
1915,0.99254
1916,0.999096
1917,0.999096
1918,0.995518
1919,0.997278
1920,0.994021
1921,0.997985
1922,0.997985
1923,0.993326
1924,0.994832
1925,0.992987
1926,0.990335
1927,0.994926
1928,0.994926
1929,0.994926
1930,0.997866
1931,0.997866
1932,0.99321
1933,0.99858
1934,1.00221
1935,0.992129
1936,0.993228
1937,1.00289
1938,0.984198
1939,0.984198
1940,0.992205
1941,1.00225
1942,0.986124
1943,0.987838
1944,0.988681
1945,0.995316
1946,0.995316
1947,0.99154
1948,0.988001
1949,1.00147
1950,1.00561
1951,0.993135
1952,0.993135
1953,0.991205
1954,0.999216
1955,0.996506
1956,0.996506
1957,1.00455
1958,0.999148
1959,1.00318
1960,1.00858
1961,0.99174
1962,0.99174
1963,0.99174
1964,1.00296
1965,0.996671
1966,0.997374
1967,0.996813
1968,0.999329
1969,1.00206
1970,0.99128
1971,1.0011
1972,0.986534
1973,0.987308
1974,0.997722
1975,0.988074
1976,0.988837
1977,0.992078
1978,0.994513
1979,0.994513
1980,0.998533
1981,0.993598
1982,0.990336
1983,0.999092
1984,0.999092
1985,1.00287
1986,1.00067
1987,1.00067
1988,0.997723
1989,0.995476
1990,0.9957
1991,1.0022
1992,0.994116
1993,0.996936
1994,0.996264
1995,0.996264
1996,0.991112
1997,1.00423
1998,0.999769
1999,0.999583
2000,0.999444
2001,0.999444
2002,1.00427
2003,1.00486
2004,0.998337
2005,0.993143
2006,0.99193
2007,0.996511
2008,0.998201
2009,0.99868
2010,0.994633
2011,0.988764
2012,0.993565
2013,0.987251
2014,0.98217
2015,0.988016
2016,0.988016
2017,0.982025
2018,0.986164
2019,0.988322
2020,0.993403
2021,1.00145
2022,1.00048
2023,0.998499
2024,0.998328
2025,0.994986
2026,0.994986
2027,0.999022
2028,0.994116
2029,0.994116
2030,0.997286
2031,0.989618
2032,0.99031
2033,0.997172
2034,0.995003
2035,0.997806
2036,0.992242
2037,1.00216
2038,0.998596
2039,0.990209
2040,0.993921
2041,0.992982
2042,0.992982
2043,0.996372
2044,0.995868
2045,1.00331
2046,0.993197
2047,1.00227
2048,0.989372
2049,0.989372
2050,1.00068
2051,0.999278
2052,1.00305
2053,1.00305
2054,0.992778
2055,0.999188
2056,0.994136
2057,0.999762
2058,1.00749
2059,0.992976
2060,1.00134
2061,1.00134
2062,0.988328
2063,0.988328
2064,0.988328
2065,1.0011
2066,0.995297
2067,1.00375
2068,1.00375
2069,1.01003
2070,1.00678
2071,1.00319
2072,0.998315
2073,0.993477
2074,0.998553
2075,0.995157
2076,1.00113
2077,1.00382
2078,1.00987
2079,0.997167
2080,0.997698
2081,0.997698
2082,0.99626
2083,0.992699
2084,0.99495
2085,1.00155
2086,1.00402
2087,1.00402
2088,1.01371
2089,1.01371
2090,1.01221
2091,0.997105
2092,0.997921
2093,0.997807
2094,1.00434
2095,0.990228
2096,0.995794
2097,0.996666
2098,0.991029
2099,0.989428
2100,0.997253
2101,1.00267
2102,0.997904
2103,0.997904
2104,0.997904
2105,0.99367
2106,0.99367
2107,0.998085
2108,0.999087
2109,0.999087
2110,0.999087
2111,1.00062
2112,0.996466
2113,0.998177
2114,0.99464
2115,1.00078
2116,1.00078
2117,1.00473
2118,0.996252
2119,0.997305
2120,0.997305
2121,0.989296
2122,0.988098
2123,0.984497
2124,0.998172
2125,1.00147
2126,0.998649
2127,1.001
2128,1.00002
2129,0.999784
2130,0.99676
2131,1.00088
2132,0.998038
2133,0.994534
2134,0.994534
2135,0.996909
2136,1.00322
2137,1.00322
2138,0.989795
2139,0.995821
2140,0.993239
2141,0.993239
2142,0.993239
2143,0.999266
2144,0.999734
2145,0.996825
2146,0.996977
2147,1.00923
2148,1.00795
2149,1.00236
2150,1.00999
2151,1.01038
2152,1.0027
2153,1.0027
2154,1.002
2155,0.99269
2156,1.00462
2157,1.00338
2158,1.00009
2159,1.00024
2160,1.00395
2161,1.0102
2162,0.989528
2163,0.989528
2164,0.990869
2165,1.00057
2166,0.988496
2167,0.990855
2168,0.98426
2169,0.995577
2170,0.991484
2171,0.995919
2172,1.00249
2173,1.00249
2174,0.997624
2175,0.989782
2176,0.985147
2177,0.984426
2178,0.987111
2179,0.990743
2180,0.993295
2181,0.993295
2182,0.988201
2183,0.989516
2184,0.989516
2185,0.990188
2186,0.988213
2187,0.991371
2188,0.99471
2189,0.992329
2190,1.00024
2191,0.994273
2192,0.989402
2193,0.989402
2194,1.00386
2195,0.999013
2196,0.992913
2197,0.993585
2198,0.990336
2199,0.994526
2200,0.991902
2201,0.985909
2202,0.995893
2203,0.988474
2204,0.999517
2205,0.985735
2206,0.990963
2207,0.990963
2208,0.998075
2209,0.992727
2210,0.993658
2211,0.993658
2212,0.994685
2213,0.994685
2214,0.992546
2215,0.988084
2216,0.988084
2217,0.993248
2218,0.997241
2219,0.994841
2220,0.994841
2221,0.994841
2222,0.99077
2223,1.0034
2224,1.00004
2225,0.987525
2226,0.990844
2227,0.990844
2228,0.988139
2229,0.990777
2230,0.99896
2231,1.00043
2232,0.995214
2233,0.995214
2234,0.987994
2235,0.999163
2236,0.999163
2237,1.00847
2238,1.00451
2239,0.991311
2240,0.988984
2241,1.00099
2242,1.00099
2243,1.00022
2244,0.996889
2245,0.996889
2246,0.995427
2247,0.995355
2248,0.992139
2249,0.997327
2250,0.997327
2251,0.99639
2252,0.998051
2253,1.00679
2254,1.01351
2255,1.0041
2256,1.0041
2257,0.998632
2258,1.00011
2259,1.00398
2260,0.988127
2261,0.988127
2262,0.98855
2263,1.00003
2264,0.998124
2265,0.99353
2266,0.992869
2267,0.992869
2268,0.990286
2269,0.990286
2270,0.995384
2271,0.994959
2272,0.994959
2273,0.993169
2274,0.993169
2275,0.988279
2276,0.988966
2277,0.990451
2278,0.997686
2279,0.991921
2280,0.993384
2281,0.997557
2282,0.994572
2283,1.00191
2284,1.00135
2285,0.999389
2286,0.997563
2287,1.0038
2288,1.00006
2289,0.994249
2290,0.994182
2291,0.996344
2292,0.991202
2293,0.991202
2294,0.989544
2295,0.99549
2296,0.990311
2297,0.987069
2298,0.987069
2299,0.992643
2300,0.988318
2301,0.990538
2302,0.995374
2303,0.992286
2304,0.992286
2305,0.990996
2306,1.00459
2307,1.00459
2308,1.00216
2309,1.00245
2310,1.00816
2311,0.994407
2312,0.999793
2313,0.983982
2314,0.996391
2315,0.983615
2316,0.989419
2317,0.988328
2318,1.00012
2319,1.00646
2320,1.00646
2321,1.00646
2322,1.00646
2323,1.00749
2324,1.00244
2325,1.00244
2326,1.00193
2327,0.986337
2328,0.999776
2329,0.993845
2330,0.999362
2331,0.999488
2332,0.999758
2333,0.998792
2334,0.997948
2335,0.99913
2336,0.998961
2337,0.998336
2338,1.00523
2339,1.00722
2340,0.996047
2341,0.993571
2342,1.00317
2343,1.00317
2344,0.997651
2345,0.996996
2346,0.996996
2347,0.997855
2348,0.99491
2349,0.985568
2350,0.989597
2351,0.994815
2352,1.00115
2353,0.994895
2354,0.995515
2355,1.00238
2356,1.00238
2357,1.00107
2358,0.996939
2359,0.99813
2360,1.00353
2361,0.991047
2362,1.00227
2363,1.0097
2364,0.998769
2365,1.00105
2366,1.00105
2367,1.00011
2368,0.998176
2369,0.999181
2370,1.00108
2371,1.00108
2372,0.980159
2373,0.990856
2374,0.997111
2375,0.994243
2376,0.989749
2377,0.996335
2378,0.996335
2379,1.00507
2380,1.00902
2381,1.00134
2382,0.994705
2383,0.989147
2384,0.995819
2385,0.998248
2386,0.998248
2387,0.996028
2388,0.996028
2389,0.98051
2390,0.990315
2391,0.992555
2392,0.997937
2393,0.997937
2394,0.998409
2395,0.998409
2396,0.9952
2397,0.98824
2398,0.993719
2399,1.00771
2400,1.00968
2401,0.992621
2402,0.988342
2403,0.995322
2404,0.999482
2405,0.986307
2406,0.981582
2407,0.981582
2408,0.977777
2409,0.992102
2410,0.99366
2411,0.996974
2412,0.992515
2413,0.984887
2414,0.989671
2415,0.999555
2416,0.988451
2417,1.00467
2418,0.998342
2419,0.985953
2420,1.00393
2421,0.999904
2422,0.999892
2423,1.00206
2424,1.00206
2425,1.00206
2426,0.994965
2427,0.993868
2428,1.00244
2429,0.996708
2430,1.0023
2431,0.994826
2432,0.993188
2433,0.998366
2434,0.998438
2435,0.998438
2436,1.00051
2437,0.995501
2438,0.99714
2439,0.996467
2440,1.00495
2441,0.994036
2442,0.994036
2443,0.994036
2444,0.994596
2445,1.00056
2446,1.00056
2447,0.988612
2448,0.995406
2449,0.995897
2450,0.995632
2451,0.993595
2452,0.996757
2453,1.00448
2454,0.999038
2455,0.997945
2456,0.997945
2457,0.997945
2458,0.997207
2459,0.99671
2460,0.99671
2461,0.99671
2462,0.997203
2463,0.989345
2464,0.992058
2465,1.00212
2466,1.00029
2467,1.00038
2468,0.996942
2469,0.996942
2470,0.991616
2471,0.998743
2472,1.00011
2473,0.987002
2474,0.987002
2475,0.998301
2476,0.997507
2477,1.00422
2478,0.996767
2479,0.99842
2480,0.997511
2481,0.985453
2482,0.988128
2483,0.993882
2484,0.988339
2485,0.998021
2486,0.997175
2487,0.997175
2488,0.999775
2489,0.999124
2490,0.995597
2491,0.998103
2492,0.98818
2493,0.996367
2494,0.992157
2495,0.999571
2496,0.991231
2497,0.995082
2498,0.988263
2499,0.993287
2500,0.993287
2501,0.993497
2502,0.997776
2503,0.997776
2504,0.997776
2505,0.997776
2506,0.988456
2507,1.00006
2508,1.00089
2509,1.00089
2510,1.00054
2511,1.00054
2512,0.994348
2513,0.993239
2514,0.987107
2515,0.987107
2516,0.996774
2517,1.0006
2518,1.0006
2519,1.00364
2520,0.998259
2521,0.989349
2522,0.997889
2523,0.996921
2524,0.993932
2525,0.995267
2526,0.995267
2527,0.986735
2528,0.986735
2529,0.986735
2530,0.986735
2531,0.995203
2532,0.999706
2533,0.99615
2534,1.00013
2535,1.00352
2536,1.00535
2537,1.00209
2538,1.00142
2539,1.00142
2540,0.995349
2541,0.998074
2542,0.999451
2543,0.999451
2544,0.999451
2545,0.992208
2546,1.00074
2547,1.00074
2548,0.994184
2549,0.992314
2550,0.994597
2551,0.996134
2552,0.99053
2553,0.985249
2554,0.993433
2555,0.988223
2556,0.989194
2557,0.998523
2558,0.998523
2559,1.00487
2560,0.997791
2561,0.997218
2562,0.997403
2563,1.00379
2564,0.996135
2565,1.00194
2566,0.999457
2567,1.00331
2568,1.00331
2569,0.992085
2570,0.991856
2571,1.00606
2572,0.999591
2573,0.999741
2574,1.00239
2575,1.00084
2576,1.00497
2577,0.998128
2578,0.990833
2579,0.990833
2580,0.991388
2581,0.991388
2582,0.99696
2583,0.993557
2584,0.997954
2585,0.99286
2586,0.992267
2587,0.992267
2588,0.996912
2589,0.987252
2590,0.996396
2591,0.996962
2592,0.989743
2593,0.995404
2594,0.995404
2595,0.99347
2596,1.00226
2597,0.996861
2598,0.993454
2599,0.997375
2600,1.00293
2601,1.00293
2602,0.993346
2603,0.999541
2604,0.999541
2605,0.99222
2606,0.989121
2607,1.00224
2608,0.995321
2609,1.0038
2610,1.00451
2611,1.00451
2612,1.00451
2613,0.996635
2614,0.995297
2615,1.00126
2616,1.00383
2617,1.00103
2618,1.00103
2619,0.994709
2620,0.996311
2621,1.00366
2622,0.998235
2623,0.997678
2624,1.00494
2625,1.00683
2626,0.99854
2627,0.99435
2628,0.994495
2629,0.993413
2630,0.999617
2631,1.00016
2632,1.00015
2633,0.998362
2634,0.99393
2635,0.991463
2636,0.988252
2637,0.992809
2638,0.988937
2639,0.988937
2640,0.988937
2641,1.00329
2642,1.00914
2643,1.0079
2644,0.999045
2645,0.994997
2646,0.998174
2647,0.994346
2648,0.995341
2649,0.992333
2650,0.992333
2651,0.998251
2652,0.994021
2653,1.002
2654,1.0002
2655,0.995526
2656,0.998557
2657,0.994429
2658,0.994429
2659,0.994429
2660,0.998596
2661,0.996446
2662,0.993864
2663,0.99697
2664,0.989742
2665,0.988016
2666,0.988016
2667,0.990759
2668,0.993821
2669,0.99313
2670,0.989707
2671,1.00135
2672,0.996233
2673,0.991418
2674,1.00077
2675,1.00091
2676,0.99114
2677,0.995599
2678,1.00206
2679,1.0053
2680,1.00893
2681,0.991386
2682,0.991386
2683,1.00453
2684,0.99909
2685,0.99909
2686,0.994362
2687,0.997698
2688,1.00144
2689,1.00228
2690,1.00197
2691,0.996712
2692,0.996712
2693,1.00102
2694,0.998005
2695,0.998005
2696,1.00377
2697,1.00456
2698,1.00456
2699,1.00456
2700,0.995851
2701,0.996863
2702,0.989144
2703,1.00514
2704,1.00012
2705,1.00012
2706,0.998138
2707,0.999734
2708,1.00252
2709,1.00018
2710,0.997023
2711,0.988436
2712,0.996978
2713,0.989624
2714,0.999471
2715,0.988938
2716,0.999437
2717,0.991402
2718,0.982097
2719,0.991426
2720,0.991426
2721,0.98959
2722,0.985864
2723,0.990901
2724,0.994308
2725,0.99206
2726,0.989869
2727,0.988835
2728,0.994651
2729,0.99316
2730,0.998846
2731,0.998846
2732,0.996326
2733,0.993346
2734,0.993346
2735,0.993891
2736,1.00278
2737,0.989311
2738,0.989311
2739,1.00297
2740,0.998808
2741,0.998808
2742,1.00033
2743,1.00089
2744,1.00089
2745,1.00322
2746,1.00011
2747,1.00904
2748,1.00281
2749,1.00673
2750,0.990994
2751,0.990994
2752,0.999037
2753,1.00372
2754,0.999253
2755,0.996597
2756,0.996984
2757,0.993846
2758,0.999974
2759,0.995804
2760,0.999897
2761,0.995386
2762,0.99152
2763,0.99152
2764,1.00071
2765,0.998328
2766,0.993391
2767,0.993391
2768,1.00523
2769,0.995962
2770,0.995136
2771,0.984016
2772,0.990533
2773,0.994041
2774,0.998291
2775,0.995381
2776,0.994698
2777,0.986885
2778,0.991643
2779,0.999424
2780,1.00325
2781,0.995574
2782,0.996822
2783,1.00244
2784,0.996294
2785,1.00341
2786,1.00341
2787,1.00454
2788,0.998402
2789,0.996337
2790,0.998211
2791,1.0077
2792,0.996735
2793,0.992649
2794,0.997074
2795,1.00092
2796,1.00092
2797,1.00232
2798,1.00232
2799,1.00304
2800,1.00304
2801,0.99974
2802,0.986435
2803,0.989399
2804,0.990769
2805,0.99671
2806,0.99621
2807,1.00398
2808,1.00027
2809,0.996855
2810,0.999452
2811,1.00443
2812,1.00118
2813,0.994935
2814,0.996191
2815,0.996799
2816,0.995366
2817,0.998667
2818,1.00242
2819,1.00543
2820,0.990288
2821,1.00492
2822,1.00437
2823,0.996241
2824,0.998118
2825,0.98983
2826,0.993592
2827,1.00193
2828,1.00182
2829,1.00182
2830,0.998916
2831,0.998916
2832,0.998916
2833,0.99942
2834,0.98974
2835,1.0008
2836,0.995646
2837,0.986442
2838,0.987243
2839,0.987243
2840,0.989138
2841,0.984593
2842,1.00195
2843,0.987105
2844,0.991686
2845,0.991686
2846,0.992276
2847,0.999431
2848,0.997691
2849,0.997691
2850,1.00689
2851,1.00111
2852,1.00464
2853,1.00129
2854,1.00997
2855,1.00327
2856,1.00327
2857,1.00327
2858,0.995841
2859,0.99897
2860,0.994355
2861,0.993691
2862,0.997486
2863,1.00485
2864,1.00485
2865,1.00485
2866,1.00485
2867,1.00485
2868,0.992027
2869,1.00309
2870,0.995102
2871,0.993149
2872,0.996422
2873,0.996422
2874,0.989181
2875,0.999377
2876,0.988374
2877,0.995464
2878,0.995803
2879,0.997781
2880,0.997781
2881,0.997781
2882,0.988134
2883,0.990476
2884,0.989935
2885,0.992463
2886,0.977742
2887,0.986619
2888,0.986619
2889,0.986619
2890,0.992923
2891,0.997604
2892,0.997604
2893,0.994518
2894,1.00342
2895,1.00546
2896,1.00226
2897,1.00211
2898,1.00211
2899,1.00289
2900,1.00035
2901,1.00353
2902,1.00353
2903,0.999431
2904,1.00323
2905,1.00956
2906,0.990206
2907,0.995763
2908,1.0021
2909,1.00604
2910,0.994237
2911,1.00078
2912,1.00548
2913,1.00548
2914,0.998367
2915,0.992765
2916,0.998785
2917,0.998785
2918,0.998785
2919,0.993224
2920,0.997731
2921,0.989376
2922,0.994422
2923,0.994422
2924,0.98953
2925,0.994218
2926,0.997135
2927,1.0024
2928,1.0024
2929,1.0024
2930,1.0024
2931,1.0024
2932,1.0024
2933,0.997434
2934,0.996082
2935,0.994675
2936,1.0061
2937,1.00047
2938,0.989818
2939,0.992442
2940,0.992442
2941,0.992442
2942,0.992442
2943,1.00171
2944,0.997859
2945,0.993752
2946,0.998893
2947,0.98865
2948,0.994945
2949,0.997517
2950,0.998525
2951,0.99696
2952,0.994475
2953,0.994475
2954,1.00319
2955,0.992015
2956,0.992015
2957,0.997096
2958,0.987085
2959,0.993906
2960,0.991811
2961,1.0024
2962,0.994043
2963,0.998741
2964,1.00111
2965,0.997005
2966,0.997005
2967,0.990421
2968,0.994543
2969,0.989465
2970,1.00008
2971,1.00008
2972,0.991737
2973,0.994508
2974,0.997505
2975,0.996368
2976,0.996368
2977,0.995891
2978,0.995891
2979,0.995891
2980,0.995891
2981,0.993448
2982,1.00276
2983,0.991889
2984,1.00016
2985,0.997434
2986,0.991034
2987,0.985338
2988,0.999211
2989,1.0003
2990,1.0003
2991,1.0003
2992,1.0003
2993,1.0003
2994,1.0003
2995,1.0003
2996,1.00138
2997,0.998357
2998,1.00345
2999,1.00345
3000,0.997909
3001,1.00493
3002,0.994916
3003,0.995153
3004,0.996023
3005,0.996023
3006,0.993694
3007,0.993694
3008,1.00036
3009,1.00565
3010,0.999297
3011,0.998857
3012,0.997028
3013,0.997226
3014,0.998334
3015,0.998334
3016,0.99571
3017,1.00485
3018,1.00441
3019,1.00208
3020,0.988227
3021,0.99828
3022,1.00265
3023,1.0097
3024,1.0097
3025,1.00689
3026,1.002
3027,0.994028
3028,0.996253
3029,0.989217
3030,0.999129
3031,1.00128
3032,0.997083
3033,0.996708
3034,1.00252
3035,0.995355
3036,1.00433
3037,1.00088
3038,1.00433
3039,1.00433
3040,0.993908
3041,0.994495
3042,0.994495
3043,0.984621
3044,0.993963
3045,0.996977
3046,0.994917
3047,0.99923
3048,0.989854
3049,0.987546
3050,0.99101
3051,0.997025
3052,0.997025
3053,1.00201
3054,1.00002
3055,1.00807
3056,0.996715
3057,0.996715
3058,1.00238
3059,1.00238
3060,1.00238
3061,1.00238
3062,0.998552
3063,0.99459
3064,0.99459
3065,1.00012
3066,1.00012
3067,0.999097
3068,0.990438
3069,1.01228
3070,0.997447
3071,1.00501
3072,1.00481
3073,0.990803
3074,1.00074
3075,1.00421
3076,1.00421
3077,1.00709
3078,0.999078
3079,0.993333
3080,0.998221
3081,1.00654
3082,1.00654
3083,1.00043
3084,1.0064
3085,1.00631
3086,0.992117
3087,0.998131
3088,1.00264
3089,1.00054
3090,1.00054
3091,0.99385
3092,0.997265
3093,1.0044
3094,1.00603
3095,1.00603
3096,0.994546
3097,0.999571
3098,0.990386
3099,1.00064
3100,1.00646
3101,0.997513
3102,0.992281
3103,0.98942
3104,0.996185
3105,0.995062
3106,0.995062
3107,0.997533
3108,0.997533
3109,0.990477
3110,0.993843
3111,0.993843
3112,1.00173
3113,0.996401
3114,0.996401
3115,0.995307
3116,1.0027
3117,1.00063
3118,1.00063
3119,1.00063
3120,0.999587
3121,0.993141
3122,1.00204
3123,1.00509
3124,1.00937
3125,1.00787
3126,0.998201
3127,1.00812
3128,1.00194
3129,1.00621
3130,0.998312
3131,0.994088
3132,0.994088
3133,0.994088
3134,1.00286
3135,0.995857
3136,0.995857
3137,0.995053
3138,1.00061
3139,1.00061
3140,1.00265
3141,0.993763
3142,0.996539
3143,0.991668
3144,0.997926
3145,0.994655
3146,1.0004
3147,1.00285
3148,0.994382
3149,1.00448
3150,0.995664
3151,0.995751
3152,0.995751
3153,0.995751
3154,0.995751
3155,0.99204
3156,0.993095
3157,1.00139
3158,1.00139
3159,1.00288
3160,0.996593
3161,0.993523
3162,0.993523
3163,0.991795
3164,0.999292
3165,0.999292
3166,0.999292
3167,1.00579
3168,1.00627
3169,0.995975
3170,0.995975
3171,0.995975
3172,0.995975
3173,0.995975
3174,1.00057
3175,1.00076
3176,0.998224
3177,0.994718
3178,0.994782
3179,1.00331
3180,0.993865
3181,0.996923
3182,0.9977
3183,0.9977
3184,0.992088
3185,1.01173
3186,0.997877
3187,1.00502
3188,1.00271
3189,1.00271
3190,0.995964
3191,0.992559
3192,0.995884
3193,0.997631
3194,0.994818
3195,0.994497
3196,1.00198
3197,0.990118
3198,0.988165
3199,0.995997
3200,0.992033
3201,0.996589
3202,1.00231
3203,0.994458
3204,0.991814
3205,0.992449
3206,0.992449
3207,0.992449
3208,0.994058
3209,0.999909
3210,1.00446
3211,1.0007
3212,1.01148
3213,1.00431
3214,1.00702
3215,1.00702
3216,1.00083
3217,1.00083
3218,1.00215
3219,0.999747
3220,0.999747
3221,1.00923
3222,0.997077
3223,0.996215
3224,1.00006
3225,1.00006
3226,1.00185
3227,0.989699
3228,1.00875
3229,1.00875
3230,1.00148
3231,1.00531
3232,0.997337
3233,1.00153
3234,1.00153
3235,1.00298
3236,1.00015
3237,1.00211
3238,0.995486
3239,0.995486
3240,0.99394
3241,0.999057
3242,0.99517
3243,0.995501
3244,0.996785
3245,0.996785
3246,0.993652
3247,0.993652
3248,0.996018
3249,0.992011
3250,0.992011
3251,0.99651
3252,0.99651
3253,0.994328
3254,0.994284
3255,1.00383
3256,0.999179
3257,1.00778
3258,1.00149
3259,0.992108
3260,0.992108
3261,1.00317
3262,0.994053
3263,1.00004
3264,1.00319
3265,0.999494
3266,1.00392
3267,0.990739
3268,1.00225
3269,1.00225
3270,0.996723
3271,1.00007
3272,1.00007
3273,1.00007
3274,0.998868
3275,0.998868
3276,0.995162
3277,0.991355
3278,0.993856
3279,0.991847
3280,0.991847
3281,1.0074
3282,1.0074
3283,0.996972
3284,0.997725
3285,1.00024
3286,1.00024
3287,1.00024
3288,0.999006
3289,0.994521
3290,0.997464
3291,0.995821
3292,1.0032
3293,0.994727
3294,1.00118
3295,1.01086
3296,1.00062
3297,1.00062
3298,1.00062
3299,1.00671
3300,0.989264
3301,0.99692
3302,0.987475
3303,1.00056
3304,1.00351
3305,1.00351
3306,0.99288
3307,0.99288
3308,0.992786
3309,0.996092
3310,0.994356
3311,0.99267
3312,1.00068
3313,0.987038
3314,0.992275
3315,0.998039
3316,0.998039
3317,0.989979
3318,0.994526
3319,0.996696
3320,0.996696
3321,1.00208
3322,0.998494
3323,0.998494
3324,0.998494
3325,0.998494
3326,1.00001
3327,0.997446
3328,1.00057
3329,1.00057
3330,1.00081
3331,1.00116
3332,0.98838
3333,1.00468
3334,0.989919
3335,0.986494
3336,0.986494
3337,0.986494
3338,0.986911
3339,0.991796
3340,0.992842
3341,0.990534
3342,0.987076
3343,0.997911
3344,1.007
3345,0.998736
3346,1.00126
3347,0.997673
3348,0.994281
3349,0.992897
3350,0.990962
3351,1.00312
3352,1.00215
3353,0.995842
3354,0.992018
3355,0.996716
3356,0.996716
3357,1
3358,0.986756
3359,0.995548
3360,0.988917
3361,0.985911
3362,0.984071
3363,0.996662
3364,0.990418
3365,0.999756
3366,0.998038
3367,1.00002
3368,1.00039
3369,1.00016
3370,1.00719
3371,1.0091
3372,1.0091
3373,1.0091
3374,1.0091
3375,1.0091
3376,0.996398
3377,0.990521
3378,1.00024
3379,1.00725
3380,0.999821
3381,0.995458
3382,0.99331
3383,0.996648
3384,0.99351
3385,0.991464
3386,0.987183
3387,0.98937
3388,0.997503
3389,0.997503
3390,0.995159
3391,0.997817
3392,0.989906
3393,0.992983
3394,1.0011
3395,0.994284
3396,1.00473
3397,1.00473
3398,1.00479
3399,1.0095
3400,1.0077
3401,0.998152
3402,0.998152
3403,0.998152
3404,0.998152
3405,1.00044
3406,0.991061
3407,1.00168
3408,0.993576
3409,1.00227
3410,1.00227
3411,1.00227
3412,1.00227
3413,0.99986
3414,0.992184
3415,1
3416,0.993859
3417,0.993859
3418,1.0121
3419,0.994716
3420,0.992552
3421,0.995707
3422,0.994961
3423,0.996637
3424,0.993498
3425,1.00244
3426,0.990366
3427,1.0005
3428,0.999363
3429,1.0024
3430,1.00126
3431,1.00373
3432,1.00373
3433,0.996879
3434,1.00429
3435,1.00142
3436,0.999221
3437,0.996758
3438,0.997836
3439,0.997836
3440,0.993773
3441,0.993773
3442,0.998767
3443,0.985872
3444,0.988783
3445,1.00512
3446,1.00512
3447,0.997783
3448,1.00142
3449,1.00081
3450,1.00081
3451,0.99709
3452,1.00651
3453,1.00714
3454,1.00714
3455,1.00239
3456,0.999279
3457,1.00312
3458,1.00312
3459,0.996256
3460,0.996256
3461,0.99579
3462,1.00971
3463,0.996609
3464,0.998549
3465,0.998549
3466,0.988619
3467,0.993942
3468,0.993942
3469,0.999826
3470,1.00419
3471,1.00764
3472,1.00064
3473,1.00064
3474,1.00027
3475,1.00645
3476,1.00553
3477,1.0033
3478,1.00069
3479,1.00069
3480,1.00069
3481,1.00369
3482,0.998996
3483,0.993934
3484,0.993934
3485,0.998706
3486,0.998706
3487,0.994814
3488,1.00086
3489,1.00142
3490,0.995731
3491,1.00044
3492,1.00295
3493,1.006
3494,0.994218
3495,0.993199
3496,1.00196
3497,1.00406
3498,1.00365
3499,0.990642
3500,0.990642
