MDTU,min_width,max_width
1,0.048377,0.0447547
2,0.0420025,0.044869
3,0.0389207,0.0328452
4,0.0369854,0.0361173
5,0.0411338,0.0391196
6,0.0501364,0.0385518
7,0.0454565,0.0467614
8,0.0331604,0.029748
9,0.0520257,0.0463037
10,0.0481996,0.0485471
11,0.0495255,0.0459465
12,0.0373562,0.0296697
13,0.0436683,0.037733
14,0.0436683,0.037733
15,0.047821,0.0461541
16,0.0438918,0.0336613
17,0.0452135,0.0426115
18,0.0560961,0.0398438
19,0.0434825,0.0403208
20,0.0323534,0.0275581
21,0.0420785,0.0371898
22,0.0392042,0.0351148
23,0.0476152,0.0395862
24,0.0398956,0.0339684
25,0.042108,0.037764
26,0.042108,0.037764
27,0.0436519,0.0396422
28,0.0413137,0.0386168
29,0.0443772,0.0386768
30,0.0409412,0.0390146
31,0.0444743,0.0368596
32,0.0446439,0.0438094
33,0.04121,0.0338508
34,0.0394606,0.0389744
35,0.0431153,0.0387698
36,0.0431291,0.0338449
37,0.0450009,0.0428577
38,0.0450009,0.0428577
39,0.035731,0.0297345
40,0.0493109,0.0357981
41,0.0307797,0.0304467
42,0.0427724,0.0345641
43,0.032428,0.0348271
44,0.031653,0.0303435
45,0.031361,0.0320884
46,0.031361,0.0320884
47,0.0249434,0.0310291
48,0.0249434,0.0310291
49,0.032016,0.0297012
50,0.0284104,0.0293578
51,0.0360352,0.0360147
52,0.0428851,0.0377966
53,0.0311236,0.0270105
54,0.0316879,0.0214778
55,0.0368091,0.0350717
56,0.0339877,0.0334955
57,0.0429419,0.0362753
58,0.0430522,0.0391091
59,0.045621,0.0374305
60,0.0299141,0.030257
61,0.0473216,0.0436265
62,0.040557,0.0372888
63,0.045129,0.0441422
64,0.0535559,0.0532654
65,0.0439992,0.0405884
66,0.0437733,0.0457272
67,0.0518185,0.0470208
68,0.0526255,0.0448805
69,0.0534638,0.0516028
70,0.0493818,0.041996
71,0.0483723,0.0387887
72,0.0440214,0.038445
73,0.0562058,0.0438742
74,0.0440508,0.0482366
75,0.0596511,0.055372
76,0.0381914,0.0351248
77,0.0448628,0.0470899
78,0.0438863,0.0458916
79,0.0426888,0.046854
80,0.0426888,0.046854
81,0.0397455,0.0374145
82,0.0397455,0.0374145
83,0.0464694,0.0434752
84,0.0467671,0.0389376
85,0.050767,0.0482847
86,0.049351,0.0454667
87,0.0432622,0.0375701
88,0.0423082,0.0388823
89,0.0489428,0.0444133
90,0.0394181,0.0388036
91,0.038068,0.0339661
92,0.0440912,0.0445793
93,0.0407109,0.0446343
94,0.0520847,0.0499806
95,0.0548684,0.044182
96,0.0465624,0.0475484
97,0.0460069,0.0456606
98,0.0480031,0.0447079
99,0.0480031,0.0447079
100,0.0540128,0.0502298
101,0.04243,0.0382475
102,0.0408717,0.035556
103,0.0413113,0.0374063
104,0.0496888,0.0412514
105,0.0403743,0.0335667
106,0.043284,0.0414395
107,0.0409016,0.0453966
108,0.0434991,0.0397545
109,0.0500242,0.0419691
110,0.0509992,0.0461332
111,0.0498315,0.0472354
112,0.0507996,0.0544395
113,0.0550636,0.0484962
114,0.0575003,0.0439634
115,0.0549252,0.0433825
116,0.0522489,0.0470094
117,0.0451279,0.0387933
118,0.047484,0.0460811
119,0.0417634,0.0389217
120,0.050227,0.0436863
121,0.0415051,0.035519
122,0.0401571,0.03906
123,0.0395484,0.0316925
124,0.0460263,0.0372382
125,0.0424449,0.038808
126,0.0550563,0.0476108
127,0.0418872,0.0381606
128,0.0456046,0.0459759
129,0.0441415,0.0396343
130,0.0493662,0.0483394
131,0.0325533,0.0312316
132,0.0530118,0.0456371
133,0.0476855,0.045766
134,0.0286164,0.0296475
135,0.0459467,0.0395346
136,0.0459467,0.0395346
137,0.0405104,0.0418861
138,0.036893,0.0373097
139,0.0478774,0.0479053
140,0.046415,0.0356096
141,0.043844,0.0311709
142,0.0397645,0.0342134
143,0.0392544,0.0366652
144,0.0376512,0.0437437
145,0.043228,0.0349409
146,0.0399813,0.0389132
147,0.0500171,0.0365108
148,0.0404013,0.0250517
149,0.0435491,0.0378944
150,0.049338,0.0403693
151,0.0449263,0.0364157
152,0.0522092,0.0507577
153,0.0473426,0.0414886
154,0.0517616,0.0458641
155,0.0400212,0.0375099
156,0.0396087,0.0430993
157,0.0368655,0.0318316
158,0.037536,0.033007
159,0.0374142,0.0328518
160,0.0327958,0.0445622
161,0.0532,0.0434913
162,0.041016,0.0378623
163,0.0502305,0.0518727
164,0.037048,0.0346738
165,0.0531185,0.0440933
166,0.0431969,0.0367795
167,0.0466252,0.044592
168,0.0451016,0.0401407
169,0.0428901,0.0423749
170,0.043493,0.0389314
171,0.0464662,0.0395867
172,0.0502804,0.0431623
173,0.0440901,0.0413688
174,0.0377815,0.0347393
175,0.0542796,0.0504586
176,0.04643,0.0417783
177,0.0501013,0.0417694
178,0.0475754,0.0493284
179,0.0528618,0.0465665
180,0.0445255,0.0367313
181,0.0525585,0.0504891
182,0.0476428,0.0420326
183,0.0546336,0.0489189
184,0.0546336,0.0489189
185,0.0572302,0.0450992
186,0.0412907,0.0369432
187,0.0448888,0.0457263
188,0.0459408,0.0421839
189,0.0380114,0.0371325
190,0.0448724,0.0387875
191,0.0418914,0.0423823
192,0.0345263,0.0272601
193,0.0411842,0.0347575
194,0.0430947,0.0436401
195,0.0498152,0.0434519
196,0.0535605,0.048197
197,0.0444743,0.042946
198,0.0470915,0.0447921
199,0.0597562,0.0516504
200,0.0417694,0.041
201,0.0457932,0.034189
202,0.0439188,0.0380074
203,0.0441298,0.0387564
204,0.0527487,0.0518236
205,0.0496487,0.0475034
206,0.0482104,0.0436302
207,0.0511928,0.0445169
208,0.0395757,0.035261
209,0.0425087,0.045172
210,0.0419191,0.0444546
211,0.0444961,0.0445166
212,0.0481556,0.0447569
213,0.0480406,0.0511896
214,0.0480406,0.0511896
215,0.0480406,0.0511896
216,0.0507915,0.0454707
217,0.0503932,0.0448761
218,0.0467525,0.0319503
219,0.0436102,0.0479523
220,0.0436102,0.0479523
221,0.0544426,0.0501916
222,0.038569,0.0354674
223,0.040847,0.0434072
224,0.0496342,0.0437636
225,0.0392159,0.03913
226,0.0384206,0.0286618
227,0.051914,0.0382392
228,0.0399765,0.0378277
229,0.0458394,0.0392607
230,0.0422826,0.0393267
231,0.0537426,0.0543847
232,0.0484261,0.04091
233,0.0559497,0.0449991
234,0.0467739,0.0432112
235,0.055046,0.0475002
236,0.0409705,0.0380786
237,0.0492905,0.0425257
238,0.0368935,0.0330636
239,0.0453403,0.0413085
240,0.0380021,0.0373441
241,0.0390576,0.0381292
242,0.0446492,0.041313
243,0.0466735,0.0399152
244,0.0499264,0.0397471
245,0.0384701,0.038674
246,0.0474468,0.0429486
247,0.0474468,0.0429486
248,0.048344,0.0429152
249,0.0496252,0.0418367
250,0.0419126,0.0409747
251,0.0456413,0.0410327
252,0.0502969,0.0441399
253,0.0420048,0.0366987
254,0.0462597,0.0360855
255,0.0509455,0.047217
256,0.0422205,0.045226
257,0.0432667,0.0405053
258,0.0430767,0.0403889
259,0.0441287,0.0378293
260,0.0337964,0.0277318
261,0.0391473,0.0308074
262,0.0391473,0.0308074
263,0.0376682,0.0336035
264,0.04213,0.028925
265,0.04213,0.028925
266,0.0524729,0.0525792
267,0.040849,0.0465206
268,0.0442624,0.0400644
269,0.050324,0.0464488
270,0.0466869,0.0424422
271,0.0440567,0.0498164
272,0.0349599,0.0345937
273,0.0373337,0.035507
274,0.0411166,0.0374391
275,0.0491667,0.0478332
276,0.0491667,0.0478332
277,0.0402273,0.0330261
278,0.0491502,0.0426642
279,0.0408974,0.0386546
280,0.041453,0.0378674
281,0.0389717,0.0317948
282,0.0408545,0.0327793
283,0.0383635,0.0384976
284,0.045436,0.0376986
285,0.0390511,0.031669
286,0.0493666,0.0393746
287,0.034201,0.0236498
288,0.0452791,0.0410816
289,0.0382396,0.0353679
290,0.0410586,0.0363296
291,0.039904,0.0367599
292,0.0403847,0.0366506
293,0.0393151,0.0341705
294,0.0363029,0.0406507
295,0.0348415,0.0359625
296,0.0408726,0.0429228
297,0.0433489,0.0430821
298,0.0396388,0.0336859
299,0.0356113,0.0367494
300,0.0363131,0.0315724
301,0.0407272,0.0373953
302,0.0569754,0.0512037
303,0.0281664,0.0303869
304,0.0499733,0.0470911
305,0.0460066,0.0349361
306,0.0466193,0.0420912
307,0.0543616,0.046796
308,0.0511489,0.0473502
309,0.0457643,0.0395426
310,0.0577685,0.0517127
311,0.0458571,0.0453986
312,0.0458571,0.0453986
313,0.0418422,0.0421826
314,0.0440146,0.0424001
315,0.0390096,0.0390341
316,0.037107,0.0336519
317,0.041672,0.034777
318,0.0409206,0.0367413
319,0.0409206,0.0367413
320,0.0461556,0.0383962
321,0.0429712,0.0383226
322,0.045874,0.0439847
323,0.0506192,0.0444603
324,0.0446586,0.0389612
325,0.0383302,0.0445178
326,0.0446831,0.0340535
327,0.0555493,0.0436276
328,0.0555493,0.0436276
329,0.0505769,0.0453828
330,0.0505769,0.0453828
331,0.0591169,0.0518733
332,0.0324281,0.0378821
333,0.0489257,0.0480207
334,0.0330028,0.0363115
335,0.0478655,0.0497332
336,0.0517168,0.0476983
337,0.0469572,0.0415496
338,0.0411286,0.0437831
339,0.0404651,0.0342166
340,0.038562,0.0371601
341,0.0486514,0.0420868
342,0.0393293,0.0369726
343,0.0369104,0.0346567
344,0.0449843,0.0353299
345,0.0414904,0.0376883
346,0.0403173,0.0376412
347,0.0403173,0.0376412
348,0.0453777,0.0415833
349,0.0416461,0.038199
350,0.0351369,0.0358661
351,0.0424588,0.0383232
352,0.0307669,0.0300827
353,0.0471592,0.0451734
354,0.0457812,0.0362394
355,0.0405543,0.0328347
356,0.0506733,0.0432936
357,0.0495717,0.0458868
358,0.0432753,0.0396373
359,0.0491986,0.0478649
360,0.0453066,0.0430102
361,0.0587712,0.0468596
362,0.0490348,0.0483079
363,0.0506241,0.0469224
364,0.0436964,0.0416208
365,0.0443727,0.0409242
366,0.0477353,0.0389686
367,0.0434045,0.0419018
368,0.0484073,0.0462096
369,0.0378852,0.0304535
370,0.0461194,0.0343146
371,0.0427025,0.0314475
372,0.0441765,0.0370408
373,0.0415066,0.037452
374,0.041849,0.0355696
375,0.0576468,0.0497963
376,0.0336314,0.0327613
377,0.0407431,0.042208
378,0.0354952,0.0391279
379,0.0415265,0.0353139
380,0.0470255,0.0481707
381,0.0375265,0.0374465
382,0.0418762,0.0410699
383,0.0478355,0.0441733
384,0.0409273,0.0382751
385,0.0487061,0.0422489
386,0.0453136,0.0408394
387,0.0445463,0.0330725
388,0.0452398,0.0438939
389,0.0369928,0.0380299
390,0.0439836,0.0411183
391,0.0464552,0.0404831
392,0.0494857,0.0393604
393,0.0487148,0.0414323
394,0.0585727,0.0452869
395,0.0403105,0.0329846
396,0.0558743,0.0492235
397,0.04076,0.03895
398,0.0480032,0.0414308
399,0.0569259,0.0476257
400,0.0507813,0.0475121
401,0.060656,0.0561356
402,0.0524225,0.0526803
403,0.0451887,0.0347729
404,0.0477904,0.0408749
405,0.0439419,0.0412548
406,0.0432239,0.0367764
407,0.0288531,0.0307532
408,0.0352436,0.0292481
409,0.0465743,0.0356123
410,0.0465743,0.0356123
411,0.0368624,0.033553
412,0.0364802,0.0346296
413,0.0449895,0.0443747
414,0.0432647,0.0362935
415,0.0432647,0.0362935
416,0.0432647,0.0362935
417,0.0446788,0.0465579
418,0.0480232,0.0450728
419,0.0406172,0.0390772
420,0.0406172,0.0390772
421,0.0407458,0.0310233
422,0.0454057,0.0411503
423,0.043158,0.0380343
424,0.03614,0.0380751
425,0.0495027,0.0417342
426,0.0419275,0.0304244
427,0.0419275,0.0304244
428,0.0501745,0.037984
429,0.0485546,0.0419848
430,0.0395841,0.0397339
431,0.0461614,0.0432428
432,0.0424621,0.039486
433,0.0424621,0.039486
434,0.0437607,0.0422355
435,0.0431506,0.0470251
436,0.0465682,0.0404798
437,0.0465747,0.0431635
438,0.0544972,0.0531348
439,0.0432275,0.0361852
440,0.0351944,0.0360586
441,0.035601,0.0364306
442,0.0379206,0.0315958
443,0.0413445,0.0373741
444,0.0425739,0.0391749
445,0.0356787,0.0327585
446,0.0388626,0.042942
447,0.0439878,0.0342495
448,0.0466132,0.0446699
449,0.0455586,0.0386462
450,0.0407868,0.0362288
451,0.0345709,0.0269154
452,0.0519745,0.0467933
453,0.0523068,0.040483
454,0.0452895,0.0385689
455,0.0492273,0.0403348
456,0.0465181,0.0404354
457,0.0366928,0.0399437
458,0.058007,0.0551843
459,0.047353,0.0372319
460,0.0487437,0.0432951
461,0.0425993,0.0433802
462,0.0431816,0.039358
463,0.0521882,0.0393222
464,0.0424665,0.037972
465,0.0424665,0.037972
466,0.0494214,0.0463892
467,0.0494214,0.0463892
468,0.0416143,0.0320321
469,0.0416143,0.0320321
470,0.0416143,0.0320321
471,0.0366905,0.0325559
472,0.0380878,0.0315755
473,0.0302834,0.0299343
474,0.0290975,0.0191387
475,0.0396111,0.0345474
476,0.0563584,0.0391005
477,0.0525342,0.0409108
478,0.0525342,0.0409108
479,0.0370626,0.0326077
480,0.0393828,0.0416207
481,0.0399231,0.0320629
482,0.04188,0.0322021
483,0.049053,0.0452484
484,0.0482431,0.0355305
485,0.0546749,0.044003
486,0.0527143,0.0472862
487,0.0414108,0.0462949
488,0.0460229,0.0357522
489,0.0458546,0.0468716
490,0.0467398,0.0410461
491,0.0406356,0.0378872
492,0.038696,0.0373174
493,0.0463373,0.0459012
494,0.040835,0.0439048
495,0.0519666,0.0541184
496,0.0463883,0.0470981
497,0.0439507,0.0451906
498,0.045659,0.0422601
499,0.0411556,0.0351646
500,0.0384768,0.0407936
501,0.0489737,0.0481215
502,0.0333061,0.0292211
503,0.0523456,0.0411976
504,0.0452015,0.0379964
505,0.0476296,0.043978
506,0.0399425,0.0418636
507,0.0500029,0.03863
508,0.0500029,0.03863
509,0.0500029,0.03863
510,0.0453024,0.0396477
511,0.0456604,0.0415916
512,0.0525222,0.0450518
513,0.0525222,0.0450518
514,0.0525222,0.0450518
515,0.0506859,0.0434962
516,0.0442332,0.038793
517,0.0479494,0.0409988
518,0.037325,0.0271362
519,0.0454642,0.0475404
520,0.0362574,0.0392094
521,0.0362574,0.0392094
522,0.0516483,0.0445376
523,0.0391278,0.0302615
524,0.0440927,0.0408044
525,0.0429608,0.0354895
526,0.0315667,0.0351937
527,0.0429607,0.0404195
528,0.0481433,0.0420579
529,0.0409348,0.0368803
530,0.0440422,0.0334502
531,0.0393363,0.0340399
532,0.0549836,0.0522306
533,0.0327113,0.0317306
534,0.031364,0.0374815
535,0.0367989,0.0416511
536,0.0425755,0.0398219
537,0.0441941,0.0335074
538,0.0377449,0.04123
539,0.0286601,0.0306863
540,0.0488709,0.0518722
541,0.0358328,0.0333666
542,0.0427843,0.0410473
543,0.0487533,0.0375106
544,0.0478303,0.0400647
545,0.0400519,0.0368537
546,0.0495296,0.0466566
547,0.046669,0.0447936
548,0.0519338,0.0463077
549,0.0475228,0.042275
550,0.0436109,0.0446556
551,0.0377359,0.0359642
552,0.0498936,0.0425651
553,0.0364412,0.0336939
554,0.051171,0.0496047
555,0.0532989,0.0492818
556,0.0463542,0.0406886
557,0.0563866,0.0537156
558,0.0435438,0.0387079
559,0.0402344,0.0383464
560,0.0466892,0.0408707
561,0.0444525,0.0446979
562,0.0513129,0.0463419
563,0.041239,0.039093
564,0.0431575,0.0447984
565,0.0403546,0.0322566
566,0.0454258,0.0395139
567,0.0431898,0.0353884
568,0.055917,0.0439996
569,0.0468384,0.0317986
570,0.0615653,0.0589971
571,0.0615653,0.0589971
572,0.041206,0.032218
573,0.0492638,0.0513223
574,0.0351151,0.033446
575,0.0512884,0.0387095
576,0.0489711,0.0370862
577,0.0367881,0.0414837
578,0.0276349,0.0306924
579,0.0437448,0.0387134
580,0.0418593,0.0316537
581,0.0361823,0.0332827
582,0.0439702,0.0345454
583,0.0432894,0.0377724
584,0.0425582,0.038525
585,0.0373764,0.0403997
586,0.0448258,0.0384873
587,0.0499992,0.0432543
588,0.0499992,0.0432543
589,0.0494717,0.0459278
590,0.0443745,0.0371776
591,0.042717,0.0378704
592,0.0480555,0.0517488
593,0.0445037,0.0444947
594,0.0423791,0.0400631
595,0.0472848,0.034079
596,0.0472848,0.034079
597,0.0478912,0.0421262
598,0.0543216,0.0579688
599,0.0476847,0.0457376
600,0.0416994,0.0426225
601,0.0522153,0.0427077
602,0.0503303,0.047438
603,0.0381056,0.0427717
604,0.0403509,0.0387542
605,0.0421093,0.0382806
606,0.0440268,0.0381812
607,0.0421409,0.0336554
608,0.0323054,0.0305056
609,0.0438622,0.0390726
610,0.0453848,0.0351885
611,0.0465966,0.0434674
612,0.0467703,0.0378278
613,0.0524066,0.0449228
614,0.0499788,0.0353962
615,0.0469804,0.0426111
616,0.0430519,0.0447063
617,0.0452047,0.0421355
618,0.048847,0.0443082
619,0.0311603,0.029239
620,0.0363627,0.0349946
621,0.0404365,0.0402934
622,0.0404365,0.0402934
623,0.0333171,0.0316865
624,0.0421152,0.0378772
625,0.0455348,0.0378588
626,0.039665,0.0335238
627,0.0393415,0.0301524
628,0.0439991,0.0369931
629,0.0392446,0.0325514
630,0.0482439,0.0409945
631,0.0455678,0.0409598
632,0.0427201,0.0424943
633,0.0483578,0.0384476
634,0.0508042,0.0466088
635,0.053056,0.0413018
636,0.0556212,0.0370957
637,0.044098,0.0419293
638,0.044098,0.0419293
639,0.0398333,0.032857
640,0.0451175,0.0406826
641,0.0435479,0.0441147
642,0.0435479,0.0441147
643,0.0390151,0.0412352
644,0.034297,0.033872
645,0.0424926,0.0351092
646,0.0371783,0.0356152
647,0.0406174,0.0377177
648,0.0309698,0.031582
649,0.0395509,0.0310545
650,0.0307164,0.0313825
651,0.0403261,0.0371566
652,0.0381525,0.0338239
653,0.0354294,0.0341683
654,0.0419825,0.0392081
655,0.0398853,0.0369964
656,0.0348515,0.0329422
657,0.0441945,0.0449723
658,0.046915,0.0414243
659,0.0527809,0.0427111
660,0.0466414,0.0428581
661,0.0407833,0.0340021
662,0.051292,0.0381392
663,0.0431241,0.0400135
664,0.042004,0.0371574
665,0.0413514,0.0335941
666,0.026023,0.0324284
667,0.0399449,0.0369805
668,0.037925,0.0309622
669,0.0357264,0.0330376
670,0.0492336,0.0492167
671,0.0442604,0.038828
672,0.0413504,0.0452428
673,0.042992,0.0443824
674,0.0384082,0.0345684
675,0.0432816,0.0414549
676,0.0379518,0.0329409
677,0.0404442,0.0338723
678,0.0454061,0.0428873
679,0.0414229,0.0383908
680,0.0449336,0.0460054
681,0.036892,0.039145
682,0.0427727,0.0389204
683,0.052965,0.0466247
684,0.058336,0.0560013
685,0.0528656,0.0438868
686,0.0538113,0.0456712
687,0.0448641,0.0373168
688,0.0455883,0.0452436
689,0.0387765,0.0325263
690,0.0502517,0.0468019
691,0.0513516,0.0445197
692,0.0506046,0.0400117
693,0.0364669,0.0384218
694,0.0544068,0.04905
695,0.0379107,0.0323953
696,0.0438302,0.0419618
697,0.0476124,0.0422867
698,0.0493721,0.0425362
699,0.0353711,0.0339722
700,0.0535554,0.0456704
701,0.0535554,0.0456704
702,0.0439648,0.0363192
703,0.0468866,0.0414977
704,0.042626,0.039545
705,0.0466614,0.0402291
706,0.0449671,0.0356707
707,0.0411023,0.0365581
708,0.0500818,0.0429043
709,0.0473584,0.04322
710,0.0439038,0.0462218
711,0.0473035,0.0424351
712,0.0355094,0.0340223
713,0.0378111,0.0318886
714,0.0378111,0.0318886
715,0.0378111,0.0318886
716,0.0448021,0.0477125
717,0.0392934,0.0354319
718,0.0420409,0.0422881
719,0.0311668,0.0246886
720,0.0350805,0.029932
721,0.0454414,0.0384609
722,0.0381942,0.0321539
723,0.0381942,0.0321539
724,0.030946,0.0310003
725,0.0400932,0.0322206
726,0.0400932,0.0322206
727,0.0308621,0.0267076
728,0.0393672,0.0392163
729,0.0453641,0.0391855
730,0.0453641,0.0391855
731,0.0453641,0.0391855
732,0.0453641,0.0391855
733,0.0383674,0.0391137
734,0.0389162,0.0431709
735,0.0467575,0.0447414
736,0.0437412,0.0393103
737,0.0448431,0.0414345
738,0.0444738,0.0368971
739,0.0441959,0.0430121
740,0.0472884,0.0429777
741,0.051803,0.044503
742,0.0537337,0.046917
743,0.0426517,0.0377533
744,0.050352,0.0455104
745,0.042512,0.0371194
746,0.045322,0.0385248
747,0.0432902,0.0359831
748,0.0342461,0.036041
749,0.0363534,0.0319656
750,0.0424581,0.0301797
751,0.0384084,0.0378196
752,0.0466051,0.0369959
753,0.0406482,0.0431082
754,0.0352781,0.0334613
755,0.046779,0.0383871
756,0.0413232,0.0351954
757,0.0413232,0.0351954
758,0.0456656,0.0383109
759,0.053612,0.0480443
760,0.037964,0.0355199
761,0.0399332,0.0365804
762,0.0365857,0.0382689
763,0.0455948,0.0357729
764,0.0475362,0.0404529
765,0.041698,0.0441276
766,0.0377392,0.0327334
767,0.0424533,0.0361357
768,0.035006,0.0340468
769,0.0441686,0.0370523
770,0.0540808,0.0461709
771,0.0583219,0.0456635
772,0.0449391,0.0503538
773,0.0471111,0.0478231
774,0.0497287,0.0484602
775,0.0497287,0.0484602
776,0.0411873,0.0362515
777,0.0373039,0.0328306
778,0.0420101,0.0404365
779,0.0392921,0.0377901
780,0.0354782,0.0323995
781,0.0370827,0.0378177
782,0.0457494,0.0373403
783,0.0442616,0.0391145
784,0.0368731,0.0351637
785,0.0370154,0.0257589
786,0.0370154,0.0257589
787,0.0415078,0.0332292
788,0.0431735,0.037164
789,0.0365941,0.0430578
790,0.0477995,0.0437207
791,0.0427573,0.0446906
792,0.0450337,0.0472479
793,0.041973,0.0448029
794,0.0394947,0.0427553
795,0.0432305,0.0397127
796,0.0348563,0.0394142
797,0.0547859,0.0506657
798,0.036893,0.0383683
799,0.0519729,0.046785
800,0.045237,0.0425574
801,0.0507505,0.0424223
802,0.0486502,0.0379767
803,0.04568,0.0410637
804,0.04568,0.0410637
805,0.0416411,0.0373036
806,0.0522537,0.038028
807,0.0503057,0.0440001
808,0.041337,0.04069
809,0.0422662,0.040113
810,0.0451745,0.0427615
811,0.0486868,0.047569
812,0.0449519,0.0349361
813,0.0470408,0.0484259
814,0.0415418,0.034703
815,0.0415418,0.034703
816,0.0405969,0.0333024
817,0.0510482,0.0488315
818,0.034237,0.0337149
819,0.0473921,0.0487612
820,0.0432266,0.0438242
821,0.0439898,0.0420757
822,0.0413444,0.037525
823,0.0564531,0.0466451
824,0.0394268,0.0411787
825,0.0558151,0.0513582
826,0.0558151,0.0513582
827,0.0460918,0.0434217
828,0.0463553,0.0433759
829,0.0489105,0.0430021
830,0.0355784,0.0330039
831,0.0457453,0.0441391
832,0.0454576,0.0461265
833,0.0414356,0.0376683
834,0.0547245,0.0473647
835,0.0412062,0.0339761
836,0.0342301,0.0408488
837,0.0393759,0.0362736
838,0.0385484,0.0343874
839,0.037594,0.0390291
840,0.0564991,0.0448452
841,0.0289924,0.026979
842,0.0379229,0.0384824
843,0.0369565,0.0361196
844,0.0369565,0.0361196
845,0.0294223,0.0299822
846,0.0454124,0.0394351
847,0.0362957,0.0359354
848,0.0454339,0.0412838
849,0.0377243,0.0338002
850,0.050051,0.0506723
851,0.0370681,0.036432
852,0.0475196,0.0435169
853,0.0498558,0.0469266
854,0.0518336,0.0458234
855,0.0494388,0.0447244
856,0.0438307,0.0393252
857,0.0410774,0.0426399
858,0.0368651,0.0342968
859,0.0486571,0.0438103
860,0.0449568,0.0395271
861,0.0346327,0.033596
862,0.0422393,0.0382001
863,0.0422393,0.0382001
864,0.040107,0.0371245
865,0.039099,0.0370164
866,0.0411105,0.0427287
867,0.0422213,0.0388472
868,0.0501246,0.0481213
869,0.0372524,0.0347085
870,0.0419678,0.0324009
871,0.0528135,0.0427353
872,0.0507616,0.0411199
873,0.0464647,0.0435988
874,0.0444902,0.0496092
875,0.0475005,0.0374262
876,0.0481138,0.04457
877,0.0432038,0.0429054
878,0.0442117,0.0380902
879,0.0390038,0.0367996
880,0.0479396,0.045566
881,0.0410654,0.0323225
882,0.0479055,0.0459654
883,0.0500898,0.0401007
884,0.0482254,0.039163
885,0.0441093,0.0411074
886,0.0352046,0.0414064
887,0.0425213,0.043353
888,0.0485354,0.0427978
889,0.0431693,0.0404231
890,0.0460182,0.0353724
891,0.0343367,0.030245
892,0.0419378,0.0415396
893,0.0437267,0.0368305
894,0.0469788,0.0466263
895,0.04612,0.040206
896,0.0484579,0.0428929
897,0.0477167,0.0445835
898,0.0491767,0.0427577
899,0.0463109,0.0456046
900,0.039115,0.040905
901,0.042559,0.0317731
902,0.0341658,0.0325199
903,0.0321589,0.0291407
904,0.0370432,0.0323008
905,0.0367175,0.0342079
906,0.0422007,0.0427062
907,0.0500835,0.0495278
908,0.0443999,0.0407667
909,0.0570611,0.0517871
910,0.0435129,0.0428811
911,0.0372299,0.0330592
912,0.0417505,0.0370961
913,0.0294059,0.0284513
914,0.0379772,0.030702
915,0.027175,0.0296181
916,0.027175,0.0296181
917,0.0420216,0.0402331
918,0.0364644,0.0386174
919,0.0354062,0.0408681
920,0.030029,0.035835
921,0.0515692,0.0436841
922,0.0524584,0.0408868
923,0.0409151,0.0392932
924,0.0489861,0.0489786
925,0.039727,0.0381393
926,0.039727,0.0381393
927,0.0506143,0.0491276
928,0.0434205,0.0440869
929,0.0391594,0.0384468
930,0.0469617,0.0411359
931,0.0445058,0.0476569
932,0.0405889,0.0405626
933,0.0477262,0.0398659
934,0.0419342,0.0284517
935,0.0320307,0.031318
936,0.0511119,0.0409635
937,0.0388249,0.0327417
938,0.0406598,0.0421021
939,0.0482279,0.0353476
940,0.0404725,0.0424416
941,0.0392269,0.036629
942,0.0410846,0.0440938
943,0.0395959,0.0421553
944,0.0411895,0.0367166
945,0.0405242,0.0477335
946,0.0486083,0.0461104
947,0.048264,0.0426003
948,0.0556639,0.0491894
949,0.0551481,0.0525685
950,0.0470814,0.0398703
951,0.0487008,0.0448516
952,0.0403394,0.0384099
953,0.0403394,0.0384099
954,0.0392465,0.040445
955,0.0369031,0.0373479
956,0.0400999,0.037076
957,0.0416989,0.0380675
958,0.0487268,0.0437693
959,0.0463862,0.0382093
960,0.0369273,0.0293409
961,0.0390467,0.0326675
962,0.0372792,0.031248
963,0.0372792,0.031248
964,0.0431178,0.0374797
965,0.0469786,0.0370794
966,0.0525991,0.048163
967,0.0577653,0.0419889
968,0.0559603,0.0439763
969,0.0316825,0.0342895
970,0.0483499,0.0486476
971,0.0522766,0.0502369
972,0.0338629,0.0314866
973,0.046358,0.0467447
974,0.046358,0.0467447
975,0.0388362,0.0344157
976,0.0388362,0.0344157
977,0.0390456,0.0355865
978,0.0378241,0.0320512
979,0.0433427,0.0401591
980,0.0433919,0.043259
981,0.0489961,0.0362617
982,0.0445425,0.0394747
983,0.0489542,0.043836
984,0.0483494,0.0393312
985,0.0449932,0.0384842
986,0.0415317,0.0395965
987,0.0347858,0.0374578
988,0.0422292,0.0477799
989,0.0422292,0.0477799
990,0.0350784,0.0353156
991,0.0454675,0.0448692
992,0.027184,0.0269901
993,0.0436421,0.0403217
994,0.0346323,0.0286341
995,0.0325916,0.0288559
996,0.0369571,0.0374612
997,0.03631,0.0328316
998,0.031288,0.0253018
999,0.0496658,0.0438109
1000,0.0452318,0.0366557
1001,0.03962,0.0304326
1002,0.0500211,0.0385898
1003,0.0508412,0.0448634
1004,0.046063,0.0400705
1005,0.039682,0.0351485
1006,0.0401414,0.0390591
1007,0.0507001,0.0451797
1008,0.0406916,0.0394109
1009,0.0515347,0.0430809
1010,0.0498877,0.0419288
1011,0.0522736,0.0509654
1012,0.0366617,0.0327619
1013,0.0466238,0.0490659
1014,0.0466238,0.0490659
1015,0.0371775,0.0329918
1016,0.0586954,0.0464513
1017,0.0380982,0.0341729
1018,0.04682,0.045238
1019,0.0470008,0.0399326
1020,0.0434963,0.0344654
1021,0.0528515,0.0420597
1022,0.040677,0.0396669
1023,0.0373459,0.0331698
1024,0.0512145,0.0475382
1025,0.0379928,0.0374114
1026,0.0449776,0.0435469
1027,0.0477045,0.0454246
1028,0.0346289,0.0341736
1029,0.0520493,0.0462795
1030,0.0410368,0.0386082
1031,0.049977,0.0392235
1032,0.0416167,0.0369283
1033,0.0416167,0.0369283
1034,0.0534188,0.049112
1035,0.0473392,0.0406611
1036,0.0533697,0.0434816
1037,0.0360923,0.0364681
1038,0.036892,0.035678
1039,0.053194,0.0475339
1040,0.0502764,0.0430368
1041,0.0554429,0.0443655
1042,0.0492231,0.0512301
1043,0.041207,0.0419151
1044,0.0475871,0.0464932
1045,0.0507097,0.04618
1046,0.05489,0.0455609
1047,0.0492777,0.0419058
1048,0.0548597,0.0447387
1049,0.0488925,0.0468459
1050,0.0396585,0.0364267
1051,0.0427789,0.0346269
1052,0.041078,0.0395651
1053,0.0452259,0.0377941
1054,0.0408663,0.0356836
1055,0.037042,0.0361447
1056,0.0322219,0.0279413
1057,0.0322219,0.0279413
1058,0.0383923,0.0443686
1059,0.0346338,0.0335871
1060,0.0399942,0.0319992
1061,0.0481732,0.0467172
1062,0.0421502,0.0538506
1063,0.0338391,0.0354112
1064,0.0412034,0.0317738
1065,0.0335785,0.0313392
1066,0.0335785,0.0313392
1067,0.0327196,0.0446124
1068,0.0337537,0.0308554
1069,0.0323844,0.0359297
1070,0.031389,0.0343255
1071,0.0363117,0.0304742
1072,0.0455655,0.0428555
1073,0.0383113,0.0314431
1074,0.0452953,0.0366845
1075,0.0371017,0.0376973
1076,0.0351729,0.0366185
1077,0.043746,0.0463116
1078,0.0382972,0.0391123
1079,0.0382972,0.0391123
1080,0.0500778,0.0390189
1081,0.0411242,0.0333585
1082,0.0470423,0.0382919
1083,0.0527139,0.0537553
1084,0.0396103,0.0353016
1085,0.0419338,0.038588
1086,0.0380064,0.0375923
1087,0.0380064,0.0375923
1088,0.04123,0.0367372
1089,0.0561683,0.0472345
1090,0.0428072,0.0354912
1091,0.0448484,0.0397416
1092,0.0384103,0.0363822
1093,0.039542,0.0352874
1094,0.0345695,0.0372564
1095,0.0386015,0.0404558
1096,0.0386015,0.0404558
1097,0.0386015,0.0404558
1098,0.0442571,0.0460618
1099,0.0442571,0.0460618
1100,0.0333787,0.0405871
1101,0.0374118,0.0427193
1102,0.0457271,0.0438184
1103,0.0435865,0.0439847
1104,0.040899,0.0375906
1105,0.0427237,0.0351685
1106,0.0470343,0.0373949
1107,0.0403278,0.0385392
1108,0.0451167,0.0413146
1109,0.045572,0.0334117
1110,0.0388394,0.0325905
1111,0.0464385,0.036473
1112,0.0440608,0.0358866
1113,0.043302,0.0319505
1114,0.0363774,0.0385965
1115,0.0355078,0.029804
1116,0.0500865,0.0420955
1117,0.039489,0.0380049
1118,0.0493705,0.043952
1119,0.0320271,0.0281957
1120,0.0510284,0.0405864
1121,0.0407541,0.0402588
1122,0.0407541,0.0402588
1123,0.0445078,0.0334571
1124,0.0403409,0.035353
1125,0.0422822,0.032244
1126,0.0453793,0.0507457
1127,0.0441134,0.0415193
1128,0.041494,0.0374306
1129,0.0633518,0.0556628
1130,0.0545058,0.0402592
1131,0.0473136,0.0413006
1132,0.0458605,0.0414093
1133,0.0509578,0.0424903
1134,0.0509578,0.0424903
1135,0.0506094,0.0396747
1136,0.051282,0.0524457
1137,0.0540149,0.048852
1138,0.0432431,0.0410408
1139,0.0500081,0.0512203
1140,0.0438096,0.0480788
1141,0.0456366,0.0406421
1142,0.0453783,0.045518
1143,0.0309581,0.0341242
1144,0.0342524,0.0412238
1145,0.0348723,0.0319543
1146,0.0420507,0.0389588
1147,0.0356282,0.0326661
1148,0.0445761,0.042651
1149,0.0456931,0.0386489
1150,0.0450622,0.040435
1151,0.0424954,0.0453658
1152,0.0306919,0.0361856
1153,0.0434573,0.0425663
1154,0.0332858,0.0320363
1155,0.0332858,0.0320363
1156,0.040804,0.0326922
1157,0.0478557,0.0436228
1158,0.0479817,0.0480226
1159,0.0479817,0.0480226
1160,0.0563373,0.0477122
1161,0.0405359,0.0370242
1162,0.0446315,0.0433217
1163,0.0545504,0.0419105
1164,0.044898,0.036075
1165,0.0514674,0.0498338
1166,0.0361851,0.0331109
1167,0.0473889,0.0462754
1168,0.0413682,0.034156
1169,0.0634402,0.0466304
1170,0.0377845,0.0340061
1171,0.0454518,0.0396683
1172,0.0485219,0.0469061
1173,0.0388561,0.0394841
1174,0.0447791,0.0405812
1175,0.0599521,0.0525465
1176,0.0437155,0.0433183
1177,0.0437155,0.0433183
1178,0.0521583,0.041217
1179,0.0505581,0.0412948
1180,0.048403,0.0431428
1181,0.0458219,0.0398496
1182,0.0526947,0.0433253
1183,0.0377373,0.0374724
1184,0.0426543,0.0420757
1185,0.0476175,0.0406085
1186,0.048349,0.0405468
1187,0.0507152,0.0443245
1188,0.0328688,0.0292682
1189,0.0436074,0.0386949
1190,0.0312436,0.0296323
1191,0.0363694,0.0347331
1192,0.0296559,0.0267484
1193,0.0430185,0.0389021
1194,0.0422415,0.0421802
1195,0.0437591,0.0441292
1196,0.0513171,0.0373161
1197,0.0523067,0.0383169
1198,0.0449354,0.0447178
1199,0.0497057,0.0353947
1200,0.0448214,0.0420915
1201,0.043235,0.0336708
1202,0.055344,0.044087
1203,0.0469542,0.0458837
1204,0.0495067,0.045558
1205,0.0398702,0.0347869
1206,0.0398702,0.0347869
1207,0.046116,0.0395764
1208,0.0376494,0.0471034
1209,0.0440565,0.0403627
1210,0.0408754,0.0387912
1211,0.0550468,0.0516693
1212,0.0471271,0.0389194
1213,0.0524849,0.0481231
1214,0.0486843,0.0440514
1215,0.0453418,0.0427632
1216,0.0545442,0.0446458
1217,0.0338695,0.0339009
1218,0.050087,0.0569837
1219,0.0399098,0.0326819
1220,0.0513963,0.0463264
1221,0.0375422,0.0321498
1222,0.037521,0.0348377
1223,0.0402409,0.0379818
1224,0.0363782,0.0417894
1225,0.0454683,0.0392021
1226,0.0390066,0.036607
1227,0.0478835,0.0411699
1228,0.0478835,0.0411699
1229,0.0478835,0.0411699
1230,0.0413641,0.0387513
1231,0.0312394,0.025284
1232,0.0430022,0.0370326
1233,0.0430022,0.0370326
1234,0.0406167,0.0333749
1235,0.031009,0.0283528
1236,0.0410041,0.0300224
1237,0.037538,0.0371292
1238,0.0342677,0.0307538
1239,0.0449992,0.0408404
1240,0.0360457,0.033124
1241,0.0483436,0.0463217
1242,0.0465607,0.0427009
1243,0.0483274,0.0420401
1244,0.0450794,0.0429345
1245,0.051339,0.0456972
1246,0.0354671,0.0420732
1247,0.0464952,0.0465335
1248,0.0435726,0.0343595
1249,0.0375841,0.0339922
1250,0.0375841,0.0339922
1251,0.0375841,0.0339922
1252,0.0452729,0.0333154
1253,0.0366997,0.0404913
1254,0.0366997,0.0404913
1255,0.0461403,0.0482858
1256,0.0461403,0.0482858
1257,0.0527606,0.0524015
1258,0.039658,0.0348745
1259,0.0406703,0.0419181
1260,0.0469728,0.042358
1261,0.0410749,0.0427867
1262,0.0466426,0.0509078
1263,0.038882,0.0395874
1264,0.038882,0.0395874
1265,0.0549562,0.0449501
1266,0.0549562,0.0449501
1267,0.0549562,0.0449501
1268,0.0438133,0.0428176
1269,0.0359099,0.0418759
1270,0.0396835,0.0362395
1271,0.0426622,0.0467865
1272,0.0461775,0.0406685
1273,0.0438175,0.0373499
1274,0.0446339,0.0316946
1275,0.0464775,0.0343103
1276,0.0536784,0.0373318
1277,0.0536784,0.0373318
1278,0.0432747,0.0422324
1279,0.0399019,0.0365776
1280,0.0514933,0.0487447
1281,0.0451536,0.0335507
1282,0.0482347,0.0392814
1283,0.0400798,0.0346529
1284,0.0392092,0.0298797
1285,0.0439033,0.0323557
1286,0.0463693,0.0434871
1287,0.0416116,0.0387912
1288,0.033562,0.0350293
1289,0.0394229,0.0384266
1290,0.0419544,0.036046
1291,0.0419544,0.036046
1292,0.0476186,0.0440224
1293,0.0476186,0.0440224
1294,0.0476186,0.0440224
1295,0.0536634,0.0440888
1296,0.0550845,0.0456619
1297,0.0422804,0.0369486
1298,0.0371855,0.0300739
1299,0.0449933,0.0398509
1300,0.0419951,0.0375449
1301,0.0419951,0.0375449
1302,0.0365172,0.0309383
1303,0.0304867,0.0331858
1304,0.0304867,0.0331858
1305,0.0334376,0.036066
1306,0.0387085,0.039809
1307,0.0317983,0.0330163
1308,0.0394418,0.0365624
1309,0.0390823,0.0335462
1310,0.0456548,0.0352261
1311,0.0489993,0.0432103
1312,0.0396906,0.0335572
1313,0.0532414,0.0551081
1314,0.0395333,0.0372392
1315,0.0485604,0.0376858
1316,0.0445917,0.0438748
1317,0.0476588,0.0424567
1318,0.0373812,0.0412587
1319,0.0431379,0.0430058
1320,0.038352,0.0369898
1321,0.0336172,0.0362926
1322,0.045552,0.0430311
1323,0.0458772,0.0398528
1324,0.0482421,0.0418929
1325,0.0385767,0.0303606
1326,0.0272367,0.0332721
1327,0.0442723,0.0385295
1328,0.04007,0.0371271
1329,0.0427835,0.0409783
1330,0.0516114,0.0457788
1331,0.0401436,0.0397343
1332,0.0472194,0.0470228
1333,0.048915,0.0360489
1334,0.0439105,0.0377979
1335,0.045846,0.0420318
1336,0.0432408,0.0398551
1337,0.0454514,0.0440345
1338,0.0481989,0.0474198
1339,0.0419162,0.0357996
1340,0.0389184,0.0323528
1341,0.0454899,0.0412721
1342,0.0454899,0.0412721
1343,0.0404854,0.03861
1344,0.0404854,0.03861
1345,0.0429855,0.0436181
1346,0.0370907,0.0343232
1347,0.049377,0.0440399
1348,0.0414305,0.0429239
1349,0.056396,0.0485649
1350,0.0527137,0.0383203
1351,0.0452179,0.0327124
1352,0.0602227,0.0548911
1353,0.0516714,0.0454859
1354,0.0550567,0.0481131
1355,0.0519547,0.0478316
1356,0.0414273,0.0393437
1357,0.0415205,0.0312473
1358,0.0480694,0.0433429
1359,0.0471319,0.0452194
1360,0.0497179,0.0427814
1361,0.0411858,0.0418751
1362,0.0475334,0.0485555
1363,0.0409093,0.0448876
1364,0.0343352,0.0373599
1365,0.0343352,0.0373599
1366,0.039305,0.0348499
1367,0.0389357,0.0412987
1368,0.0470002,0.0413566
1369,0.0483748,0.0434633
1370,0.0419184,0.0432315
1371,0.038452,0.0369978
1372,0.0455935,0.0408088
1373,0.048225,0.0429657
1374,0.0467534,0.0381453
1375,0.0467534,0.0381453
1376,0.0452454,0.0441265
1377,0.0452454,0.0441265
1378,0.0440191,0.0421302
1379,0.0402408,0.0384855
1380,0.0447073,0.0417254
1381,0.0379128,0.0356112
1382,0.0432561,0.0375089
1383,0.0488794,0.0398023
1384,0.0412791,0.0326406
1385,0.0429471,0.03706
1386,0.0427258,0.0397095
1387,0.0435825,0.037692
1388,0.0443139,0.038973
1389,0.0535209,0.0432817
1390,0.0540951,0.0479744
1391,0.0346041,0.0371914
1392,0.0453063,0.0485718
1393,0.0362895,0.0370889
1394,0.0560873,0.0531895
1395,0.0400293,0.0379395
1396,0.0517382,0.0482157
1397,0.0517382,0.0482157
1398,0.0415041,0.0429376
1399,0.0505058,0.0404598
1400,0.0469671,0.0411961
1401,0.0555364,0.0431886
1402,0.04869,0.0433148
1403,0.0482465,0.0423564
1404,0.0407917,0.0340345
1405,0.0407917,0.0340345
1406,0.0407917,0.0340345
1407,0.0430942,0.0395987
1408,0.0507731,0.0352155
1409,0.0361403,0.0311041
1410,0.0414768,0.0374761
1411,0.0390415,0.0406626
1412,0.0458364,0.0436601
1413,0.0497369,0.0446727
1414,0.0485719,0.0425974
1415,0.0570941,0.0469158
1416,0.0453477,0.045269
1417,0.0457351,0.0410328
1418,0.0466692,0.046461
1419,0.0378085,0.0437127
1420,0.0379158,0.0357031
1421,0.0449884,0.0444403
1422,0.0427385,0.0329377
1423,0.049123,0.0410055
1424,0.0453142,0.0449814
1425,0.0423365,0.0413631
1426,0.0413879,0.0425077
1427,0.042577,0.0421212
1428,0.0393919,0.0351794
1429,0.0293171,0.0319505
1430,0.0495599,0.0404022
1431,0.0439883,0.0410496
1432,0.0439883,0.0410496
1433,0.0372758,0.0375304
1434,0.0401665,0.0362975
1435,0.0329489,0.0317089
1436,0.0352697,0.0357699
1437,0.0444071,0.0434371
1438,0.0429944,0.0353795
1439,0.0443683,0.0349478
1440,0.0417251,0.0355846
1441,0.0481057,0.0396371
1442,0.0540794,0.0484923
1443,0.0432173,0.0441715
1444,0.0537993,0.0453454
1445,0.0566304,0.0496557
1446,0.0511499,0.0438806
1447,0.053527,0.0481021
1448,0.0434192,0.0465513
1449,0.0468015,0.0414682
1450,0.0449159,0.0389752
1451,0.0514334,0.0417836
1452,0.040705,0.0407258
1453,0.0515579,0.048399
1454,0.0404747,0.0353849
1455,0.0428439,0.0462938
1456,0.0419913,0.0395282
1457,0.0444784,0.0340697
1458,0.041884,0.038704
1459,0.0504515,0.0458163
1460,0.0600744,0.0464458
1461,0.0338856,0.0287014
1462,0.0579705,0.0499162
1463,0.0352077,0.0249366
1464,0.0402556,0.0370294
1465,0.0402556,0.0370294
1466,0.0358945,0.0350068
1467,0.0392336,0.0377307
1468,0.0410162,0.0350612
1469,0.0473407,0.0372683
1470,0.0450541,0.0397824
1471,0.0447159,0.0372952
1472,0.046789,0.043602
1473,0.0498297,0.0404822
1474,0.0514564,0.0428774
1475,0.0375788,0.0396053
1476,0.0402004,0.0352068
1477,0.0402004,0.0352068
1478,0.0483688,0.0423963
1479,0.0469691,0.0436842
1480,0.0443562,0.0412561
1481,0.0560707,0.0468458
1482,0.0449891,0.0446788
1483,0.0505953,0.041473
1484,0.0417418,0.0348039
1485,0.0417418,0.0348039
1486,0.045841,0.0437245
1487,0.0520566,0.0488203
1488,0.0456309,0.041191
1489,0.0466389,0.0368407
1490,0.0358666,0.027906
1491,0.048085,0.035007
1492,0.042219,0.0419714
1493,0.0394056,0.0412494
1494,0.0426855,0.0384308
1495,0.0375427,0.0387736
1496,0.0332583,0.0332026
1497,0.0349261,0.0353961
1498,0.0436484,0.0307594
1499,0.0405883,0.0293349
1500,0.0425561,0.0363346
1501,0.0443817,0.04053
1502,0.0439305,0.0394494
1503,0.0443126,0.0393873
1504,0.038939,0.0332255
1505,0.0368075,0.0323859
1506,0.0517889,0.0435447
1507,0.0534294,0.0463973
1508,0.0510909,0.0403246
1509,0.045858,0.0417228
1510,0.0399038,0.0372752
1511,0.0357081,0.0328926
1512,0.0414768,0.0313845
1513,0.0443945,0.0367452
1514,0.0456507,0.040888
1515,0.0481344,0.0383465
1516,0.0448289,0.0435199
1517,0.0256973,0.0300731
1518,0.0492641,0.0449977
1519,0.0444092,0.0398973
1520,0.0489041,0.0376935
1521,0.0489041,0.0376935
1522,0.0458786,0.0356712
1523,0.0416538,0.0380345
1524,0.0534635,0.0407354
1525,0.0387794,0.0271939
1526,0.0571224,0.0415617
1527,0.0373902,0.0266353
1528,0.0403332,0.0365544
1529,0.0447576,0.0468902
1530,0.0434249,0.038623
1531,0.0425903,0.0379297
1532,0.0420134,0.040921
1533,0.0403309,0.043312
1534,0.0455335,0.0330711
1535,0.0457308,0.0472979
1536,0.0413548,0.0363141
1537,0.051988,0.0416055
1538,0.0367154,0.0364676
1539,0.0504695,0.0438629
1540,0.0391506,0.0371693
1541,0.0450691,0.043783
1542,0.0450691,0.043783
1543,0.0446363,0.0421649
1544,0.0460089,0.0426285
1545,0.0388428,0.0450113
1546,0.0512317,0.0398259
1547,0.0525124,0.0444302
1548,0.0370326,0.0395842
1549,0.0415982,0.0453901
1550,0.0426567,0.0474504
1551,0.0463978,0.0426603
1552,0.05252,0.0469332
1553,0.05252,0.0469332
1554,0.0473441,0.0461471
1555,0.0473441,0.0461471
1556,0.0574537,0.0469382
1557,0.0574537,0.0469382
1558,0.0574537,0.0469382
1559,0.0360992,0.0325495
1560,0.04061,0.0376235
1561,0.0390291,0.0338066
1562,0.0469067,0.0406813
1563,0.0395165,0.0396543
1564,0.0256264,0.0238139
1565,0.0350862,0.0274536
1566,0.0373315,0.0370723
1567,0.0474411,0.0376443
1568,0.0398363,0.0346016
1569,0.0454671,0.0392305
1570,0.0292565,0.0321284
1571,0.0497903,0.0349493
1572,0.044813,0.046197
1573,0.0431212,0.0430573
1574,0.0479612,0.0429165
1575,0.0447205,0.0371967
1576,0.0420272,0.0353745
1577,0.0382116,0.0372084
1578,0.0462768,0.0399245
1579,0.0504112,0.0481484
1580,0.0470368,0.0436874
1581,0.0471418,0.0420626
1582,0.0351247,0.0360386
1583,0.0384167,0.0378338
1584,0.0494961,0.0476718
1585,0.0440982,0.0389166
1586,0.0378643,0.0375444
1587,0.0434726,0.039935
1588,0.0593542,0.046634
1589,0.0365755,0.0352246
1590,0.048793,0.0441094
1591,0.0420703,0.042465
1592,0.0418146,0.037591
1593,0.0355794,0.0287257
1594,0.0355794,0.0287257
1595,0.0374454,0.0429889
1596,0.0350907,0.0359267
1597,0.0490054,0.0424646
1598,0.0389898,0.0419974
1599,0.0525022,0.0402455
1600,0.042012,0.0387098
1601,0.050606,0.0449518
1602,0.0446227,0.0346125
1603,0.0446227,0.0346125
1604,0.0508336,0.0421968
1605,0.033425,0.0359096
1606,0.0398433,0.0416077
1607,0.0491415,0.0445674
1608,0.0484285,0.0419843
1609,0.0448552,0.0424434
1610,0.0441602,0.0373708
1611,0.0496486,0.0433526
1612,0.043842,0.0440447
1613,0.0460964,0.040745
1614,0.0343529,0.0338152
1615,0.0432188,0.0298651
1616,0.0442703,0.0392452
1617,0.0403898,0.0433269
1618,0.0486417,0.0393695
1619,0.0460924,0.0385304
1620,0.0379913,0.0442067
1621,0.0409286,0.0421271
1622,0.0518413,0.0502301
1623,0.04166,0.0399776
1624,0.0414037,0.0457403
1625,0.0516206,0.0488782
1626,0.0402133,0.0350622
1627,0.0530266,0.0354298
1628,0.050304,0.0380378
1629,0.0359293,0.0285943
1630,0.0397085,0.0383733
1631,0.0515491,0.0422807
1632,0.0567413,0.0492704
1633,0.0421531,0.0397056
1634,0.055182,0.0519506
1635,0.0372373,0.0363384
1636,0.0387392,0.034316
1637,0.0477046,0.0412142
1638,0.0477046,0.0412142
1639,0.038731,0.0389922
1640,0.0436375,0.0407072
1641,0.0410614,0.041747
1642,0.0410614,0.041747
1643,0.0390502,0.040549
1644,0.0335831,0.0351303
1645,0.0437433,0.037488
1646,0.0344106,0.0302465
1647,0.0401886,0.0418757
1648,0.0416518,0.0336185
1649,0.0416518,0.0336185
1650,0.0399467,0.0383416
1651,0.0500811,0.0455111
1652,0.0543942,0.0507923
1653,0.0458804,0.0459151
1654,0.0498508,0.0461098
1655,0.0530818,0.0522358
1656,0.0346541,0.0328989
1657,0.0472029,0.0482874
1658,0.0558846,0.0520424
1659,0.0490201,0.0456692
1660,0.0539469,0.0517371
1661,0.0539469,0.0517371
1662,0.0463537,0.0462458
1663,0.0448741,0.0406515
1664,0.0508229,0.0422861
1665,0.0508229,0.0422861
1666,0.0519232,0.046338
1667,0.0466334,0.0402262
1668,0.0613172,0.0612069
1669,0.0453584,0.0492647
1670,0.0500408,0.0421619
1671,0.0484142,0.0476391
1672,0.0483523,0.0415537
1673,0.049102,0.041962
1674,0.0653804,0.0511524
1675,0.0463124,0.0379224
1676,0.0491862,0.0436626
1677,0.0440139,0.0459333
1678,0.0432726,0.0328308
1679,0.0434214,0.0506894
1680,0.0537253,0.0444511
1681,0.0535511,0.0488033
1682,0.0547259,0.0441339
1683,0.0547259,0.0441339
1684,0.0527422,0.0486432
1685,0.045986,0.0398838
1686,0.0436139,0.0402191
1687,0.0415441,0.0412107
1688,0.0428865,0.0403884
1689,0.0510673,0.0510744
1690,0.0509963,0.0490297
1691,0.0421974,0.0447463
1692,0.0522237,0.0450334
1693,0.0383447,0.0362275
1694,0.0454891,0.0339288
1695,0.0523904,0.038683
1696,0.0523904,0.038683
1697,0.0510545,0.0462786
1698,0.0466983,0.039087
1699,0.0422573,0.0495364
1700,0.0329859,0.0371109
1701,0.0484447,0.0451083
1702,0.0485235,0.0446655
1703,0.0426229,0.0432093
1704,0.036767,0.0337463
1705,0.0419942,0.0392498
1706,0.0389698,0.0380465
1707,0.0411439,0.0406523
1708,0.0445721,0.0408787
1709,0.0445721,0.0408787
1710,0.0450556,0.0402381
1711,0.039603,0.0378201
1712,0.0378234,0.0363871
1713,0.0343396,0.0321242
1714,0.0356321,0.032232
1715,0.0337612,0.032544
1716,0.0541349,0.0387645
1717,0.0375363,0.0258403
1718,0.0538812,0.0400062
1719,0.0428189,0.0366805
1720,0.052304,0.040682
1721,0.0350846,0.0282864
1722,0.0461114,0.042586
1723,0.0246594,0.0296044
1724,0.0428639,0.0333187
1725,0.0439437,0.0406394
1726,0.0439437,0.0406394
1727,0.05103,0.0509716
1728,0.0413866,0.0402817
1729,0.0561448,0.0464715
1730,0.0496791,0.0413106
1731,0.0420198,0.0409524
1732,0.0416228,0.0393399
1733,0.0489041,0.0352987
1734,0.0487869,0.0357606
1735,0.0579736,0.0463054
1736,0.0469135,0.0360753
1737,0.0413796,0.0359727
1738,0.0481491,0.0457173
1739,0.0427343,0.0396926
1740,0.0461075,0.0400097
1741,0.0449491,0.0453629
1742,0.0388062,0.0394273
1743,0.0388062,0.0394273
1744,0.0318223,0.0327866
1745,0.0408637,0.0423228
1746,0.0451532,0.0447822
1747,0.0499507,0.0467697
1748,0.0474385,0.0443303
1749,0.0479799,0.0432478
1750,0.0371041,0.0359482
1751,0.0444646,0.0410257
1752,0.0497803,0.035676
1753,0.0432088,0.0425535
1754,0.0432088,0.0425535
1755,0.0532628,0.0483826
1756,0.047754,0.035197
1757,0.0508987,0.0456235
1758,0.0501077,0.0386847
1759,0.0375439,0.0356611
1760,0.0337213,0.0348914
1761,0.0338441,0.0376988
1762,0.0395955,0.037948
1763,0.0458282,0.0402642
1764,0.0340587,0.0294479
1765,0.0340587,0.0294479
1766,0.0492394,0.0409771
1767,0.0416538,0.0373296
1768,0.0418082,0.0313388
1769,0.0391132,0.0379632
1770,0.0391132,0.0379632
1771,0.0466771,0.0358795
1772,0.0445444,0.0368973
1773,0.0516542,0.0374655
1774,0.0458604,0.0425179
1775,0.0439863,0.0406102
1776,0.0248832,0.0288479
1777,0.0472113,0.0404129
1778,0.0450207,0.0377512
1779,0.034072,0.0298147
1780,0.0410224,0.0328903
1781,0.0389965,0.0353122
1782,0.0398744,0.0385211
1783,0.0306248,0.0329519
1784,0.0561356,0.0519397
1785,0.0422745,0.0408249
1786,0.0434119,0.0447817
1787,0.0416913,0.0245733
1788,0.0314247,0.029382
1789,0.0477951,0.0397781
1790,0.0384812,0.0351026
1791,0.0416722,0.038845
1792,0.0322907,0.0297101
1793,0.0404025,0.0347983
1794,0.038668,0.0277718
1795,0.0504441,0.0392722
1796,0.0504441,0.0392722
1797,0.0340694,0.0313638
1798,0.0467388,0.0416564
1799,0.0435418,0.04202
1800,0.0435418,0.04202
1801,0.0422685,0.0379249
1802,0.0493498,0.0433074
1803,0.0440823,0.0333731
1804,0.0471688,0.0458194
1805,0.0531593,0.0420527
1806,0.0456874,0.0319066
1807,0.0528486,0.0463283
1808,0.0464856,0.0427911
1809,0.0451586,0.0436713
1810,0.0511355,0.0497242
1811,0.0461172,0.0463429
1812,0.0439696,0.0372434
1813,0.0428203,0.0451563
1814,0.0452049,0.0389037
1815,0.0511185,0.0373865
1816,0.0451621,0.0376609
1817,0.0527053,0.0414211
1818,0.0481849,0.0481165
1819,0.046624,0.0443873
1820,0.0380893,0.0440964
1821,0.0462821,0.0394142
1822,0.0462821,0.0394142
1823,0.0443496,0.043225
1824,0.0475947,0.0428989
1825,0.0512055,0.0456879
1826,0.0552103,0.0470679
1827,0.0306227,0.0333196
1828,0.0446921,0.0393326
1829,0.0511069,0.0531788
1830,0.0472513,0.0389711
1831,0.0419441,0.0433999
1832,0.0457249,0.0437874
1833,0.0466819,0.0384793
1834,0.0574531,0.0443712
1835,0.0517208,0.0479891
1836,0.0524516,0.0481885
1837,0.0478715,0.0420155
1838,0.0546768,0.047824
1839,0.0353911,0.0396348
1840,0.0398809,0.0372914
1841,0.0398809,0.0372914
1842,0.0543253,0.0390806
1843,0.0506146,0.0440135
1844,0.0555768,0.0461375
1845,0.0462403,0.0444387
1846,0.0539365,0.0507837
1847,0.0405087,0.0326062
1848,0.0421194,0.0414788
1849,0.0359662,0.0402544
1850,0.0435314,0.0320133
1851,0.0416478,0.0430991
1852,0.0418768,0.0444992
1853,0.0395483,0.0370801
1854,0.0422143,0.0426701
1855,0.0412876,0.0393154
1856,0.0434554,0.0378408
1857,0.0425687,0.037694
1858,0.0493395,0.0410887
1859,0.0442552,0.0442098
1860,0.0433273,0.0476577
1861,0.0433273,0.0476577
1862,0.0457249,0.0444699
1863,0.039037,0.0400016
1864,0.0361172,0.0296326
1865,0.0384649,0.0404514
1866,0.0431392,0.035761
1867,0.0494225,0.0463813
1868,0.0365235,0.035746
1869,0.0542714,0.0414763
1870,0.0454738,0.038585
1871,0.0316027,0.0318422
1872,0.0542534,0.0486933
1873,0.0374668,0.0349904
1874,0.0502463,0.0365422
1875,0.0332032,0.0369021
1876,0.0395045,0.0334838
1877,0.0330397,0.0318498
1878,0.0437,0.0458929
1879,0.046396,0.0370047
1880,0.0469223,0.0399179
1881,0.0516122,0.0536165
1882,0.050122,0.0510734
1883,0.0417185,0.0381011
1884,0.0431295,0.0455282
1885,0.0458288,0.0388519
1886,0.0471498,0.0369294
1887,0.0391675,0.0369075
1888,0.0432689,0.0452747
1889,0.0453007,0.04375
1890,0.0415958,0.0375355
1891,0.0461656,0.0417805
1892,0.0372241,0.033254
1893,0.0445809,0.0387275
1894,0.0431259,0.0431025
1895,0.041937,0.0387647
1896,0.0482476,0.0451907
1897,0.038395,0.0326155
1898,0.0458371,0.0424898
1899,0.0458371,0.0424898
1900,0.0426078,0.038871
1901,0.0427746,0.03933
1902,0.0400083,0.0441059
1903,0.0362335,0.0398635
1904,0.0427367,0.0398616
1905,0.0413561,0.0407479
1906,0.0504847,0.0467277
1907,0.0485117,0.0462309
1908,0.0509697,0.0441805
1909,0.0509505,0.0437255
1910,0.0450971,0.045849
1911,0.0396065,0.0375052
1912,0.0360411,0.0363827
1913,0.0428145,0.0434467
1914,0.0385097,0.0420144
1915,0.0385097,0.0420144
1916,0.038623,0.0289806
1917,0.038623,0.0289806
1918,0.0385928,0.0350341
1919,0.042911,0.036088
1920,0.0419882,0.0417706
1921,0.042501,0.0397593
1922,0.0475823,0.0401147
1923,0.041368,0.0394132
1924,0.0498612,0.0414853
1925,0.0456392,0.0438182
1926,0.0418996,0.0286957
1927,0.0464354,0.0432176
1928,0.0394492,0.0371898
1929,0.0356245,0.0337044
1930,0.0302946,0.0369504
1931,0.0413103,0.0408546
1932,0.0413103,0.0408546
1933,0.037154,0.0381656
1934,0.030974,0.0309236
1935,0.0371014,0.0372537
1936,0.0408575,0.0357602
1937,0.0439488,0.0330579
1938,0.0390892,0.0350124
1939,0.0348396,0.0407172
1940,0.0392892,0.0338305
1941,0.0404488,0.0312593
1942,0.0503858,0.0452895
1943,0.0523432,0.0412967
1944,0.034737,0.0316944
1945,0.0423711,0.0361975
1946,0.0540063,0.0506041
1947,0.0420684,0.0360431
1948,0.0457378,0.0470098
1949,0.05652,0.0509116
1950,0.0547293,0.0404677
1951,0.0480555,0.0420454
1952,0.0480555,0.0420454
1953,0.0642723,0.0495585
1954,0.0439498,0.0383805
1955,0.0493268,0.0519685
1956,0.0471911,0.0419279
1957,0.0383862,0.0288726
1958,0.0467273,0.0372934
1959,0.0362746,0.042324
1960,0.0395276,0.036461
1961,0.0407282,0.0456624
1962,0.0428924,0.0386306
1963,0.051118,0.0480944
1964,0.046324,0.0471806
1965,0.0471272,0.0425113
1966,0.0381871,0.0354937
1967,0.0377624,0.0347505
1968,0.0346275,0.0429125
1969,0.0426755,0.0387371
1970,0.0306479,0.024451
1971,0.0309944,0.032821
1972,0.0447518,0.0387666
1973,0.0347508,0.0341657
1974,0.0340432,0.0332116
1975,0.0489785,0.0452904
1976,0.0436843,0.045679
1977,0.0500859,0.0385281
1978,0.0488113,0.0373439
1979,0.0488113,0.0373439
1980,0.0456865,0.0410529
1981,0.0363602,0.0347621
1982,0.0460956,0.037699
1983,0.0427032,0.0367348
1984,0.0426653,0.0345195
1985,0.0371205,0.0309627
1986,0.0456403,0.0374938
1987,0.0437468,0.0373541
1988,0.0394033,0.0364204
1989,0.0524121,0.04902
1990,0.042265,0.0396406
1991,0.0578107,0.0482131
1992,0.038725,0.0448519
1993,0.0506658,0.0474015
1994,0.0512998,0.0440339
1995,0.0512998,0.0440339
1996,0.0473798,0.0449955
1997,0.0553406,0.0497654
1998,0.0501464,0.0505533
1999,0.0471637,0.0381355
2000,0.0407099,0.0355741
2001,0.0414408,0.0449426
2002,0.045063,0.0437661
2003,0.0354198,0.0382689
2004,0.0471516,0.0465858
2005,0.033581,0.0308007
2006,0.0477317,0.0368573
2007,0.0468565,0.0381597
2008,0.0468466,0.0424334
2009,0.0416631,0.0388637
2010,0.0451301,0.0393564
2011,0.0331718,0.0294083
2012,0.0369049,0.0279261
2013,0.0403068,0.0334368
2014,0.0403068,0.0334368
2015,0.0332725,0.0352229
2016,0.0361415,0.0277135
2017,0.0424422,0.0376208
2018,0.0355656,0.0302375
2019,0.0327892,0.0289601
2020,0.0396073,0.0391599
2021,0.0383974,0.0353682
2022,0.0417437,0.0408605
2023,0.0571518,0.0458733
2024,0.0332527,0.0295977
2025,0.0460952,0.0391917
2026,0.0460952,0.0391917
2027,0.0360564,0.0312395
2028,0.0413825,0.036368
2029,0.0413742,0.0369224
2030,0.0395705,0.0451073
2031,0.0395705,0.0451073
2032,0.0409324,0.0386686
2033,0.0364611,0.0363206
2034,0.0376131,0.0309596
2035,0.026842,0.0246624
2036,0.0387866,0.0346529
2037,0.0376567,0.0245267
2038,0.0455625,0.038093
2039,0.0431555,0.0427366
2040,0.0528886,0.0411987
2041,0.045435,0.0385394
2042,0.045435,0.0385394
2043,0.051465,0.0465868
2044,0.0429477,0.0417515
2045,0.0484288,0.0473291
2046,0.0444697,0.0399613
2047,0.0508353,0.0490878
2048,0.0512625,0.0425142
2049,0.0370504,0.036814
2050,0.0370504,0.036814
2051,0.0454403,0.0443569
2052,0.0407014,0.0367543
2053,0.051351,0.040923
2054,0.0463363,0.0381849
2055,0.045587,0.0316487
2056,0.0484712,0.0453331
2057,0.0418224,0.0395704
2058,0.0514591,0.0376126
2059,0.049449,0.0422588
2060,0.0497453,0.0475611
2061,0.0522084,0.0483254
2062,0.0427951,0.0406508
2063,0.0453853,0.0427931
2064,0.04811,0.0415786
2065,0.0356413,0.0307794
2066,0.0497931,0.0407303
2067,0.0442215,0.0417726
2068,0.05069,0.0462718
2069,0.0474879,0.0400175
2070,0.0465674,0.0353849
2071,0.0356035,0.0350716
2072,0.036781,0.0430616
2073,0.0392981,0.03875
2074,0.0406003,0.0358811
2075,0.0453993,0.0472144
2076,0.0395623,0.0362631
2077,0.0514268,0.0369565
2078,0.0374838,0.0359535
2079,0.0403617,0.0395025
2080,0.0414707,0.0326638
2081,0.0445062,0.0414069
2082,0.0393916,0.0386423
2083,0.051215,0.0530427
2084,0.0436412,0.0391791
2085,0.0445089,0.0454074
2086,0.0507486,0.0516515
2087,0.041429,0.0365297
2088,0.0460847,0.0366601
2089,0.0393028,0.0363531
2090,0.052835,0.0493708
2091,0.0456702,0.0357821
2092,0.0474968,0.0441789
2093,0.0437513,0.0416137
2094,0.0472184,0.03592
2095,0.0422707,0.0294816
2096,0.0538995,0.045755
2097,0.0582901,0.047553
2098,0.0422884,0.0380618
2099,0.0390237,0.0360072
2100,0.0471495,0.0359434
2101,0.0399378,0.0381466
2102,0.0315282,0.0372711
2103,0.0436534,0.0385138
2104,0.0436534,0.0385138
2105,0.039423,0.0334812
2106,0.0275063,0.0290718
2107,0.0347673,0.0405511
2108,0.0414191,0.0407444
2109,0.0378895,0.0427361
2110,0.0378895,0.0427361
2111,0.0380553,0.0322532
2112,0.0422221,0.0363178
2113,0.0472132,0.046135
2114,0.0355433,0.0293999
2115,0.0366464,0.0307129
2116,0.04102,0.039842
2117,0.0453165,0.0409736
2118,0.0479097,0.037276
2119,0.0460061,0.0448687
2120,0.0460061,0.0448687
2121,0.0352015,0.0290016
2122,0.0415972,0.0399055
2123,0.0395542,0.0375768
2124,0.0403962,0.0430914
2125,0.054947,0.056011
2126,0.0486617,0.0412079
2127,0.0530878,0.0502668
2128,0.0530878,0.0502668
2129,0.0530878,0.0502668
2130,0.0424465,0.0373772
2131,0.0510841,0.0432855
2132,0.0489906,0.0407659
2133,0.0407518,0.0329541
2134,0.0407518,0.0329541
2135,0.0410871,0.0367945
2136,0.0452384,0.0373077
2137,0.0557926,0.0455779
2138,0.0386641,0.0429041
2139,0.0456946,0.0384424
2140,0.0387382,0.0362434
2141,0.0436837,0.0348108
2142,0.041088,0.0408515
2143,0.0399919,0.0393024
2144,0.0415695,0.0274875
2145,0.0406456,0.0398805
2146,0.0448641,0.0453538
2147,0.0451278,0.033469
2148,0.0492832,0.0472003
2149,0.0441357,0.0381658
2150,0.0476845,0.0393559
2151,0.037718,0.0392132
2152,0.0388351,0.0381271
2153,0.0368858,0.0379349
2154,0.0447177,0.0470854
2155,0.0485833,0.0468767
2156,0.0482971,0.0429756
2157,0.0452317,0.0416938
2158,0.0492667,0.0430384
2159,0.0362343,0.0277247
2160,0.0468599,0.039956
2161,0.0389273,0.0331482
2162,0.0400519,0.036003
2163,0.0400519,0.036003
2164,0.0438732,0.0382014
2165,0.0414219,0.0424031
2166,0.0349579,0.0274613
2167,0.0478719,0.0474423
2168,0.0248948,0.0282936
2169,0.0575557,0.0427217
2170,0.0539392,0.0461106
2171,0.0514257,0.0431615
2172,0.0507414,0.0423058
2173,0.0464475,0.0406708
2174,0.045307,0.0440486
2175,0.0431983,0.0364672
2176,0.0426838,0.0411353
2177,0.0511561,0.0476393
2178,0.0538277,0.0481965
2179,0.0538277,0.0481965
2180,0.0481817,0.0466255
2181,0.0403667,0.0435384
2182,0.0387094,0.0327245
2183,0.0427364,0.0375116
2184,0.0459135,0.0401594
2185,0.0363991,0.0284856
2186,0.0429282,0.0394028
2187,0.0427749,0.0394604
2188,0.0407633,0.0365721
2189,0.0251599,0.0251505
2190,0.0450691,0.0453646
2191,0.044521,0.0407116
2192,0.0352933,0.0353992
2193,0.0482068,0.0445225
2194,0.0446632,0.0414681
2195,0.0388689,0.0323023
2196,0.0517118,0.0379371
2197,0.0529183,0.0393188
2198,0.0496436,0.0520576
2199,0.0379457,0.0311974
2200,0.0502295,0.0390536
2201,0.0393807,0.0319364
2202,0.0435053,0.0376578
2203,0.0376915,0.0305962
2204,0.0423694,0.036032
2205,0.0420676,0.0356994
2206,0.0499839,0.0400389
2207,0.0499839,0.0400389
2208,0.0338231,0.0350139
2209,0.0385014,0.0386263
2210,0.0348866,0.0310287
2211,0.0348866,0.0310287
2212,0.0450691,0.0416422
2213,0.0427267,0.0374721
2214,0.03491,0.0338546
2215,0.0409839,0.0312736
2216,0.0387955,0.0319348
2217,0.0452922,0.037602
2218,0.0413012,0.0414963
2219,0.0453552,0.0404388
2220,0.0381798,0.0413489
2221,0.0496934,0.0474478
2222,0.0487739,0.0425859
2223,0.0560542,0.0503664
2224,0.0343035,0.0350732
2225,0.0501667,0.0394397
2226,0.0469267,0.0436322
2227,0.0469267,0.0436322
2228,0.0542085,0.0505915
2229,0.0441358,0.0427131
2230,0.0449076,0.0360614
2231,0.0444003,0.0434621
2232,0.0422944,0.0450105
2233,0.0480201,0.0460105
2234,0.0378439,0.0350217
2235,0.0600381,0.0518972
2236,0.04415,0.0430735
2237,0.0394052,0.0437303
2238,0.0474647,0.0426602
2239,0.0451467,0.0452495
2240,0.0464564,0.0455634
2241,0.0519152,0.0535344
2242,0.0356276,0.0345579
2243,0.045421,0.0407887
2244,0.0453276,0.0408955
2245,0.0379003,0.0359147
2246,0.0389125,0.0375762
2247,0.0412179,0.0388992
2248,0.0492133,0.0443556
2249,0.0433171,0.03843
2250,0.0433171,0.03843
2251,0.0498333,0.0432983
2252,0.0477989,0.042298
2253,0.0513251,0.0468537
2254,0.0426287,0.0418442
2255,0.0534834,0.0457191
2256,0.0569723,0.0505619
2257,0.0427034,0.0438258
2258,0.0506229,0.0408533
2259,0.0363947,0.0283214
2260,0.0528038,0.0479952
2261,0.035368,0.0289523
2262,0.0433828,0.0395312
2263,0.0504022,0.041164
2264,0.047517,0.0380448
2265,0.0415506,0.0424226
2266,0.0578752,0.051142
2267,0.0578752,0.051142
2268,0.040417,0.0363191
2269,0.0438266,0.0427438
2270,0.0454531,0.0392642
2271,0.0473748,0.0327075
2272,0.0497557,0.040793
2273,0.0388579,0.0360228
2274,0.041854,0.0397737
2275,0.0430674,0.0407458
2276,0.0433575,0.0415976
2277,0.0415341,0.0470601
2278,0.0433461,0.0420922
2279,0.0433461,0.0420922
2280,0.0540275,0.0500302
2281,0.0528412,0.0433986
2282,0.0384091,0.0306703
2283,0.0517613,0.0430841
2284,0.0365124,0.0256654
2285,0.0372654,0.0302782
2286,0.0311416,0.0310888
2287,0.0351038,0.0341305
2288,0.0474079,0.0393194
2289,0.0358499,0.0341179
2290,0.0432522,0.0420955
2291,0.037674,0.0305768
2292,0.0400313,0.0372205
2293,0.0354922,0.030425
2294,0.0349366,0.0310639
2295,0.0392587,0.0362573
2296,0.0315119,0.0284806
2297,0.0464343,0.0418377
2298,0.0432063,0.0361749
2299,0.0432063,0.0361749
2300,0.0415708,0.0385079
2301,0.0496204,0.0483836
2302,0.0496204,0.0483836
2303,0.0440541,0.0420131
2304,0.050012,0.036499
2305,0.0475046,0.0406815
2306,0.0500068,0.0462635
2307,0.0451468,0.0346299
2308,0.0451468,0.0346299
2309,0.0418828,0.0317521
2310,0.0418828,0.0317521
2311,0.0433423,0.0369625
2312,0.0484862,0.0363604
2313,0.0484862,0.0363604
2314,0.0448669,0.0460472
2315,0.0404761,0.0413725
2316,0.0465735,0.0451558
2317,0.0354743,0.0383501
2318,0.0431873,0.0358066
2319,0.0516373,0.0406792
2320,0.0382483,0.0317898
2321,0.0382483,0.0317898
2322,0.0420482,0.0408213
2323,0.0383158,0.0390922
2324,0.0403828,0.0355346
2325,0.0378162,0.0345034
2326,0.0371577,0.0408624
2327,0.0277227,0.0267639
2328,0.0351194,0.033923
2329,0.044035,0.0391645
2330,0.0360354,0.0343705
2331,0.0466392,0.0386557
2332,0.0581629,0.0500957
2333,0.0581629,0.0500957
2334,0.0337197,0.0325943
2335,0.0513324,0.044469
2336,0.0586804,0.0497848
2337,0.040835,0.0368166
2338,0.0461554,0.0437459
2339,0.0388431,0.0427885
2340,0.0478984,0.0380241
2341,0.0337828,0.0304044
2342,0.0463658,0.0419945
2343,0.0463658,0.0419945
2344,0.0557725,0.0515696
2345,0.0443843,0.0393475
2346,0.0512069,0.0479404
2347,0.0514255,0.0473359
2348,0.0388776,0.0418587
2349,0.0453422,0.0413426
2350,0.0428534,0.0338857
2351,0.0480497,0.043411
2352,0.0480065,0.03574
2353,0.0464739,0.0414186
2354,0.0478246,0.042491
2355,0.0436644,0.0373409
2356,0.0322181,0.0394547
2357,0.0322181,0.0394547
2358,0.0533672,0.0328202
2359,0.0440862,0.0352596
2360,0.043087,0.0371779
2361,0.0386599,0.0353431
2362,0.0426259,0.0359866
2363,0.0489495,0.0403052
2364,0.0565694,0.041417
2365,0.0327952,0.0309333
2366,0.0415187,0.0342655
2367,0.0459664,0.041074
2368,0.0399574,0.0324544
2369,0.0484707,0.0443567
2370,0.043711,0.0432309
2371,0.0413931,0.0420658
2372,0.0397751,0.040841
2373,0.0466986,0.0352856
2374,0.0543308,0.0483155
2375,0.0495711,0.044696
2376,0.0550295,0.0449856
2377,0.0494783,0.0439791
2378,0.0530265,0.0458225
2379,0.047069,0.0392181
2380,0.047591,0.0402326
2381,0.0592978,0.0492733
2382,0.0443924,0.041736
2383,0.0537257,0.0517586
2384,0.0455609,0.0407547
2385,0.0524524,0.0498284
2386,0.0525961,0.0521892
2387,0.0558834,0.0491831
2388,0.0390984,0.0402682
2389,0.0525624,0.0436898
2390,0.0445617,0.0398403
2391,0.0458427,0.0464951
2392,0.0480351,0.0458925
2393,0.0480351,0.0458925
2394,0.0480351,0.0458925
2395,0.0404502,0.040598
2396,0.0439259,0.0357411
2397,0.0439259,0.0357411
2398,0.031187,0.0300266
2399,0.0533316,0.0438442
2400,0.0335177,0.0296351
2401,0.0475382,0.0485785
2402,0.0351107,0.0353714
2403,0.0477369,0.0430572
2404,0.0356906,0.0305741
2405,0.0358327,0.0395159
2406,0.0309381,0.0371465
2407,0.0309381,0.0371465
2408,0.0424066,0.0379148
2409,0.0445821,0.0401415
2410,0.0353911,0.0311688
2411,0.0353911,0.0311688
2412,0.0370511,0.0373287
2413,0.0302829,0.0223278
2414,0.0483083,0.0424667
2415,0.0378287,0.0403182
2416,0.0370286,0.0242953
2417,0.0323598,0.0336422
2418,0.0254724,0.0310778
2419,0.0380142,0.0355479
2420,0.0401207,0.035414
2421,0.0401207,0.035414
2422,0.0408415,0.0342776
2423,0.0397494,0.0333931
2424,0.0397494,0.0333931
2425,0.0397494,0.0333931
2426,0.0504431,0.0382639
2427,0.0438695,0.0358628
2428,0.0495068,0.0531447
2429,0.0400546,0.0320211
2430,0.0559249,0.0415104
2431,0.0417428,0.042476
2432,0.0557421,0.0467727
2433,0.0521775,0.0447
2434,0.0390846,0.0341503
2435,0.0386156,0.0346708
2436,0.0388046,0.0354122
2437,0.0384109,0.039053
2438,0.0388901,0.0378235
2439,0.0325451,0.028799
2440,0.0395193,0.0385353
2441,0.0346926,0.0337504
2442,0.0346926,0.0337504
2443,0.0467963,0.0435209
2444,0.0474682,0.0428658
2445,0.054566,0.0453776
2446,0.054566,0.0453776
2447,0.054566,0.0453776
2448,0.050654,0.0383091
2449,0.050654,0.0383091
2450,0.050654,0.0383091
2451,0.050654,0.0383091
2452,0.0518037,0.0403383
2453,0.0333264,0.0362753
2454,0.0389575,0.0468709
2455,0.0389575,0.0468709
2456,0.0389575,0.0468709
2457,0.0353028,0.0389065
2458,0.0353028,0.0389065
2459,0.0411235,0.0363288
2460,0.0515539,0.0383735
2461,0.0532318,0.0408749
2462,0.0470493,0.044308
2463,0.0470493,0.044308
2464,0.0571711,0.0429241
2465,0.0568677,0.0482979
2466,0.0568677,0.0482979
2467,0.050252,0.0435605
2468,0.0466302,0.0418738
2469,0.0525004,0.0541236
2470,0.0468816,0.0408402
2471,0.0392566,0.0342184
2472,0.0538422,0.0463162
2473,0.0394288,0.035753
2474,0.0394288,0.035753
2475,0.042779,0.0431478
2476,0.0402945,0.0334844
2477,0.0378386,0.0351438
2478,0.0350877,0.032553
2479,0.0335838,0.0327409
2480,0.0333718,0.0348567
2481,0.0420904,0.032577
2482,0.0376512,0.0352465
2483,0.0459985,0.040626
2484,0.0424663,0.035734
2485,0.0515969,0.0425769
2486,0.0425511,0.0413093
2487,0.0403517,0.0361189
2488,0.0403517,0.0361189
2489,0.0516311,0.0449884
2490,0.0422776,0.0394726
2491,0.0519594,0.0450666
2492,0.0407806,0.0396779
2493,0.0418566,0.0342597
2494,0.0371451,0.0418125
2495,0.0429773,0.0374269
2496,0.0469553,0.0354506
2497,0.0422886,0.0366233
2498,0.0368522,0.0366706
2499,0.0526781,0.0569203
2500,0.0486732,0.045687
2501,0.056658,0.0478146
2502,0.0344469,0.0280754
2503,0.0331223,0.0365394
2504,0.0476512,0.0422893
2505,0.0387265,0.0339201
2506,0.044555,0.03219
2507,0.0549341,0.0472572
2508,0.0360377,0.0330102
2509,0.0360377,0.0330102
2510,0.0634868,0.055318
2511,0.0416441,0.0374535
2512,0.0509785,0.0395561
2513,0.0463657,0.0456306
2514,0.0404063,0.0299584
2515,0.0441214,0.045222
2516,0.0267045,0.0278534
2517,0.0381742,0.0332096
2518,0.0378096,0.0345019
2519,0.0308918,0.0313287
2520,0.0331743,0.0296555
2521,0.0399467,0.0377746
2522,0.046105,0.0404196
2523,0.0418357,0.0410382
2524,0.0456041,0.0473262
2525,0.0450935,0.0422158
2526,0.0415628,0.0413031
2527,0.0396062,0.036596
2528,0.0396062,0.036596
2529,0.0449298,0.0434671
2530,0.0501805,0.0433071
2531,0.0443698,0.0362089
2532,0.0564907,0.0515022
2533,0.052435,0.046355
2534,0.054077,0.0470055
2535,0.0514065,0.0449047
2536,0.0484171,0.0502531
2537,0.0489343,0.0432503
2538,0.0435566,0.0454297
2539,0.0487718,0.0433025
2540,0.0579855,0.0497249
2541,0.0559984,0.0475668
2542,0.0524093,0.0473177
2543,0.0526945,0.0483698
2544,0.0575057,0.0533217
2545,0.0447566,0.0388452
2546,0.0538013,0.0518348
2547,0.0538013,0.0518348
2548,0.0534643,0.0447319
2549,0.0499814,0.0404381
2550,0.0447466,0.0436443
2551,0.0452563,0.0431996
2552,0.0376735,0.0318434
2553,0.0445736,0.0345309
2554,0.0393935,0.0313704
2555,0.0456899,0.0415199
2556,0.0448841,0.0408554
2557,0.0331122,0.0329599
2558,0.0440994,0.0423974
2559,0.0461419,0.0364687
2560,0.0406798,0.0410589
2561,0.0400443,0.0426917
2562,0.0399301,0.0408061
2563,0.0442645,0.0328476
2564,0.0442368,0.0391803
2565,0.0466434,0.0462249
2566,0.0525534,0.0433676
2567,0.058012,0.048342
2568,0.058012,0.048342
2569,0.0460121,0.0422609
2570,0.0440717,0.0429289
2571,0.0491922,0.0478476
2572,0.0342126,0.0312844
2573,0.0425038,0.045346
2574,0.0362424,0.0409823
2575,0.045276,0.0385791
2576,0.0403864,0.0350371
2577,0.0453039,0.0368282
2578,0.0487427,0.0435633
2579,0.0580081,0.0447731
2580,0.0406392,0.032908
2581,0.0406392,0.032908
2582,0.0487156,0.0404745
2583,0.0376459,0.035689
2584,0.0473489,0.0468433
2585,0.0414956,0.0369119
2586,0.0446642,0.0465675
2587,0.0432301,0.0383396
2588,0.040288,0.0405211
2589,0.0484562,0.0380476
2590,0.0304413,0.0320802
2591,0.0383905,0.0417595
2592,0.0417191,0.0319231
2593,0.0390679,0.035205
2594,0.0430086,0.0388114
2595,0.0442111,0.04248
2596,0.0558745,0.0449605
2597,0.0407282,0.0354121
2598,0.0538199,0.0432004
2599,0.0538199,0.0432004
2600,0.0524739,0.0489574
2601,0.0511498,0.0471515
2602,0.0416533,0.0339782
2603,0.0477814,0.0449597
2604,0.0457007,0.0363162
2605,0.0402222,0.036788
2606,0.047118,0.0380464
2607,0.0491518,0.0402967
2608,0.0368998,0.0347367
2609,0.0378158,0.0315657
2610,0.0413912,0.0375469
2611,0.0330591,0.0297732
2612,0.0424783,0.041555
2613,0.0430191,0.0398268
2614,0.0444616,0.0426273
2615,0.0360575,0.0244292
2616,0.0437878,0.0401099
2617,0.0417536,0.0398879
2618,0.0489659,0.0396724
2619,0.0483902,0.0484878
2620,0.0448785,0.0440617
2621,0.0448785,0.0440617
2622,0.0378075,0.034635
2623,0.0273055,0.0296076
2624,0.0402348,0.0403458
2625,0.0340225,0.0400194
2626,0.0426319,0.0343581
2627,0.0358565,0.033341
2628,0.050986,0.0414361
2629,0.0351786,0.0385895
2630,0.0440546,0.0432545
2631,0.0451379,0.0435933
2632,0.0456248,0.0447242
2633,0.0463605,0.044004
2634,0.0484644,0.0503745
2635,0.0484644,0.0503745
2636,0.0484644,0.0503745
2637,0.0438435,0.0373607
2638,0.0530651,0.0500943
2639,0.0436396,0.0395256
2640,0.046037,0.0460612
2641,0.0556255,0.0469918
2642,0.0481043,0.0477894
2643,0.0547433,0.0451572
2644,0.0450851,0.0450121
2645,0.037023,0.0397061
2646,0.037023,0.0397061
2647,0.0482532,0.0432209
2648,0.0439647,0.0412635
2649,0.0405842,0.0395474
2650,0.0367505,0.0348465
2651,0.0429869,0.0410233
2652,0.0466572,0.0398149
2653,0.0491192,0.0365361
2654,0.0513866,0.045723
2655,0.0499853,0.0467483
2656,0.0499853,0.0467483
2657,0.054292,0.0451161
2658,0.054292,0.0451161
2659,0.054292,0.0451161
2660,0.0470927,0.0382483
2661,0.0470523,0.0449126
2662,0.0471337,0.0442132
2663,0.0410276,0.0372203
2664,0.0430765,0.0367085
2665,0.0466611,0.0385244
2666,0.0514503,0.0450351
2667,0.0357011,0.037119
2668,0.0496349,0.0452969
2669,0.0516286,0.0464916
2670,0.0459509,0.0489777
2671,0.0502799,0.0451465
2672,0.0511151,0.0439604
2673,0.043873,0.0395407
2674,0.0474045,0.0393095
2675,0.03597,0.0387188
2676,0.0414411,0.0414237
2677,0.0388204,0.029559
2678,0.0391791,0.0402002
2679,0.0391791,0.0402002
2680,0.0345163,0.0287638
2681,0.0255066,0.0307421
2682,0.0399358,0.0375774
2683,0.0375293,0.0399423
2684,0.042657,0.0350665
2685,0.0342303,0.0386902
2686,0.0375089,0.0313065
2687,0.0375089,0.0313065
2688,0.0518225,0.0477136
2689,0.0436443,0.0388032
2690,0.0537447,0.0470124
2691,0.0420925,0.0430026
2692,0.036785,0.0323488
2693,0.046206,0.0370594
2694,0.0444198,0.043001
2695,0.0382843,0.0340626
2696,0.0493777,0.0443097
2697,0.04465,0.0391459
2698,0.04465,0.0391459
2699,0.04465,0.0391459
2700,0.0510725,0.0463576
2701,0.0501273,0.0452658
2702,0.0508483,0.045176
2703,0.0421659,0.0383186
2704,0.0534963,0.0497252
2705,0.0362067,0.0343759
2706,0.0337296,0.0339897
2707,0.0400459,0.0299316
2708,0.0330165,0.0312078
2709,0.0379952,0.0296793
2710,0.0442625,0.0447495
2711,0.0350718,0.0349759
2712,0.0370325,0.0273689
2713,0.0473886,0.0456181
2714,0.0448281,0.0440301
2715,0.044819,0.0406228
2716,0.0455196,0.0408609
2717,0.040469,0.0393029
2718,0.0410207,0.0420936
2719,0.0370915,0.0341141
2720,0.0407902,0.0326945
2721,0.0498653,0.0421002
2722,0.038505,0.0357683
2723,0.0491328,0.0433932
2724,0.0527188,0.0466298
2725,0.0371194,0.0390492
2726,0.0476906,0.0478721
2727,0.0356366,0.0386542
2728,0.0563872,0.0496334
2729,0.0412413,0.0391811
2730,0.0417441,0.0395107
2731,0.0478203,0.0380602
2732,0.0437311,0.0322696
2733,0.0437311,0.0322696
2734,0.044131,0.0400759
2735,0.039087,0.0344277
2736,0.043042,0.0382647
2737,0.0509718,0.0515039
2738,0.0340009,0.0346551
2739,0.0447148,0.0411804
2740,0.0422091,0.039122
2741,0.0459211,0.0336938
2742,0.0389462,0.040091
2743,0.0415908,0.0369105
2744,0.0527715,0.0478639
2745,0.0484001,0.041104
2746,0.0431401,0.0379067
2747,0.0340817,0.0326989
2748,0.0412285,0.0377155
2749,0.0397802,0.0373257
2750,0.0461946,0.0424067
2751,0.050905,0.0529295
2752,0.0448489,0.0352846
2753,0.0422719,0.0373361
2754,0.0426537,0.040385
2755,0.031433,0.0290688
2756,0.0407184,0.0412343
2757,0.0401692,0.0370947
2758,0.0375859,0.0382796
2759,0.0431749,0.039822
2760,0.0462382,0.0324911
2761,0.0440069,0.0354515
2762,0.038199,0.036655
2763,0.0420707,0.0341907
2764,0.048215,0.0426489
2765,0.0450934,0.0422582
2766,0.0292022,0.0327107
2767,0.0435121,0.0410792
2768,0.0414618,0.0410505
2769,0.0395535,0.0382161
2770,0.0469899,0.0413622
2771,0.0419122,0.0367164
2772,0.0477055,0.0478049
2773,0.0477055,0.0478049
2774,0.038949,0.038638
2775,0.0472291,0.047351
2776,0.0426764,0.0424329
2777,0.0585469,0.0430219
2778,0.0547508,0.055243
2779,0.0456925,0.0434519
2780,0.0454056,0.0377655
2781,0.0533847,0.0462181
2782,0.0468975,0.0422352
2783,0.0445469,0.0442843
2784,0.0298028,0.0257488
2785,0.0420984,0.0379447
2786,0.0420984,0.0379447
2787,0.044377,0.0444298
2788,0.0488285,0.032111
2789,0.0511343,0.0360186
2790,0.0321436,0.0303779
2791,0.043308,0.043416
2792,0.0444015,0.0426593
2793,0.0427823,0.0318989
2794,0.0402845,0.037373
2795,0.0381659,0.0316736
2796,0.0514755,0.0435343
2797,0.0457121,0.0356183
2798,0.0455752,0.0374893
2799,0.0387675,0.0355802
2800,0.0455974,0.0366903
2801,0.0511854,0.0477628
2802,0.0526493,0.0456232
2803,0.0552905,0.0472808
2804,0.0358482,0.0353559
2805,0.0524396,0.0424566
2806,0.0427928,0.0364419
2807,0.0431598,0.0445856
2808,0.0484068,0.0459589
2809,0.0508426,0.0409846
2810,0.0425853,0.0341544
2811,0.0324718,0.0346839
2812,0.0456159,0.0363481
2813,0.0405821,0.0383242
2814,0.0373325,0.0315818
2815,0.0373325,0.0315818
2816,0.0564772,0.0493777
2817,0.0421103,0.0371802
2818,0.0500475,0.0464546
2819,0.0611487,0.0603874
2820,0.049358,0.0477665
2821,0.0458562,0.0388351
2822,0.0502313,0.0421044
2823,0.0339016,0.0296441
2824,0.048615,0.038896
2825,0.0473913,0.0427754
2826,0.047801,0.0416177
2827,0.040186,0.0322659
2828,0.0416225,0.0441435
2829,0.0345513,0.0315515
2830,0.0496122,0.0417772
2831,0.0368174,0.0302081
2832,0.0368174,0.0302081
2833,0.0505165,0.04707
2834,0.0438229,0.0425939
2835,0.0515007,0.0437171
2836,0.0408868,0.0392371
2837,0.0595386,0.0462264
2838,0.0616912,0.0443015
2839,0.0392892,0.0393833
2840,0.0498281,0.0464724
2841,0.0407082,0.0400488
2842,0.0438187,0.0453159
2843,0.0353378,0.0410789
2844,0.0444003,0.0401874
2845,0.0364047,0.0308061
2846,0.0371052,0.0346681
2847,0.0389834,0.0354806
2848,0.0374617,0.0332982
2849,0.0374617,0.0332982
2850,0.0374617,0.0332982
2851,0.0392874,0.0392488
2852,0.0508491,0.0493445
2853,0.042877,0.0378419
2854,0.042877,0.0378419
2855,0.0392736,0.0403604
2856,0.0452072,0.0393304
2857,0.0407901,0.0375717
2858,0.0446182,0.0403984
2859,0.0621076,0.0516421
2860,0.0475025,0.0441004
2861,0.0480551,0.041344
2862,0.0493418,0.0429411
2863,0.0383621,0.0337408
2864,0.0422847,0.042928
2865,0.0422847,0.042928
2866,0.0422847,0.042928
2867,0.0422847,0.042928
2868,0.0534067,0.0357247
2869,0.0353968,0.0304468
2870,0.0563457,0.0457717
2871,0.0414663,0.0316683
2872,0.0331795,0.0324148
2873,0.0331795,0.0324148
2874,0.0317303,0.0287422
2875,0.0379537,0.0311916
2876,0.0315007,0.0313968
2877,0.0418902,0.0339019
2878,0.0393536,0.0396851
2879,0.0471246,0.0376744
2880,0.0448122,0.0307077
2881,0.0342275,0.0367389
2882,0.0345258,0.033255
2883,0.0458146,0.0474605
2884,0.0472904,0.046886
2885,0.0472904,0.046886
2886,0.0496905,0.0390868
2887,0.0483143,0.0472429
2888,0.0410933,0.0333312
2889,0.0464316,0.0448482
2890,0.0516953,0.0484072
2891,0.049993,0.0433694
2892,0.0390716,0.0400622
2893,0.0347782,0.0312391
2894,0.0416318,0.0432224
2895,0.0434078,0.0400231
2896,0.0434078,0.0400231
2897,0.0518891,0.0459738
2898,0.0487407,0.0390505
2899,0.0393554,0.0388622
2900,0.0459361,0.0412274
2901,0.0337494,0.029444
2902,0.0337494,0.029444
2903,0.0489206,0.0384434
2904,0.0489206,0.0384434
2905,0.0423294,0.0329905
2906,0.0517406,0.0482433
2907,0.0399589,0.0349996
2908,0.0548896,0.0507893
2909,0.051862,0.0421878
2910,0.0559456,0.0517061
2911,0.0471304,0.0407036
2912,0.0424976,0.0357234
2913,0.0438323,0.0398719
2914,0.0342183,0.0329193
2915,0.0417113,0.0393338
2916,0.0477453,0.0428149
2917,0.0502072,0.0447721
2918,0.0442029,0.0460619
2919,0.0394055,0.0429988
2920,0.0394055,0.0429988
2921,0.0534556,0.0377037
2922,0.0506176,0.0466853
2923,0.0412177,0.0408645
2924,0.0352055,0.032666
2925,0.0411108,0.0426106
2926,0.0304906,0.0248056
2927,0.0486372,0.0401724
2928,0.0486372,0.0401724
2929,0.0519615,0.047459
2930,0.0571632,0.0532045
2931,0.0502484,0.0439474
2932,0.0493818,0.0437407
2933,0.0463958,0.0447989
2934,0.0495373,0.0420226
2935,0.0514611,0.0385861
2936,0.0496869,0.0402959
2937,0.0383741,0.032672
2938,0.0383741,0.032672
2939,0.0473102,0.039653
2940,0.0413544,0.0351815
2941,0.0432306,0.0374192
2942,0.0432306,0.0374192
2943,0.0441154,0.0420367
2944,0.0441154,0.0420367
2945,0.0426943,0.0365584
2946,0.0422499,0.0343345
2947,0.0473679,0.0330253
2948,0.0451142,0.041012
2949,0.0462564,0.0402829
2950,0.0442204,0.0403705
2951,0.0492404,0.0411352
2952,0.0537551,0.0528433
2953,0.0452233,0.0443414
2954,0.0459105,0.0464077
2955,0.035123,0.0378684
2956,0.040881,0.042726
2957,0.0467611,0.0449443
2958,0.0270357,0.028006
2959,0.0370887,0.0365334
2960,0.0377974,0.0289793
2961,0.0473613,0.0397683
2962,0.0375844,0.0323408
2963,0.0407377,0.0388455
2964,0.0373402,0.0333075
2965,0.0373402,0.0333075
2966,0.0373402,0.0333075
2967,0.0332315,0.0353312
2968,0.0356809,0.0357039
2969,0.0420994,0.0386255
2970,0.0363022,0.0345283
2971,0.0363021,0.0345283
2972,0.0482169,0.0383017
2973,0.0443355,0.0361723
2974,0.0389631,0.0422186
2975,0.046619,0.0391973
2976,0.047678,0.0474282
2977,0.0455676,0.0407648
2978,0.0455676,0.0407648
2979,0.039996,0.0417894
2980,0.042919,0.0367937
2981,0.0402502,0.0318825
2982,0.0442672,0.0375493
2983,0.0407294,0.0377779
2984,0.0431425,0.0383913
2985,0.042798,0.0389499
2986,0.0447858,0.0423509
2987,0.0453426,0.0415923
2988,0.0506756,0.0418929
2989,0.0516929,0.0432395
2990,0.0491375,0.0497704
2991,0.0432133,0.0440638
2992,0.0435284,0.0438473
2993,0.0488498,0.0429306
2994,0.0527085,0.0442323
2995,0.0439077,0.0428703
2996,0.0491251,0.0423219
2997,0.047093,0.0376416
2998,0.0344405,0.0396265
2999,0.0507905,0.0469165
3000,0.0382729,0.0405472
3001,0.0460262,0.0343297
3002,0.0449819,0.0401078
3003,0.0442839,0.0326317
3004,0.0320213,0.0298862
3005,0.042737,0.035595
3006,0.0368378,0.0408719
3007,0.0368378,0.0408719
3008,0.0389094,0.043223
3009,0.0365769,0.0380439
3010,0.0385506,0.0412161
3011,0.0410052,0.0451832
3012,0.053626,0.047145
3013,0.0492753,0.0485138
3014,0.0607916,0.0559434
3015,0.0461664,0.0466751
3016,0.0466032,0.0375338
3017,0.0410449,0.043215
3018,0.0449083,0.0399546
3019,0.054092,0.0445899
3020,0.0451246,0.0381415
3021,0.0457439,0.0436602
3022,0.0497118,0.0441768
3023,0.0424245,0.0415371
3024,0.0483387,0.0387035
3025,0.0446584,0.045099
3026,0.0561435,0.0440921
3027,0.0500302,0.0344107
3028,0.0313536,0.0283826
3029,0.0392047,0.0343254
3030,0.0466419,0.0389565
3031,0.0393579,0.0402896
3032,0.0393153,0.033846
3033,0.0458499,0.037972
3034,0.0421666,0.0421209
3035,0.0404092,0.0274726
3036,0.0339257,0.0360211
3037,0.0430765,0.0349975
3038,0.0339522,0.0320825
3039,0.0599555,0.0438871
3040,0.0469891,0.0381293
3041,0.0436579,0.0362788
3042,0.04559,0.0378975
3043,0.0511987,0.0419794
3044,0.0491148,0.0439707
3045,0.0435842,0.0398564
3046,0.0566127,0.0463298
3047,0.0307236,0.0378577
3048,0.0369999,0.0375683
3049,0.0452714,0.0386473
3050,0.035704,0.0305229
3051,0.0371581,0.0369445
3052,0.0362782,0.0395159
3053,0.048828,0.0425396
3054,0.044035,0.0375594
3055,0.0456019,0.039038
3056,0.0423379,0.0410193
3057,0.0331296,0.0410551
3058,0.0331296,0.0410551
3059,0.0391216,0.0443384
3060,0.0391216,0.0443384
3061,0.0472664,0.0526518
3062,0.0452537,0.0340454
3063,0.0414653,0.0363245
3064,0.0466766,0.0418835
3065,0.0466766,0.0418835
3066,0.0496869,0.0410003
3067,0.0402475,0.0356776
3068,0.0402475,0.0356776
3069,0.0357984,0.036557
3070,0.0394969,0.0353644
3071,0.0459101,0.0389951
3072,0.0516894,0.0394448
3073,0.0369248,0.0320054
3074,0.0286418,0.0255819
3075,0.0417493,0.0349593
3076,0.0367828,0.0326983
3077,0.0370859,0.0387961
3078,0.0360187,0.0289679
3079,0.0507582,0.0431282
3080,0.0500076,0.0500255
3081,0.0465347,0.0413449
3082,0.0412355,0.0416254
3083,0.0457174,0.0309845
3084,0.0444404,0.0367931
3085,0.0455239,0.0450672
3086,0.03472,0.0389556
3087,0.0424714,0.0441271
3088,0.052488,0.0509508
3089,0.0403203,0.0377181
3090,0.0626927,0.0551267
3091,0.0458628,0.0457214
3092,0.0499666,0.0439278
3093,0.0410538,0.039839
3094,0.047227,0.0444738
3095,0.0322803,0.033974
3096,0.0422336,0.0357722
3097,0.0425206,0.0363152
3098,0.0429534,0.0346759
3099,0.0412556,0.0353467
3100,0.0426889,0.0330781
3101,0.0421922,0.0341107
3102,0.0393322,0.0329155
3103,0.039213,0.0367495
3104,0.0338132,0.0383322
3105,0.0332868,0.0261612
3106,0.0391133,0.0385486
3107,0.0492139,0.0408422
3108,0.049028,0.0387827
3109,0.0414922,0.0332662
3110,0.0411963,0.0355189
3111,0.0401863,0.0435161
3112,0.055591,0.0449597
3113,0.0453492,0.0399237
3114,0.0427676,0.0376082
3115,0.0459356,0.0390514
3116,0.0453624,0.0376295
3117,0.0453624,0.0376295
3118,0.0453624,0.0376295
3119,0.0438249,0.0384317
3120,0.0434962,0.0324931
3121,0.0498072,0.036786
3122,0.0466186,0.0446178
3123,0.0495855,0.04313
3124,0.0345827,0.0344195
3125,0.0451953,0.0310166
3126,0.0479046,0.0430559
3127,0.0410126,0.0348436
3128,0.0438923,0.0364915
3129,0.0462297,0.0429156
3130,0.0395938,0.0439876
3131,0.0534091,0.0413785
3132,0.0485556,0.0430072
3133,0.0544042,0.0522037
3134,0.0544042,0.0522037
3135,0.0475267,0.0442405
3136,0.0477067,0.0422743
3137,0.0458254,0.0419278
3138,0.0483024,0.0439238
3139,0.0415465,0.0369612
3140,0.0415465,0.0369612
3141,0.0517401,0.0465115
3142,0.0454463,0.0416911
3143,0.0459032,0.0441932
3144,0.0518016,0.0449638
3145,0.0493359,0.0494203
3146,0.0527124,0.046916
3147,0.0499462,0.0516585
3148,0.049289,0.0530854
3149,0.0365749,0.0370367
3150,0.0482004,0.0422171
3151,0.0421096,0.0359202
3152,0.0443583,0.0389896
3153,0.0448376,0.0342317
3154,0.0448376,0.0342317
3155,0.0563683,0.0472023
3156,0.0426614,0.0411279
3157,0.0470684,0.039516
3158,0.0507101,0.043639
3159,0.0409228,0.0341186
3160,0.0486885,0.0487844
3161,0.051595,0.0436621
3162,0.0431906,0.0449581
3163,0.0493186,0.0407613
3164,0.0477913,0.0484981
3165,0.051479,0.0462994
3166,0.045357,0.0445338
3167,0.0519395,0.0417844
3168,0.0527937,0.0469166
3169,0.0398426,0.0385317
3170,0.0398426,0.0385317
3171,0.0514167,0.0505141
3172,0.0510384,0.0358333
3173,0.0510384,0.0358333
3174,0.0489007,0.0359963
3175,0.0508981,0.0421678
3176,0.0589601,0.0471209
3177,0.0571103,0.0459891
3178,0.043812,0.0387454
3179,0.0456396,0.0400111
3180,0.0376236,0.0385113
3181,0.0466885,0.0439996
3182,0.0337081,0.0259429
3183,0.0337081,0.0259429
3184,0.0425657,0.0474061
3185,0.0314034,0.0327273
3186,0.0480924,0.0388376
3187,0.0384639,0.0318877
3188,0.0335371,0.036253
3189,0.0470202,0.0443625
3190,0.0470431,0.0360261
3191,0.0462325,0.0407969
3192,0.0453983,0.041811
3193,0.0492704,0.0456761
3194,0.0492704,0.0456761
3195,0.0461755,0.0421664
3196,0.0551829,0.046407
3197,0.0444501,0.0457833
3198,0.0499735,0.0495985
3199,0.041836,0.0340236
3200,0.0556,0.0551603
3201,0.0505759,0.0447597
3202,0.05434,0.0513085
3203,0.0383839,0.0411424
3204,0.0463492,0.036271
3205,0.0495598,0.0509515
3206,0.0401304,0.0397139
3207,0.0495172,0.0444683
3208,0.04925,0.0424638
3209,0.0388845,0.038564
3210,0.045271,0.0461295
3211,0.0417822,0.0459193
3212,0.0506602,0.0500419
3213,0.0436894,0.0498719
3214,0.043561,0.0429694
3215,0.0438238,0.0427971
3216,0.0474674,0.0439096
3217,0.0462097,0.037961
3218,0.0522844,0.0489143
3219,0.0375524,0.0333028
3220,0.050296,0.0421119
3221,0.0365344,0.0311326
3222,0.0459004,0.0446388
3223,0.055752,0.0521648
3224,0.0420597,0.0417321
3225,0.0390674,0.0351739
3226,0.0434698,0.0396393
3227,0.0439118,0.0434869
3228,0.0428949,0.0392466
3229,0.0444911,0.0387787
3230,0.0460481,0.0401281
3231,0.0474419,0.0460303
3232,0.0421263,0.0395747
3233,0.0448073,0.0378639
3234,0.0446011,0.0458314
3235,0.0516354,0.0460709
3236,0.0481277,0.0444511
3237,0.0556612,0.047276
3238,0.0580392,0.0454771
3239,0.053052,0.0365283
3240,0.0369746,0.0339343
3241,0.0452598,0.0377913
3242,0.0384887,0.0359501
3243,0.0384887,0.0359501
3244,0.039685,0.0399286
3245,0.027545,0.0312116
3246,0.0506356,0.045325
3247,0.0420682,0.0405617
3248,0.0455216,0.0364133
3249,0.0399124,0.0355726
3250,0.0443486,0.0418033
3251,0.0436025,0.0367016
3252,0.0433137,0.0423752
3253,0.0392237,0.040327
3254,0.041914,0.0384795
3255,0.0459886,0.0461947
3256,0.0465782,0.0497588
3257,0.0498236,0.0480829
3258,0.0462242,0.0440401
3259,0.0381104,0.04776
3260,0.0532929,0.0438962
3261,0.0468516,0.0401059
3262,0.0468516,0.0401059
3263,0.0468516,0.0401059
3264,0.0478373,0.0405402
3265,0.0449267,0.0421187
3266,0.041601,0.0429702
3267,0.044677,0.0377544
3268,0.0432798,0.0374961
3269,0.0464184,0.0401761
3270,0.0484492,0.0446822
3271,0.0372657,0.0378336
3272,0.0372657,0.0378336
3273,0.0381592,0.0387037
3274,0.0446048,0.0395103
3275,0.0424297,0.0391309
3276,0.0373465,0.0373378
3277,0.0377779,0.0458269
3278,0.0371925,0.0391046
3279,0.0365905,0.0399791
3280,0.0434809,0.0351124
3281,0.044651,0.0463351
3282,0.0453773,0.0469779
3283,0.0390331,0.0410728
3284,0.0476425,0.0441554
3285,0.0445364,0.0440251
3286,0.0489768,0.0398678
3287,0.0457043,0.0396287
3288,0.0485125,0.038784
3289,0.0485125,0.038784
3290,0.037158,0.0392676
3291,0.0463783,0.0382595
3292,0.0423324,0.0351083
3293,0.0408793,0.0354637
3294,0.0542139,0.0456588
3295,0.0447806,0.0437901
3296,0.0396128,0.0445881
3297,0.0396128,0.0445881
3298,0.0396128,0.0445881
3299,0.052422,0.0515706
3300,0.0447001,0.0409025
3301,0.0447854,0.0392354
3302,0.0414029,0.0388158
3303,0.0502722,0.0453486
3304,0.0403315,0.032057
3305,0.0493382,0.0375559
3306,0.0478751,0.0417364
3307,0.0378853,0.0369792
3308,0.0378853,0.0369792
3309,0.0517557,0.039059
3310,0.0517557,0.039059
3311,0.0537976,0.0412121
3312,0.0639936,0.0554686
3313,0.0572966,0.0502455
3314,0.0525841,0.0426358
3315,0.0525841,0.0426358
3316,0.0525841,0.0426358
3317,0.0325898,0.0295392
3318,0.0377426,0.0349102
3319,0.0337771,0.027714
3320,0.0485264,0.0372985
3321,0.0425579,0.0348071
3322,0.0512498,0.0431897
3323,0.0549194,0.0455927
3324,0.040876,0.0416296
3325,0.0434062,0.04008
3326,0.0466401,0.0454055
3327,0.0505599,0.0425328
3328,0.0542655,0.047816
3329,0.0407927,0.0433674
3330,0.0597625,0.0486736
3331,0.0512328,0.0437034
3332,0.05568,0.0486645
3333,0.0599996,0.0512148
3334,0.0462222,0.0360218
3335,0.0562836,0.0499909
3336,0.0562836,0.0499909
3337,0.0451017,0.0409309
3338,0.0423197,0.0422529
3339,0.041,0.0377965
3340,0.042963,0.0371741
3341,0.041725,0.0387651
3342,0.0408595,0.0296779
3343,0.0408595,0.0296779
3344,0.0394999,0.0401002
3345,0.0336609,0.031703
3346,0.0439116,0.0344548
3347,0.033806,0.0328959
3348,0.033806,0.0328959
3349,0.0436816,0.0381507
3350,0.0408462,0.0417783
3351,0.0450175,0.0440905
3352,0.0366861,0.0314922
3353,0.0473089,0.0455992
3354,0.0473089,0.0455992
3355,0.0377159,0.035816
3356,0.0494955,0.0451915
3357,0.0437293,0.0350331
3358,0.0410104,0.03029
3359,0.0399615,0.0337691
3360,0.0353707,0.0314795
3361,0.0375063,0.032164
3362,0.0385053,0.0374088
3363,0.0385053,0.0374088
3364,0.0469363,0.0433098
3365,0.0437468,0.0375799
3366,0.0444948,0.0393907
3367,0.0377333,0.0301585
3368,0.0380155,0.0311148
3369,0.0378877,0.0339762
3370,0.0435111,0.0416836
3371,0.0297377,0.0261766
3372,0.0416855,0.0417377
3373,0.0468115,0.036511
3374,0.0315793,0.0289128
3375,0.0606071,0.0494988
3376,0.0429372,0.0355724
3377,0.0385253,0.039043
3378,0.0414332,0.0337743
3379,0.0390244,0.0337214
3380,0.0390244,0.0337214
3381,0.0327306,0.0280459
3382,0.0459847,0.0433281
3383,0.023955,0.0251195
3384,0.0326705,0.0268998
3385,0.0343306,0.0327897
3386,0.0473605,0.0438028
3387,0.0390127,0.0384323
3388,0.0463898,0.0418347
3389,0.0443478,0.0446222
3390,0.0494102,0.0415733
3391,0.0378485,0.0288965
3392,0.0462252,0.0379662
3393,0.0372269,0.033609
3394,0.0497973,0.0396948
3395,0.0518428,0.0418018
3396,0.042842,0.0350543
3397,0.042842,0.0350543
3398,0.0494029,0.0459222
3399,0.0494029,0.0459222
3400,0.0449014,0.0476644
3401,0.0550282,0.0345809
3402,0.0415488,0.0429311
3403,0.0415488,0.0429311
3404,0.036536,0.033329
3405,0.0391361,0.0301541
3406,0.0488365,0.0400404
3407,0.0442588,0.0437524
3408,0.0397792,0.0362487
3409,0.0416258,0.0410452
3410,0.0549521,0.0513343
3411,0.0361748,0.035098
3412,0.0389782,0.03676
3413,0.0454707,0.0360907
3414,0.0469324,0.0362639
3415,0.042223,0.0317257
3416,0.0450182,0.0401382
3417,0.0282755,0.0307575
3418,0.0342674,0.030097
3419,0.0411794,0.0297106
3420,0.0360704,0.0333439
3421,0.036105,0.0339076
3422,0.0431794,0.0406141
3423,0.0369835,0.027201
3424,0.0369835,0.027201
3425,0.0293728,0.0337127
3426,0.0369212,0.0366621
3427,0.0357586,0.0399823
3428,0.0341083,0.0340172
3429,0.0434045,0.0422094
3430,0.0421092,0.0356844
3431,0.0442767,0.0415316
3432,0.0506431,0.0467373
3433,0.0323305,0.0329394
3434,0.0452909,0.0450057
3435,0.0500447,0.0470173
3436,0.057274,0.0475074
3437,0.0474545,0.0403038
3438,0.0528753,0.0517743
3439,0.0528753,0.0517743
3440,0.0508056,0.0475382
3441,0.0445649,0.0434959
3442,0.0605623,0.0486702
3443,0.0388384,0.0370099
3444,0.0593636,0.034977
3445,0.0469082,0.0384548
3446,0.0469082,0.0384548
3447,0.0502784,0.0423007
3448,0.0403691,0.0334046
3449,0.0537399,0.046906
3450,0.0399415,0.0409778
3451,0.0399415,0.0409778
3452,0.0399073,0.0391965
3453,0.0548162,0.0575202
3454,0.0498845,0.051266
3455,0.056819,0.0474566
3456,0.048511,0.0457781
3457,0.0453339,0.0393108
3458,0.0456175,0.0434813
3459,0.0483684,0.0427505
3460,0.0486178,0.0459437
3461,0.0366548,0.0300066
3462,0.0434679,0.0372648
3463,0.0476591,0.0394825
3464,0.0386609,0.0383258
3465,0.0349393,0.0351061
3466,0.0349393,0.0351061
3467,0.0461616,0.0423881
3468,0.0390072,0.0393368
3469,0.0351199,0.0388563
3470,0.0458532,0.0427211
3471,0.0431739,0.0416977
3472,0.0460503,0.0365318
3473,0.0312986,0.0268471
3474,0.0365291,0.0347689
3475,0.0354374,0.0331281
3476,0.0424146,0.0347961
3477,0.0393936,0.0379671
3478,0.0385404,0.0403721
3479,0.040291,0.0377326
3480,0.0419343,0.0356533
3481,0.0354298,0.0380814
3482,0.043197,0.0422551
3483,0.0451273,0.0451923
3484,0.0464631,0.0416281
3485,0.0464631,0.0416281
3486,0.0464631,0.0416281
3487,0.0473692,0.0473818
3488,0.0488966,0.0492656
3489,0.0498063,0.041481
3490,0.0517642,0.0451454
3491,0.0470461,0.044982
3492,0.0379991,0.0376579
3493,0.0441823,0.0395381
3494,0.0460181,0.0435455
3495,0.0431371,0.0297995
3496,0.042571,0.0380576
3497,0.0388005,0.032819
3498,0.0455947,0.0359089
3499,0.0455947,0.0359089
3500,0.0421186,0.0365507
