t,deltaS
1,-0.8079
2,-0.1046
3,0.1711
4,-0.8694
5,-0.3119
6,0.9085
7,-0.2609
8,0.06016
9,0.06702
10,0.08536
11,1.535
12,-0.229
13,0.03004
14,0.02142
15,0.2589
16,-0.4868
17,0.2023
18,0.55
19,0.5739
20,-0.596
21,0.1497
22,0.8158
23,-1.017
24,-0.9455
25,0.8362
26,0.4373
27,0.0823
28,0.5388
29,0.1125
30,1.041
31,0.7413
32,-0.6704
33,0.6991
34,0.1759
35,1.052
36,0.07587
37,0.2862
38,0.2841
39,-0.8849
40,0.6749
41,0.07535
42,0.3561
43,-0.2172
44,0.1801
45,0.005322
46,0.378
47,0.3305
48,0.1701
49,1.186
50,-0.04858
51,0.07342
52,0.09859
53,0.3375
54,0.1448
55,0.1638
56,-0.7394
57,0.3381
58,-0.8539
59,-0.04395
60,-0.1232
61,0.7997
62,-0.3339
63,0.6616
64,1.048
65,-0.253
66,1.042
67,0.3971
68,0.134
69,-0.0268
70,0.336
71,-0.7826
72,0.8087
73,0.3121
74,-0.7286
75,-0.5503
76,-0.0169
77,-0.009077
78,0.169
79,0.1331
80,0.03139
81,-0.2215
82,0.5755
83,-0.02556
84,-0.08965
85,0.06505
86,-0.1003
87,0.6062
88,1.074
89,-0.07492
90,0.5507
91,0.2075
92,0.09691
93,-0.09727
94,0.1421
95,0.2101
96,0.5342
97,-0.1443
98,0.03942
99,-0.4814
100,0.2572
101,0.5408
102,-0.02873
103,0.783
104,0.6482
105,0.1633
106,0.02402
107,0.2745
108,-0.2677
109,0.8655
110,0.4875
111,0.6919
112,0.978
113,0.2953
114,0.1046
115,0.08662
116,0.261
117,-0.2934
118,-0.1525
119,0.6668
120,-0.02357
121,-0.5399
122,-0.201
123,0.06855
124,0.05813
125,0.315
126,1.038
127,-0.3852
128,-0.02948
129,-0.1278
130,0.3236
131,0.5244
132,-0.08643
133,-0.21
134,-0.1461
135,0.5962
136,0.6661
137,-0.1188
138,-0.1161
139,-0.9117
140,0.02945
141,0.02805
142,0.1049
143,0.1491
144,-0.3665
145,-0.5719
146,0.9623
147,0.4142
148,-0.7945
149,0.1908
150,0.59
151,-0.9475
152,0.4995
153,1.087
154,-0.5322
155,-0.5133
156,0.3504
157,-0.04591
158,0.233
159,0.1287
160,-0.1721
161,-0.2116
162,0.7818
163,-0.01994
164,0.3584
165,0.2409
166,0.1446
167,0.1061
168,-0.2062
169,0.2581
170,-0.3153
171,-0.01099
172,0.596
173,0.4219
174,0.2399
175,0.3166
176,-0.07239
177,-0.6381
178,0.5046
179,-0.5298
180,-0.3028
181,-0.2688
182,0.03042
183,0.736
184,0.8556
185,0.1293
186,0.1443
187,0.209
188,-0.4255
189,0.1888
190,0.2377
191,-0.3867
192,0.123
193,0.1906
194,-0.2075
195,0.1444
196,0.2117
197,0.8472
198,0.18
199,0.0118
200,-0.134
201,-0.3765
202,0.4382
203,0.3811
204,-0.8351
205,-0.4267
206,0.8304
207,-0.5038
208,0.1887
209,0.2714
210,0.1525
211,-0.08855
212,0.07479
213,1.601
214,0.01143
215,1.219
216,0.7563
217,0.6003
218,0.598
219,0.2127
220,0.3699
221,1.025
222,0.6769
223,0.4637
224,-1.315
225,0.7304
226,0.3433
227,-0.07534
228,-0.5899
229,0.8683
230,-0.3978
231,0.9595
232,-0.0871
233,0.05357
234,0.1487
235,0.2075
236,-0.9492
237,-0.4921
238,0.1433
239,0.09357
240,0.5299
241,0.4204
242,0.2315
243,0.1204
244,0.4887
245,0.8389
246,-0.5929
247,0.04868
248,-0.2621
249,0.1611
250,-0.5698
251,1.312
252,-0.3135
253,-0.6732
254,0.01213
255,0.2963
256,0.0367
257,0.7399
258,-0.2519
259,0.6503
260,-0.2774
261,0.09603
262,-0.4746
263,-0.2916
264,-0.4436
265,0.637
266,0.1123
267,0.2729
268,0.5098
269,0.9086
270,-0.1168
271,0.03088
272,0.7236
273,0.6177
274,0.255
275,0.1026
276,0.4298
277,-0.21
278,0.01656
279,0.7133
280,0.2175
281,-0.3946
282,0.3165
283,-0.5304
284,0.7745
285,0.2986
286,0.9833
287,-0.05745
288,0.6924
289,-0.3443
290,-0.3396
291,0.8472
292,-0.439
293,0.2611
294,0.03672
295,0.3709
296,-0.2145
297,0.5997
298,-0.5875
299,-0.05988
300,-0.07019
301,0.3053
302,-0.6396
303,0.2049
304,0.6605
305,-0.01676
306,-0.5211
307,0.7813
308,0.2836
309,0.4299
310,-0.0918
311,0.2936
312,0.6592
313,-0.7178
314,-0.6096
315,-0.3017
316,-0.02016
317,0.2728
318,-0.06004
319,0.2909
320,0.3918
321,-0.2455
322,-0.1031
323,-0.1781
324,0.7456
325,-0.0817
326,0.6607
327,-0.0984
328,0.6229
329,-0.4505
330,-0.809
331,0.5149
332,-0.407
333,0.09795
334,-0.3256
335,-0.097
336,-0.03176
337,0.774
338,-0.05636
339,-1.221
340,0.2762
341,-0.2637
342,0.3859
343,0.3898
344,0.1532
345,0.4312
346,-0.78
347,-0.5387
348,0.3586
349,0.6235
350,0.1829
351,-0.5043
352,0.3293
353,1.127
354,0.5777
355,0.4855
356,-0.2192
357,0.325
358,0.4907
359,0.2328
360,-0.6286
361,-0.06932
362,-1.031
363,-0.8884
364,-0.5141
365,-0.07186
366,0.2837
367,-0.215
368,0.8899
369,0.6648
370,-0.5604
371,0.6801
372,1.053
373,1.021
374,0.5354
375,-0.1657
376,0.8543
377,0.1144
378,-0.2481
379,0.3454
380,0.456
381,0.644
382,-0.08634
383,0.2315
384,-0.5153
385,-0.9773
386,0.6476
387,-0.07263
388,-0.3336
389,-0.241
390,-0.1485
391,-0.6583
392,0.4362
393,0.7025
394,-0.4144
395,-0.6828
396,0.4513
397,0.3018
398,0.8109
399,0.805
400,-1.048
401,0.5323
402,-0.1717
403,-0.09548
404,0.4095
405,0.2552
406,0.441
407,0.517
408,0.3425
409,-0.324
410,0.5266
411,0.2043
412,-0.01401
413,1.247
414,0.9845
415,0.696
416,-0.3585
417,0.7097
418,-0.222
419,-0.9399
420,-0.1943
421,-0.504
422,0.2823
423,-0.2413
424,0.483
425,-0.7491
426,0.0862
427,-0.9177
428,0.596
429,1.024
430,-0.9163
431,-0.142
432,0.5304
433,-0.08621
434,0.8453
435,-0.5216
436,0.3493
437,-0.03245
438,0.3669
439,-0.02305
440,0.145
441,0.5028
442,-0.2261
443,0.01543
444,-0.3813
445,0.5056
446,-0.0008511
447,-0.16
448,-0.467
449,0.99
450,-0.3943
451,0.1556
452,0.8176
453,0.05632
454,0.2237
455,0.02353
456,0.7335
457,0.3399
458,-0.3719
459,-0.1559
460,-0.923
461,0.02824
462,0.1449
463,-0.06852
464,0.5429
465,0.5718
466,0.5649
467,-0.3144
468,-0.01285
469,0.1978
470,1.157
471,0.2392
472,0.3383
473,0.4057
474,-0.0391
475,0.08586
476,0.522
477,0.3894
478,-0.1634
479,-1.082
480,-0.446
481,0.04106
482,-0.03508
483,-0.01467
484,0.334
485,-0.5268
486,0.9463
487,0.9835
488,-0.0486
489,-0.1135
490,0.2332
491,0.5912
492,0.3187
493,-0.07172
494,0.1441
495,-0.265
496,0.8014
497,-0.5092
498,0.2076
499,-0.2796
500,-0.5334
501,1.148
502,0.4731
503,0.1785
504,0.7545
505,0.8263
506,-0.6426
507,-0.5668
508,0.1807
509,0.8803
510,0.5293
511,-0.5321
512,-0.2674
513,0.03583
514,0.456
515,0.2055
516,0.6035
517,0.2105
518,0.475
519,0.2969
520,-0.365
521,0.2525
522,-0.1438
523,-0.1869
524,0.2843
525,-0.2377
526,0.09761
527,-0.1036
528,-0.5831
529,-1.375
530,0.728
531,0.579
532,0.1649
533,0.6431
534,0.4553
535,-0.016
536,-0.005514
537,-0.3353
538,-0.2676
539,1.3
540,-0.447
541,0.6516
542,0.3109
543,0.3597
544,-0.3497
545,-0.4148
546,0.7836
547,0.8431
548,-0.09561
549,0.1337
550,-0.3988
551,-0.04022
552,-0.3775
553,0.5621
554,0.5969
555,0.3649
556,0.2324
557,0.5378
558,-0.5342
559,-0.08359
560,0.6906
561,0.2697
562,0.1536
563,-0.5096
564,0.3457
565,0.5275
566,-0.2831
567,-0.2877
568,-0.3871
569,0.1964
570,0.08096
571,0.02829
572,-0.9413
573,0.565
574,0.9085
575,-0.3858
576,-0.01354
577,0.3809
578,-0.6192
579,0.3862
580,0.07391
581,-0.2689
582,-0.1707
583,-0.456
584,0.8933
585,-0.02944
586,0.2016
587,0.3451
588,0.3741
589,-0.01767
590,-0.426
591,-0.4671
592,0.2109
593,-0.5518
594,0.3506
595,-0.1509
596,-0.3416
597,0.1394
598,0.1934
599,-1.109
600,-0.03389
601,0.03034
602,-0.3147
603,-0.197
604,0.01871
605,0.2901
606,-0.2573
607,-0.1805
608,0.2614
609,-0.5425
610,0.6887
611,-0.0378
612,0.8715
613,-0.4397
614,-0.297
615,0.3393
616,-1.078
617,0.4322
618,-0.07316
619,-0.5787
620,-0.5142
621,-0.592
622,0.6697
623,1.205
624,0.3244
625,-0.1508
626,0.2487
627,0.6788
628,0.3891
629,1.463
630,-0.1163
631,-0.2891
632,0.9421
633,1.172
634,0.7463
635,-0.5754
636,-0.001111
637,-0.4987
638,1.066
639,0.2983
640,-0.04168
641,-0.2266
642,-0.2215
643,0.6788
644,0.1581
645,0.108
646,-0.8857
647,-0.3465
648,-0.4738
649,-0.3936
650,-0.2992
651,1.492
652,0.5479
653,-0.1438
654,0.4888
655,0.176
656,-0.154
657,1.222
658,-0.1497
659,0.5496
660,1.007
661,0.6209
662,0.6639
663,0.404
664,0.8885
665,0.7783
666,0.8032
667,0.4266
668,0.1484
669,0.8007
670,0.9204
671,-0.4506
672,0.9651
673,-0.3322
674,0.6432
675,-0.3716
676,0.3821
677,0.08816
678,-0.03535
679,0.4028
680,0.1978
681,-0.2467
682,0.1529
683,1.058
684,-0.4641
685,-0.5892
686,0.2366
687,0.5118
688,0.6021
689,0.3816
690,-0.009142
691,-0.1036
692,-0.5868
693,-0.4174
694,1.112
695,-0.2769
696,0.5784
697,0.1007
698,-0.2335
699,-0.3049
700,0.5412
701,-0.4219
702,1.033
703,-0.1883
704,-0.05582
705,0.3082
706,-0.4597
707,0.4246
708,-0.5822
709,-0.3447
710,-0.3619
711,0.4903
712,-0.8158
713,0.4358
714,-0.1212
715,0.07448
716,0.3458
717,0.6625
718,-0.4898
719,0.719
720,-0.06409
721,0.09665
722,0.2917
723,-0.08972
724,-0.03267
725,0.02501
726,-0.6264
727,0.6865
728,-0.009377
729,0.2679
730,0.3862
731,-0.3424
732,-0.06718
733,-0.7825
734,0.09729
735,0.3964
736,0.7128
737,0.1591
738,0.09883
739,-0.3686
740,-0.5003
741,-0.2731
742,0.5923
743,0.7859
744,0.7618
745,-0.5103
746,-0.5847
747,-0.2642
748,0.3853
749,-0.4154
750,0.6327
751,0.4059
752,0.8995
753,1.112
754,-0.8013
755,0.506
756,0.01522
757,0.09616
758,0.02756
759,-1.172
760,0.8541
761,-0.3903
762,-0.7699
763,1.264
764,-0.925
765,-0.02414
766,0.3337
767,0.5394
768,-0.1471
769,0.7634
770,0.383
771,-0.3818
772,-0.2832
773,-0.5975
774,0.3919
775,0.1143
776,0.4216
777,-0.1887
778,-0.2813
779,0.5306
780,0.2115
781,-0.2789
782,0.339
783,0.4531
784,0.2065
785,0.1511
786,-0.4955
787,0.2604
788,0.3571
789,0.9417
790,0.3239
791,-0.09785
792,-0.3566
793,0.3277
794,0.1061
795,0.0472
796,0.1907
797,-0.1182
798,-0.5276
799,-0.1193
800,0.4978
801,-0.5352
802,0.1997
803,0.1395
804,-0.2331
805,0.1546
806,0.2338
807,0.4075
808,-0.6998
809,-0.2771
810,-0.7224
811,0.7498
812,-0.5087
813,0.316
814,0.1644
815,0.4053
816,0.6482
817,-0.04518
818,0.398
819,-0.9329
820,-0.2512
821,-0.1111
822,-0.6431
823,-0.5014
824,0.05754
825,-0.2039
826,0.5658
827,-0.3132
828,0.1413
829,0.3259
830,-0.03149
831,-0.1722
832,0.1392
833,0.2004
834,0.4601
835,1.264
836,-0.5638
837,-0.01304
838,-0.4472
839,0.447
840,0.7274
841,0.0665
842,0.09087
843,-0.4903
844,0.5379
845,0.3726
846,-0.8327
847,-0.1174
848,0.5485
849,0.2565
850,-0.1035
851,-0.4044
852,0.8073
853,-0.5066
854,0.0373
855,1.122
856,-0.05571
857,0.0002859
858,-0.4811
859,-0.6633
860,-0.3649
861,0.007859
862,0.627
863,0.1167
864,-0.3854
865,0.6488
866,1.72
867,1.008
868,0.7688
869,-0.4605
870,0.1599
871,-0.4757
872,-0.09361
873,0.2085
874,-1.125
875,-0.1679
876,-0.4172
877,0.8146
878,0.9615
879,0.4246
880,0.4702
881,0.3369
882,0.07821
883,0.3045
884,0.3806
885,-0.522
886,-0.1357
887,0.02591
888,-0.4523
889,0.4001
890,0.1405
891,0.56
892,0.486
893,-0.6101
894,-0.02712
895,0.4884
896,1.223
897,1.839
898,0.001994
899,0.5675
900,0.1279
901,0.07865
902,-0.4454
903,0.5084
904,0.04295
905,-0.132
906,-0.8146
907,0.08233
908,0.1539
909,-0.06862
910,-0.07255
911,0.7797
912,0.03406
913,0.2507
914,0.1514
915,-0.8746
916,0.2387
917,0.465
918,0.429
919,-0.1461
920,0.7073
921,1.427
922,0.0892
923,0.6834
924,-0.4853
925,0.0973
926,-0.332
927,0.2171
928,0.3026
929,-0.1092
930,0.3013
931,0.2189
932,0.2473
933,0.2405
934,-0.6301
935,0.3351
936,-0.3786
937,0.6384
938,0.5144
939,-1.124
940,-0.5343
941,0.4108
942,-0.18
943,0.004877
944,-0.448
945,-0.1283
946,-0.3225
947,0.2788
948,0.7026
949,0.05859
950,0.6311
951,-0.1696
952,-0.3718
953,0.003205
954,-0.2146
955,1.474
956,-0.104
957,0.3107
958,0.6188
959,-0.07504
960,0.5727
961,0.1235
962,-0.3389
963,-0.1802
964,-0.1094
965,-0.4558
966,0.3225
967,-0.4329
968,0.3998
969,0.7857
970,-0.2641
971,0.2659
972,0.1028
973,0.2704
974,-0.2243
975,0.3547
976,0.2671
977,-0.4929
978,-0.044
979,0.7117
980,1.084
981,-0.03027
982,-0.000614
983,0.8553
984,0.09535
985,0.4533
986,-0.3342
987,0.04212
988,0.5674
989,0.1981
990,-0.00352
991,-0.4431
992,-0.615
993,-0.1155
994,0.2668
995,0.5723
996,0.3199
997,1.499
998,0.03052
999,0.03743
1000,-0.5165
1001,0.09184
1002,-0.5274
1003,-0.4356
1004,0.7497
1005,-0.4068
1006,0.4344
1007,-0.08899
1008,0.3759
1009,0.08921
1010,-0.2225
1011,-0.4866
1012,0.399
1013,-0.3775
1014,0.6562
1015,0.2705
1016,-0.08037
1017,0.3346
1018,0.8207
1019,0.4322
1020,1.159
1021,0.1246
1022,0.2397
1023,0.01375
1024,0.2351
1025,0.7313
1026,-0.5934
1027,0.6808
1028,-0.2548
1029,-0.8604
1030,0.2506
1031,0.6178
1032,-0.7568
1033,0.07674
1034,0.2172
1035,0.1628
1036,0.001084
1037,0.667
1038,-0.3945
1039,0.6787
1040,1.15
1041,0.6665
1042,0.1781
1043,0.4364
1044,-0.6772
1045,-0.6097
1046,-0.3375
1047,0.2539
1048,-0.1075
1049,0.2411
1050,0.522
1051,-0.2244
1052,-0.2477
1053,-0.2363
1054,-0.09781
1055,0.4101
1056,0.5213
1057,0.2458
1058,0.4299
1059,0.2922
1060,-0.1903
1061,1.135
1062,1.343
1063,-0.4511
1064,-0.05589
1065,-0.3244
1066,0.1742
1067,0.1687
1068,-0.5595
1069,-0.2998
1070,-0.403
1071,0.3406
1072,-0.06946
1073,-0.1253
1074,0.1023
1075,0.414
1076,0.041
1077,-0.4583
1078,0.3513
1079,0.3505
1080,-0.1891
1081,0.6622
1082,0.7507
1083,0.2274
1084,0.446
1085,0.02072
1086,-0.5517
1087,0.475
1088,0.2128
1089,0.09995
1090,-0.3409
1091,-0.03332
1092,0.2953
1093,0.689
1094,-0.04112
1095,0.1166
1096,0.8226
1097,0.5522
1098,0.0874
1099,-0.4254
1100,-0.1641
1101,-0.1913
1102,0.1903
1103,1.095
1104,0.7131
1105,-0.2308
1106,0.3232
1107,-0.7706
1108,-0.3355
1109,0.2246
1110,0.9006
1111,-0.06788
1112,0.584
1113,0.6504
1114,0.03356
1115,-0.5737
1116,0.4855
1117,-0.3432
1118,-0.5955
1119,0.03955
1120,0.4695
1121,-1.113
1122,-0.2258
1123,-0.2678
1124,0.6107
1125,-0.4223
1126,-0.8192
1127,-1.151
1128,0.7907
1129,0.4253
1130,1.089
1131,0.03204
1132,-0.8781
1133,-0.1935
1134,-0.009004
1135,-0.1167
1136,0.3999
1137,0.2283
1138,-0.2124
1139,0.4584
1140,0.2493
1141,0.2275
1142,0.5112
1143,-0.416
1144,0.7162
1145,0.05326
1146,0.1877
1147,0.07973
1148,-0.07075
1149,-0.7341
1150,-1.339
1151,0.1859
1152,0.2311
1153,-0.03871
1154,0.1157
1155,0.06959
1156,-0.3762
1157,0.005926
1158,0.06225
1159,-0.3945
1160,0.3295
1161,-0.5566
1162,-0.4065
1163,0.09722
1164,0.5126
1165,-0.09502
1166,0.2228
1167,0.2702
1168,-0.1576
1169,0.5936
1170,0.03562
1171,0.6876
1172,-0.4011
1173,0.2061
1174,-0.112
1175,0.2301
1176,-0.2996
1177,0.002109
1178,0.7629
1179,-0.1751
1180,0.07145
1181,-0.4416
1182,0.327
1183,0.6821
1184,0.6315
1185,0.1929
1186,-0.2882
1187,0.2012
1188,-0.1273
1189,-0.3783
1190,1.251
1191,-0.1637
1192,0.399
1193,-0.2547
1194,0.6656
1195,0.181
1196,0.719
1197,0.3067
1198,0.3886
1199,-0.1996
1200,0.24
1201,-0.5278
1202,0.2652
1203,-0.3128
1204,0.3824
1205,0.1016
1206,0.03981
1207,-0.7227
1208,-0.7567
1209,0.9428
1210,-0.07356
1211,-0.4476
1212,-0.178
1213,-0.2252
1214,-0.438
1215,0.4859
1216,0.4176
1217,0.6211
1218,-0.7123
1219,0.1508
1220,0.3824
1221,-0.1454
1222,0.141
1223,0.07439
1224,1.1
1225,0.3935
1226,-0.3734
1227,-0.2379
1228,1.139
1229,0.3539
1230,0.5395
1231,0.06651
1232,0.514
1233,0.4101
1234,-0.3813
1235,0.3399
1236,-0.5529
1237,-0.2975
1238,0.1463
1239,0.01881
1240,0.7833
1241,-0.2507
1242,1.15
1243,0.1452
1244,-0.6027
1245,-0.03511
1246,0.1849
1247,0.6192
1248,-0.1656
1249,-0.162
1250,-0.6825
1251,0.2997
1252,-0.01178
1253,0.1251
1254,-0.2525
1255,-0.5629
1256,-0.1754
1257,0.4287
1258,-0.2441
1259,0.3628
1260,0.1729
1261,0.1158
1262,0.6026
1263,-0.3558
1264,0.4157
1265,-0.7702
1266,-0.4248
1267,-0.07734
1268,0.1657
1269,-0.03504
1270,0.5768
1271,-0.201
1272,0.5564
1273,-0.3526
1274,0.1264
1275,0.192
1276,-0.9649
1277,0.528
1278,0.3292
1279,-0.2083
1280,0.01161
1281,0.06995
1282,0.1635
1283,-1.688
1284,0.1419
1285,0.4256
1286,0.5536
1287,0.3974
1288,0.03414
1289,0.2975
1290,0.02394
1291,-0.4585
1292,-0.2843
1293,-0.1144
1294,0.0389
1295,-0.3235
1296,-0.1033
1297,0.6356
1298,0.005929
1299,0.316
1300,-0.8669
1301,0.2375
1302,0.5271
1303,0.8147
1304,-0.545
1305,-0.1001
1306,0.1678
1307,0.6414
1308,-0.1765
1309,-0.7669
1310,0.8099
1311,0.4199
1312,0.4924
1313,0.166
1314,0.09385
1315,-0.275
1316,0.64
1317,0.3556
1318,0.6158
1319,-0.3632
1320,0.3468
1321,0.251
1322,-0.2171
1323,0.5139
1324,-0.07554
1325,-0.1819
1326,0.1134
1327,-0.4516
1328,-0.02049
1329,0.0561
1330,-0.1298
1331,0.4836
1332,0.2937
1333,0.5279
1334,0.3116
1335,-0.1952
1336,-0.3714
1337,-0.1676
1338,0.4971
1339,-0.5675
1340,1.113
1341,-0.489
1342,-0.01773
1343,0.5409
1344,-0.6174
1345,0.4979
1346,-0.3413
1347,-0.1616
1348,-0.171
1349,-0.1366
1350,0.2753
1351,0.03945
1352,0.2363
1353,0.09078
1354,-0.6885
1355,0.4276
1356,0.6148
1357,0.01487
1358,0.1915
1359,0.2157
1360,0.7948
1361,0.09824
1362,0.5836
1363,0.06836
1364,0.04638
1365,0.3799
1366,-0.1053
1367,0.3201
1368,-0.3885
1369,-1.151
1370,0.1651
1371,-0.6434
1372,0.06093
1373,-0.398
1374,-0.4326
1375,0.7527
1376,1.199
1377,-0.4557
1378,0.005733
1379,-0.6084
1380,0.9759
1381,0.1037
1382,-0.3714
1383,0.5589
1384,-0.0502
1385,1.61
1386,0.01225
1387,0.2808
1388,0.2791
1389,0.3776
1390,-0.08779
1391,0.4592
1392,-1.001
1393,0.147
1394,-0.7087
1395,-0.41
1396,-0.6329
1397,-0.0339
1398,-0.6127
1399,0.3339
1400,-0.0789
1401,-0.03492
1402,0.1283
1403,-0.02457
1404,-0.04168
1405,-0.3604
1406,0.286
1407,1.356
1408,-0.5194
1409,-1.275
1410,0.1294
1411,0.2097
1412,0.8023
1413,0.768
1414,0.9078
1415,-0.01193
1416,-0.3633
1417,-0.2034
1418,0.3012
1419,-0.09647
1420,-0.9447
1421,-0.04779
1422,0.8671
1423,0.004663
1424,-0.5523
1425,-0.2612
1426,-0.2376
1427,0.641
1428,0.369
1429,0.5269
1430,1.94
1431,0.2167
1432,0.1
1433,-0.01647
1434,-0.09857
1435,0.3326
1436,-1.177
1437,-0.03532
1438,-0.2666
1439,0.4902
1440,-0.7671
1441,-0.6056
1442,0.04047
1443,0.9139
1444,0.2753
1445,0.5659
1446,-0.4213
1447,1.074
1448,0.1208
1449,0.2764
1450,-0.161
1451,0.7808
1452,0.3422
1453,0.3787
1454,-0.6336
1455,-0.3677
1456,0.1506
1457,-0.456
1458,1.13
1459,-0.1844
1460,0.3272
1461,0.4548
1462,-0.5601
1463,1.309
1464,0.6101
1465,0.6546
1466,0.4525
1467,0.2626
1468,0.6592
1469,0.3495
1470,-0.01719
1471,-0.09084
1472,0.3169
1473,1.203
1474,0.04761
1475,-0.2108
1476,0.07532
1477,0.5516
1478,1.222
1479,0.1326
1480,0.4776
1481,0.6007
1482,0.5767
1483,-0.6442
1484,-0.01101
1485,0.4814
1486,-0.5683
1487,0.4519
1488,-0.3798
1489,-0.01505
1490,-0.5415
1491,-0.3174
1492,-0.1512
1493,0.7975
1494,1.151
1495,-0.1987
1496,0.02992
1497,0.533
1498,-0.4866
1499,-0.06141
1500,0.9808
1501,0.1058
1502,-0.4231
1503,-0.01315
1504,0.9915
1505,-0.3704
1506,-0.3142
1507,1.013
1508,0.1227
1509,-0.06744
1510,0.2097
1511,0.4123
1512,0.08551
1513,-0.006669
1514,-0.5293
1515,-0.1045
1516,0.2892
1517,0.1269
1518,-0.2278
1519,0.09026
1520,0.3155
1521,0.4801
1522,-0.08041
1523,0.3919
1524,0.857
1525,-0.1535
1526,0.05814
1527,0.432
1528,0.006849
1529,-0.7614
1530,-0.2486
1531,0.2694
1532,0.2534
1533,-0.05452
1534,-1.086
1535,0.3274
1536,-0.7154
1537,0.4836
1538,0.1394
1539,0.3547
1540,-0.2834
1541,-0.284
1542,-0.2346
1543,0.2209
1544,-0.5515
1545,-0.1748
1546,-0.1155
1547,0.3141
1548,0.725
1549,0.9663
1550,0.5664
1551,-0.1629
1552,-0.3152
1553,0.1157
1554,0.07331
1555,-0.6437
1556,-0.09641
1557,-0.1736
1558,0.6507
1559,-0.2254
1560,-0.571
1561,-0.2236
1562,-0.1262
1563,-0.02944
1564,-0.2541
1565,0.3599
1566,-0.1892
1567,0.6816
1568,0.73
1569,0.4305
1570,-0.2053
1571,0.2214
1572,-0.7193
1573,0.748
1574,0.1557
1575,0.9157
1576,-1.25
1577,-0.232
1578,0.6644
1579,0.07084
1580,0.1587
1581,0.1974
1582,0.09248
1583,-0.9655
1584,0.5344
1585,-0.4773
1586,-0.4335
1587,0.9069
1588,-0.09307
1589,-0.01238
1590,-0.8591
1591,0.8524
1592,-0.1057
1593,0.8379
1594,0.4991
1595,-0.2455
1596,0.7838
1597,0.4644
1598,0.2569
1599,1.203
1600,-0.4206
1601,0.1805
1602,0.1399
1603,0.9993
1604,0.4829
1605,0.09494
1606,-0.4543
1607,0.1042
1608,0.1411
1609,0.1131
1610,0.5911
1611,0.02424
1612,0.1239
1613,0.5633
1614,0.9204
1615,0.4609
1616,-0.4446
1617,0.3623
1618,0.3448
1619,-0.4065
1620,-0.04039
1621,0.1487
1622,-0.4857
1623,-0.4556
1624,0.183
1625,-0.8069
1626,-0.2603
1627,9.528e-05
1628,-0.2972
1629,-0.1584
1630,0.2743
1631,0.03171
1632,0.1051
1633,0.2915
1634,0.2124
1635,0.1108
1636,0.01163
1637,-0.01831
1638,0.06257
1639,0.3275
1640,0.2779
1641,0.5572
1642,-0.2101
1643,-0.1028
1644,-0.9457
1645,-0.3352
1646,0.6327
1647,-0.4604
1648,0.699
1649,-0.01065
1650,-0.3888
1651,-0.3388
1652,0.6242
1653,0.255
1654,0.122
1655,0.3354
1656,-0.6829
1657,-0.005854
1658,0.01428
1659,0.7905
1660,0.3852
1661,0.4379
1662,-0.2937
1663,-0.8814
1664,0.169
1665,-0.3938
1666,0.9841
1667,0.1668
1668,0.5256
1669,-0.07979
1670,0.7637
1671,0.3764
1672,0.2382
1673,0.2515
1674,0.5334
1675,0.148
1676,-0.5646
1677,0.2393
1678,0.1829
1679,-0.0163
1680,-0.008407
1681,0.4792
1682,0.4651
1683,-0.0003677
1684,0.7843
1685,0.0977
1686,-0.2061
1687,0.4792
1688,0.7065
1689,0.1276
1690,-0.1426
1691,0.2543
1692,-0.3555
1693,0.09261
1694,0.6784
1695,-0.4935
1696,-0.07493
1697,0.6367
1698,-0.2672
1699,-0.5758
1700,-0.1825
1701,0.6132
1702,1.318
1703,0.3761
1704,0.4027
1705,0.1644
1706,-0.001322
1707,0.03424
1708,0.4608
1709,0.4183
1710,0.1126
1711,0.09453
1712,0.3298
1713,-0.2927
1714,0.6027
1715,-0.423
1716,0.2887
1717,0.3587
1718,1.152
1719,-0.8203
1720,0.3041
1721,0.1659
1722,-0.444
1723,-0.5674
1724,-0.2164
1725,0.05771
1726,0.2923
1727,0.1576
1728,-0.7035
1729,0.4298
1730,0.8128
1731,0.7707
1732,-0.4605
1733,0.6844
1734,0.6854
1735,0.08964
1736,0.3882
1737,0.4273
1738,0.2568
1739,0.4493
1740,0.4323
1741,0.4426
1742,-0.1484
1743,0.5632
1744,0.3517
1745,0.1793
1746,1.306
1747,0.07964
1748,0.1123
1749,-0.8691
1750,0.5564
1751,0.4307
1752,0.0991
1753,-0.4708
1754,-0.04935
1755,-0.1548
1756,0.3294
1757,1.06
1758,-0.1624
1759,-0.5079
1760,0.5334
1761,0.4486
1762,0.07777
1763,-1.453
1764,-0.5034
1765,-0.02834
1766,0.2113
1767,0.8602
1768,0.4405
1769,0.5347
1770,-0.7977
1771,0.2589
1772,1.207
1773,0.2772
1774,-0.7211
1775,-1.123
1776,0.06549
1777,-0.6677
1778,-0.1953
1779,-0.7293
1780,0.03109
1781,0.6812
1782,0.7698
1783,-0.347
1784,0.4505
1785,0.2391
1786,0.651
1787,1.341
1788,0.1254
1789,-0.3256
1790,0.6191
1791,0.619
1792,-0.2426
1793,0.009785
1794,-0.3902
1795,0.02588
1796,-0.2371
1797,-0.2298
1798,-0.2281
1799,0.5462
1800,-0.2565
1801,0.5363
1802,-0.7646
1803,0.8462
1804,0.9951
1805,-0.0407
1806,0.01803
1807,0.5091
1808,0.2882
1809,0.2384
1810,-0.5401
1811,-0.03956
1812,0.09442
1813,-0.2826
1814,-0.08999
1815,0.08563
1816,-0.2871
1817,-0.2929
1818,0.6236
1819,-0.3596
1820,-0.229
1821,0.7862
1822,0.9403
1823,-0.5453
1824,-0.5736
1825,0.4495
1826,0.3545
1827,-0.6209
1828,1.092
1829,0.251
1830,0.2646
1831,-0.05289
1832,0.07717
1833,-0.5279
1834,-1.59
1835,0.2823
1836,0.3354
1837,0.5533
1838,0.593
1839,0.2422
1840,0.2312
1841,0.1174
1842,0.1343
1843,-0.2768
1844,0.4356
1845,-1.225
1846,0.3261
1847,0.1544
1848,-0.6897
1849,0.4485
1850,-0.4334
1851,1.347
1852,-0.4712
1853,-0.7828
1854,0.02244
1855,-0.4131
1856,0.06831
1857,0.08262
1858,-0.3749
1859,0.811
1860,0.3779
1861,-0.8547
1862,-0.05611
1863,-0.4499
1864,0.6503
1865,-0.2894
1866,0.3799
1867,0.8993
1868,-0.2054
1869,0.06581
1870,0.454
1871,0.2069
1872,0.325
1873,0.2854
1874,0.1285
1875,-0.4891
1876,-0.1617
1877,0.2526
1878,-0.008808
1879,0.1709
1880,0.06668
1881,1.029
1882,-0.4567
1883,-0.08523
1884,0.02404
1885,-0.1439
1886,-0.3267
1887,0.1542
1888,-1.13
1889,0.4854
1890,-0.7161
1891,0.224
1892,0.1675
1893,0.8126
1894,-0.4766
1895,0.2264
1896,-1.332
1897,0.3585
1898,-0.04021
1899,-0.4347
1900,0.6308
1901,0.1076
1902,-0.1306
1903,-0.009081
1904,-0.15
1905,1.419
1906,0.704
1907,0.8307
1908,-0.3464
1909,0.2284
1910,0.2627
1911,0.2645
1912,-0.5088
1913,-0.8415
1914,-0.1913
1915,0.3935
1916,-8.24e-06
1917,1.118
1918,0.02416
1919,-0.3976
1920,0.5455
1921,-0.818
1922,0.5258
1923,0.1824
1924,0.7396
1925,0.5832
1926,-0.09321
1927,-0.4939
1928,-0.3596
1929,-0.6543
1930,0.32
1931,-0.09513
1932,1.528
1933,-0.1602
1934,0.6518
1935,-0.8404
1936,-0.2384
1937,1.198
1938,-0.29
1939,0.01609
1940,-0.6069
1941,-1.339
1942,-0.1967
1943,0.4639
1944,0.5985
1945,0.02206
1946,0.3971
1947,0.02206
1948,0.1885
1949,0.09803
1950,0.3666
1951,-0.7158
1952,-0.4653
1953,0.433
1954,0.1243
1955,-0.2934
1956,-0.6549
1957,0.4084
1958,1.362
1959,0.2451
1960,0.1442
1961,0.4463
1962,1.376
1963,0.01488
1964,1.035
1965,0.5378
1966,0.2142
1967,-0.1913
1968,-0.1184
1969,0.6158
1970,-0.5506
1971,-1.095
1972,0.5072
1973,0.5531
1974,-0.2696
1975,0.2188
1976,0.3735
1977,0.1744
1978,1.386
1979,0.6412
1980,-0.1291
1981,0.6202
1982,-0.5146
1983,-0.1606
1984,0.5406
1985,0.06481
1986,0.09142
1987,0.1821
1988,-0.1023
1989,-0.572
1990,0.6673
1991,-0.3552
1992,0.5212
1993,0.8362
1994,0.02358
1995,-0.6023
1996,-0.1218
1997,-0.07139
1998,0.00749
1999,-0.7861
2000,0.247
2001,0.5807
2002,0.8743
2003,0.3365
2004,0.1546
2005,0.2676
2006,0.891
2007,0.618
2008,0.1604
2009,-0.2948
2010,0.4496
2011,-0.0323
2012,0.1387
2013,0.0872
2014,0.1986
2015,0.08229
2016,0.1588
2017,-0.5353
2018,0.4776
2019,-0.3824
2020,-0.094
2021,-0.166
2022,-0.4531
2023,0.05432
2024,0.281
2025,0.451
2026,1.393
2027,-0.67
2028,0.1301
2029,-0.7007
2030,0.4743
2031,0.03056
2032,0.0535
2033,-0.6815
2034,0.2327
2035,0.0551
2036,0.2642
2037,0.2817
2038,0.4657
2039,0.7857
2040,-0.2207
2041,0.5352
2042,-0.2667
2043,0.4883
2044,0.5478
2045,-0.1272
2046,0.3295
2047,0.3221
2048,0.03206
2049,0.327
2050,-0.07945
2051,0.3425
2052,0.908
2053,0.5953
2054,-0.6654
2055,-0.4136
2056,0.4637
2057,0.04574
2058,0.3046
2059,-0.6392
2060,0.5239
2061,-0.1499
2062,1.063
2063,0.6979
2064,0.5329
2065,-0.07081
2066,0.5215
2067,0.2605
2068,1.033
2069,-0.2305
2070,0.05758
2071,0.159
2072,0.9012
2073,-0.04634
2074,0.1001
2075,0.1358
2076,-0.06031
2077,-0.3862
2078,-0.9138
2079,-0.1687
2080,0.2581
2081,0.1947
2082,0.2202
2083,-0.6278
2084,0.1665
2085,1.339
2086,-0.6753
2087,0.2802
2088,0.3889
2089,1.251
2090,0.3013
2091,0.2678
2092,1.156
2093,0.4102
2094,0.306
2095,0.6739
2096,-0.2049
2097,0.5252
2098,-0.5555
2099,0.3434
2100,-0.2698
2101,0.2048
2102,-0.4803
2103,-0.5584
2104,1.005
2105,-0.6152
2106,-0.01982
2107,-0.422
2108,0.1117
2109,0.3215
2110,0.2433
2111,1.628
2112,0.2143
2113,0.9299
2114,0.4267
2115,-0.08078
2116,-0.1707
2117,-0.1174
2118,0.136
2119,0.8046
2120,-0.7593
2121,0.6944
2122,-0.1585
2123,0.7917
2124,0.6988
2125,0.5725
2126,0.6195
2127,0.2052
2128,-0.2549
2129,0.4762
2130,1.187
2131,0.5797
2132,0.2013
2133,-0.2289
2134,-0.361
2135,-0.5943
2136,0.4786
2137,0.5058
2138,0.5474
2139,0.5743
2140,0.2588
2141,-0.1854
2142,-0.698
2143,0.1016
2144,0.1588
2145,-0.3399
2146,0.5857
2147,0.4966
2148,0.9297
2149,0.3426
2150,0.01821
2151,0.6306
2152,0.6245
2153,-0.3707
2154,0.01428
2155,0.3114
2156,-0.1939
2157,0.1188
2158,0.6389
2159,0.3579
2160,0.1368
2161,0.2011
2162,0.1739
2163,0.7306
2164,0.2074
2165,0.598
2166,-0.2451
2167,-0.4403
2168,-0.4017
2169,1.061
2170,-0.3649
2171,0.0592
2172,0.5567
2173,0.05344
2174,0.5382
2175,-0.2448
2176,-0.05943
2177,-0.6638
2178,-0.1231
2179,1.189
2180,-0.1962
2181,0.2112
2182,0.7054
2183,0.3957
2184,0.2971
2185,-0.1859
2186,0.4536
2187,-0.3641
2188,0.5147
2189,0.1263
2190,0.1648
2191,-0.2066
2192,-0.4461
2193,-0.2997
2194,-1.146
2195,1.011
2196,-0.3979
2197,0.4057
2198,0.6722
2199,-0.1753
2200,0.003496
2201,-0.8063
2202,-0.1234
2203,0.211
2204,-0.1697
2205,-0.1324
2206,0.3268
2207,0.7703
2208,-0.068
2209,0.4213
2210,0.378
2211,0.1995
2212,-0.01614
2213,0.07957
2214,0.1428
2215,0.5464
2216,1.04
2217,0.9147
2218,0.236
2219,-0.06859
2220,0.4547
2221,0.474
2222,-0.7374
2223,0.3885
2224,-0.08914
2225,0.02543
2226,0.7552
2227,-0.1991
2228,0.2219
2229,0.346
2230,0.3711
2231,-0.06328
2232,-0.8319
2233,1.035
2234,0.4972
2235,0.6642
2236,0.1485
2237,0.4184
2238,-0.01876
2239,-0.02711
2240,-0.06406
2241,0.4386
2242,0.5065
2243,-0.4162
2244,0.1832
2245,-0.2476
2246,-0.009084
2247,-0.1363
2248,-0.5746
2249,0.5052
2250,-0.16
2251,-0.2292
2252,0.07111
2253,0.2046
2254,-0.1369
2255,-0.9321
2256,0.09955
2257,0.3447
2258,0.009299
2259,0.2228
2260,0.852
2261,0.2473
2262,-0.3113
2263,-0.78
2264,-0.004667
2265,-0.4914
2266,-0.1204
2267,-0.199
2268,-0.5817
2269,-0.4445
2270,0.7311
2271,0.01932
2272,0.4054
2273,0.4075
2274,0.4157
2275,-0.2633
2276,-0.182
2277,-0.3788
2278,-1.112
2279,-0.6978
2280,-0.1721
2281,0.5094
2282,-0.2482
2283,0.2857
2284,0.07043
2285,0.8829
2286,-0.4062
2287,0.4509
2288,0.6185
2289,-0.9572
2290,0.09294
2291,0.2553
2292,0.3081
2293,0.9195
2294,-0.1598
2295,-0.1174
2296,-1.427
2297,-0.4296
2298,0.5631
2299,0.1526
2300,-0.32
2301,-0.1818
2302,0.1909
2303,0.7378
2304,-0.2849
2305,0.5826
2306,0.2533
2307,-0.07754
2308,0.01995
2309,-1.08
2310,0.8724
2311,0.5522
2312,0.08797
2313,-0.5574
2314,0.2726
2315,-0.1474
2316,0.2071
2317,0.546
2318,0.2888
2319,0.3796
2320,-0.4455
2321,0.463
2322,0.1983
2323,0.7758
2324,0.6832
2325,0.5739
2326,0.566
2327,0.3404
2328,-0.4305
2329,0.3406
2330,0.00957
2331,-0.2936
2332,0.7972
2333,-0.7177
2334,-0.3976
2335,1.041
2336,-0.6981
2337,0.5276
2338,-0.1607
2339,0.4618
2340,0.1543
2341,0.2387
2342,0.2063
2343,0.3914
2344,-0.6241
2345,0.2354
2346,0.5967
2347,0.6135
2348,0.4156
2349,-0.9138
2350,0.01039
2351,0.04459
2352,-0.3448
2353,-0.135
2354,1.037
2355,-0.1678
2356,-0.1966
2357,1.117
2358,1.077
2359,-0.4507
2360,0.4262
2361,0.1681
2362,-0.3963
2363,0.8169
2364,0.1989
2365,-0.2245
2366,0.9901
2367,0.9499
2368,0.4228
2369,0.6478
2370,0.5772
2371,0.4992
2372,-0.07313
2373,-0.05811
2374,0.835
2375,0.5954
2376,0.1108
2377,-0.1033
2378,0.6367
2379,-0.3711
2380,-0.1394
2381,-1.024
2382,-0.5205
2383,-0.2182
2384,0.2416
2385,0.7996
2386,0.6445
2387,-0.4105
2388,0.5938
2389,0.12
2390,-0.2919
2391,-0.7316
2392,1.066
2393,0.3689
2394,-0.3308
2395,0.4423
2396,0.0578
2397,0.1627
2398,-0.1301
2399,-0.5189
2400,0.1362
2401,0.5181
2402,0.1478
2403,0.3002
2404,0.1224
2405,0.4733
2406,0.5847
2407,0.1909
2408,0.6173
2409,0.05435
2410,0.0597
2411,-0.4129
2412,0.9514
2413,0.9891
2414,0.6355
2415,0.6412
2416,0.706
2417,-0.2717
2418,-0.3849
2419,0.4965
2420,-0.2467
2421,-0.4026
2422,0.933
2423,-0.517
2424,1.185
2425,0.1666
2426,-0.008167
2427,-0.5677
2428,-0.09584
2429,0.1301
2430,0.4641
2431,0.4821
2432,0.4171
2433,-0.2584
2434,-0.438
2435,-0.2584
2436,-0.5313
2437,-0.1136
2438,0.3217
2439,0.08723
2440,-1.421
2441,0.2918
2442,0.08961
2443,0.9442
2444,1.1
2445,-0.2101
2446,0.7801
2447,-0.9809
2448,0.2594
2449,-0.2454
2450,-0.4508
2451,0.6509
2452,-0.2649
2453,-0.2612
2454,0.5061
2455,0.4273
2456,-0.2705
2457,0.002501
2458,-0.2015
2459,0.108
2460,0.0715
2461,1.067
2462,0.3204
2463,0.2617
2464,-0.2498
2465,-0.1211
2466,0.4845
2467,1.016
2468,0.09879
2469,0.1065
2470,0.6883
2471,-0.3007
2472,0.1549
2473,1.121
2474,-0.8288
2475,0.6359
2476,0.2055
2477,0.2263
2478,-0.1181
2479,0.4546
2480,-0.5816
2481,0.4322
2482,-0.5263
2483,0.2106
2484,-0.2519
2485,1.486
2486,-0.1598
2487,-0.0367
2488,0.4286
2489,-0.2694
2490,0.2594
2491,-0.4599
2492,0.6149
2493,0.7801
2494,-0.01535
2495,0.349
2496,0.3164
2497,0.659
2498,-0.7115
2499,0.6056
2500,0.1074
2501,0.8155
2502,-0.7729
2503,0.3269
2504,0.05999
2505,-0.006754
2506,0.4446
2507,-0.4137
2508,-0.4838
2509,0.08591
2510,0.5358
2511,-0.4703
2512,0.2984
2513,0.295
2514,1.085
2515,0.00197
2516,0.2794
2517,-0.2916
2518,-0.6384
2519,0.3706
2520,0.5382
2521,0.9794
2522,0.3691
2523,-0.1445
2524,0.1625
2525,0.4416
2526,0.1349
2527,0.1708
2528,-0.3633
2529,0.6585
2530,-0.07836
2531,0.5823
2532,0.356
2533,0.605
2534,-0.1958
2535,-0.3792
2536,-0.383
2537,0.3165
2538,-0.2586
2539,-0.3653
2540,-0.4594
2541,0.3232
2542,-0.4825
2543,0.7265
2544,0.4566
2545,-0.6902
2546,0.09369
2547,-0.1545
2548,0.5278
2549,0.2318
2550,0.08011
2551,-0.3734
2552,0.2483
2553,0.4739
2554,0.5036
2555,-0.01928
2556,-0.244
2557,-0.364
2558,0.3984
2559,1.36
2560,-0.6043
2561,-0.006659
2562,0.3357
2563,0.8822
2564,-0.3609
2565,0.5813
2566,1.174
2567,0.1959
2568,0.2043
2569,0.6759
2570,0.4796
2571,-0.04921
2572,0.5344
2573,-0.8702
2574,0.3852
2575,-0.4038
2576,0.05803
2577,-0.2873
2578,-0.1739
2579,0.5777
2580,-0.6614
2581,-0.05752
2582,0.7292
2583,0.1247
2584,0.472
2585,0.2617
2586,-0.511
2587,-0.5451
2588,-0.3171
2589,0.06695
2590,0.05519
2591,0.4074
2592,-0.2907
2593,-0.0154
2594,0.02859
2595,0.4944
2596,0.5404
2597,0.1448
2598,-0.07551
2599,0.3
2600,-0.8904
2601,-0.2669
2602,-0.1819
2603,-0.2523
2604,-0.6657
2605,-0.4966
2606,0.4562
2607,0.4011
2608,0.02272
2609,0.993
2610,0.1551
2611,0.8057
2612,0.1565
2613,-0.01559
2614,-0.3142
2615,0.1546
2616,0.348
2617,-0.2635
2618,-0.0316
2619,0.36
2620,-0.3073
2621,-0.03861
2622,0.1446
2623,0.2311
2624,-0.00513
2625,0.4315
2626,0.3993
2627,0.6156
2628,0.162
2629,0.2985
2630,-0.06099
2631,-0.1319
2632,0.3208
2633,0.1775
2634,0.6666
2635,0.4522
2636,-0.5913
2637,0.2257
2638,0.4006
2639,-0.1397
2640,1.508
2641,0.7191
2642,0.5665
2643,0.2735
2644,0.3675
2645,-0.2947
2646,0.5569
2647,0.3942
2648,0.001138
2649,0.799
2650,-0.0974
2651,0.2143
2652,0.793
2653,0.7596
2654,-0.439
2655,0.008486
2656,-0.1498
2657,0.1515
2658,-0.0785
2659,0.05026
2660,0.2674
2661,-0.8038
2662,0.8736
2663,-0.1806
2664,-0.3327
2665,-0.1045
2666,0.6741
2667,0.05768
2668,0.2665
2669,0.3367
2670,-0.1605
2671,-0.006755
2672,0.8768
2673,-0.4018
2674,0.0692
2675,-0.3799
2676,0.4888
2677,-0.5438
2678,-0.5016
2679,0.244
2680,0.5241
2681,-0.1178
2682,0.006574
2683,0.02209
2684,-0.1051
2685,-0.3659
2686,-0.05838
2687,0.1948
2688,0.4171
2689,0.01622
2690,-0.7355
2691,-7.825e-05
2692,0.1981
2693,-0.06593
2694,2.126
2695,-0.2219
2696,-0.2743
2697,0.6022
2698,1.015
2699,0.06758
2700,-0.126
2701,0.3525
2702,-0.6574
2703,-0.2078
2704,0.301
2705,0.2721
2706,0.7512
2707,-0.4078
2708,-0.3037
2709,-0.6067
2710,-0.5921
2711,0.2484
2712,-0.561
2713,0.6892
2714,-0.9726
2715,0.1214
2716,0.5272
2717,0.2719
2718,-0.3951
2719,-0.2055
2720,0.192
2721,0.009836
2722,0.6635
2723,0.3312
2724,-0.6713
2725,-0.1105
2726,-0.3345
2727,0.6269
2728,0.5845
2729,0.1434
2730,-0.6004
2731,0.3548
2732,0.7823
2733,0.1781
2734,0.03076
2735,-0.3468
2736,0.7552
2737,-0.5688
2738,0.6099
2739,0.1106
2740,0.3986
2741,0.8243
2742,0.1987
2743,-0.385
2744,0.3017
2745,0.05786
2746,-0.229
2747,-0.5341
2748,-0.231
2749,-0.1226
2750,0.8689
2751,0.7411
2752,-0.2877
2753,-0.03907
2754,-0.4226
2755,-0.9998
2756,0.07269
2757,-0.1195
2758,-0.5694
2759,-0.5489
2760,1.005
2761,-0.05
2762,0.2289
2763,0.5323
2764,0.09866
2765,-0.357
2766,-0.3204
2767,-0.009703
2768,-0.2548
2769,-0.5063
2770,1.023
2771,0.4263
2772,0.4749
2773,0.4174
2774,0.009606
2775,0.4997
2776,-0.1649
2777,0.0704
2778,0.9678
2779,0.2789
2780,0.5969
2781,0.3124
2782,-0.4
2783,0.01069
2784,-0.4746
2785,-0.5065
2786,-0.4373
2787,-1.064
2788,-0.06319
2789,-0.2328
2790,-0.4171
2791,0.259
2792,0.8735
2793,0.1094
2794,0.4155
2795,0.2102
2796,-0.2821
2797,0.329
2798,-0.4393
2799,0.0006835
2800,-0.2728
2801,0.1668
2802,0.318
2803,0.4639
2804,-0.1485
2805,0.5152
2806,0.3211
2807,0.4804
2808,0.6419
2809,0.4968
2810,-0.1085
2811,-0.3321
2812,0.457
2813,0.04633
2814,-0.1618
2815,0.3172
2816,0.3823
2817,0.4815
2818,1.264
2819,0.8549
2820,-0.1135
2821,-0.04485
2822,-0.2208
2823,-0.1068
2824,0.5236
2825,0.2027
2826,0.2469
2827,-0.2789
2828,-0.3353
2829,-0.7497
2830,0.3114
2831,0.3635
2832,-0.2585
2833,0.4737
2834,1.341
2835,0.8663
2836,1.09
2837,0.05152
2838,0.09576
2839,-0.1663
2840,0.516
2841,-0.5801
2842,-0.06248
2843,-0.2277
2844,-0.7548
2845,-0.7813
2846,-0.2875
2847,0.2862
2848,0.001805
2849,-0.4112
2850,0.6769
2851,-0.388
2852,0.09941
2853,-0.01284
2854,0.06307
2855,-0.3711
2856,0.3566
2857,-0.06723
2858,0.2311
2859,0.08552
2860,0.2572
2861,-0.141
2862,-0.7352
2863,-0.1156
2864,0.1483
2865,0.2541
2866,0.8718
2867,0.3009
2868,0.6478
2869,-0.5529
2870,-0.533
2871,0.6203
2872,-0.6084
2873,0.656
2874,-0.04598
2875,-0.1484
2876,0.06216
2877,-0.6826
2878,0.8562
2879,0.6662
2880,-0.01919
2881,-0.4962
2882,0.2626
2883,0.5281
2884,-0.04888
2885,0.3577
2886,0.4303
2887,1.563
2888,-1.104
2889,0.4228
2890,-0.5147
2891,-0.0707
2892,0.3606
2893,-0.3535
2894,-0.04578
2895,0.1099
2896,0.6316
2897,0.00912
2898,-0.2799
2899,0.2574
2900,0.3563
2901,0.5668
2902,0.176
2903,0.3835
2904,0.4372
2905,0.6084
2906,-0.0948
2907,0.9014
2908,-0.6289
2909,-0.3498
2910,0.4859
2911,0.09625
2912,-0.4595
2913,0.5423
2914,-0.4056
2915,0.4463
2916,0.361
2917,0.7213
2918,-0.1698
2919,-0.7281
2920,0.2876
2921,-0.1547
2922,-0.9095
2923,0.3362
2924,0.3954
2925,0.6388
2926,0.5834
2927,-0.04995
2928,0.9346
2929,0.09186
2930,0.2328
2931,0.339
2932,-0.3918
2933,0.2679
2934,-0.6077
2935,0.3247
2936,-0.3851
2937,-0.4408
2938,-0.155
2939,0.04997
2940,0.1484
2941,-0.1714
2942,0.2059
2943,0.1873
2944,0.4775
2945,0.3696
2946,0.7916
2947,-0.6634
2948,-0.1897
2949,0.3963
2950,0.7751
2951,0.6625
2952,0.1945
2953,-0.3216
2954,0.2732
2955,0.4334
2956,0.04352
2957,0.2725
2958,-0.6713
2959,-0.4042
2960,-0.6108
2961,-0.113
2962,-0.2197
2963,-0.3152
2964,0.01002
2965,0.2789
2966,0.4652
2967,-0.1127
2968,1.21
2969,0.09263
2970,0.2242
2971,0.8698
2972,0.1174
2973,0.5091
2974,-0.2807
2975,0.2624
2976,-0.01257
2977,-0.56
2978,-0.4106
2979,0.626
2980,-0.03762
2981,-0.08409
2982,0.2127
2983,0.3192
2984,0.3426
2985,0.4251
2986,-0.2094
2987,-0.3083
2988,0.4661
2989,0.3563
2990,-0.1756
2991,-0.2797
2992,0.6772
2993,-0.4854
2994,-0.5987
2995,-0.08578
2996,-0.005339
2997,0.9413
2998,-0.1725
2999,0.1246
3000,0.4938
3001,0.3475
3002,-0.1182
3003,0.1934
3004,0.07208
3005,0.4802
3006,0.3144
3007,1.678
3008,-0.5765
3009,0.1615
3010,-0.1494
3011,0.6438
3012,0.02571
3013,1.165
3014,-0.07985
3015,-0.08545
3016,0.2693
3017,0.03951
3018,0.2925
3019,0.554
3020,0.2767
3021,0.5318
3022,-0.2666
3023,-0.04609
3024,-0.4725
3025,1.019
3026,0.09373
3027,-0.4648
3028,1.286
3029,0.5569
3030,-0.4347
3031,0.8358
3032,-0.2278
3033,0.03832
3034,-0.004345
3035,0.4254
3036,0.7421
3037,0.4523
3038,-0.7073
3039,0.8947
3040,0.005612
3041,-0.1602
3042,0.2158
3043,0.2502
3044,0.187
3045,-0.8589
3046,0.1381
3047,0.7126
3048,-0.3605
3049,0.3007
3050,0.3893
3051,0.7242
3052,0.02431
3053,0.3404
3054,0.1373
3055,0.2755
3056,-0.3858
3057,-0.3615
3058,-0.3201
3059,0.7645
3060,0.1266
3061,-0.02588
3062,0.3158
3063,0.8385
3064,0.4455
3065,0.1851
3066,-0.1451
3067,-0.1544
3068,0.2796
3069,0.08597
3070,0.07365
3071,0.6955
3072,-0.7038
3073,0.1942
3074,0.1563
3075,0.7348
3076,0.05152
3077,0.1136
3078,0.1527
3079,0.6701
3080,0.2731
3081,-0.9357
3082,0.8268
3083,-0.5853
3084,0.6145
3085,0.802
3086,0.7039
3087,1.2
3088,0.3363
3089,0.1277
3090,-0.1246
3091,0.09171
3092,-0.1132
3093,0.298
3094,0.4892
3095,0.3137
3096,-0.288
3097,-1.066
3098,0.1249
3099,-0.1673
3100,-0.1611
3101,-0.6385
3102,-0.08908
3103,-0.3536
3104,0.2787
3105,0.1485
3106,-0.05188
3107,-0.3805
3108,-0.3169
3109,0.03156
3110,0.4528
3111,0.02353
3112,-0.01542
3113,0.6695
3114,0.254
3115,-0.5806
3116,0.5597
3117,0.8208
3118,-0.07575
3119,-0.2275
3120,-0.8952
3121,-0.5822
3122,0.324
3123,-0.1683
3124,-0.0957
3125,0.2443
3126,-0.4233
3127,0.05729
3128,-0.3268
3129,-0.2003
3130,-0.2456
3131,0.1102
3132,0.5709
3133,0.7049
3134,0.5495
3135,0.3608
3136,0.4727
3137,0.3384
3138,0.5714
3139,1.048
3140,0.6954
3141,0.7135
3142,0.4396
3143,-0.2345
3144,0.1843
3145,0.9326
3146,0.5345
3147,0.1122
3148,-1.289
3149,-0.1729
3150,-0.2369
3151,0.457
3152,0.06089
3153,-0.6903
3154,-0.4785
3155,0.8923
3156,0.3668
3157,0.3552
3158,0.02083
3159,-0.007202
3160,-0.389
3161,0.4483
3162,0.04173
3163,-0.2887
3164,0.2566
3165,0.03432
3166,0.02939
3167,0.3292
3168,0.6834
3169,0.1968
3170,0.1391
3171,-0.03139
3172,0.1423
3173,-0.1699
3174,0.5829
3175,0.3011
3176,-0.00552
3177,0.3266
3178,0.8264
3179,0.2001
3180,0.5906
3181,0.4177
3182,0.3346
3183,-0.1619
3184,0.3013
3185,-0.05207
3186,0.7115
3187,-1.392
3188,0.08138
3189,-0.1966
3190,-0.2357
3191,0.1688
3192,-0.1976
3193,1.155
3194,-0.1921
3195,0.07684
3196,0.4399
3197,0.4382
3198,-0.3055
3199,0.1545
3200,-0.07381
3201,0.152
3202,0.7785
3203,1.207
3204,0.3373
3205,-0.3218
3206,0.6022
3207,0.6425
3208,0.1238
3209,0.08217
3210,0.2354
3211,0.4909
3212,0.08752
3213,0.6819
3214,-0.2714
3215,0.4499
3216,-0.3703
3217,0.4247
3218,0.7243
3219,0.9258
3220,0.2341
3221,-0.7723
3222,-0.2596
3223,-0.2968
3224,-0.3397
3225,0.2114
3226,-0.1217
3227,0.9243
3228,0.1042
3229,0.3556
3230,-0.33
3231,-0.006256
3232,0.5253
3233,0.2614
3234,0.1167
3235,-0.7603
3236,-0.01981
3237,-0.1132
3238,-0.2394
3239,1.019
3240,-0.002696
3241,-0.3702
3242,0.6002
3243,0.4365
3244,0.2401
3245,0.7026
3246,-0.5015
3247,-0.3679
3248,0.3838
3249,0.2621
3250,0.5018
3251,-0.4722
3252,0.7094
3253,0.7373
3254,0.2776
3255,-0.9833
3256,-0.6637
3257,1.148
3258,-0.8309
3259,-0.323
3260,0.3534
3261,0.848
3262,0.2321
3263,0.1863
3264,0.7358
3265,0.5518
3266,-0.1064
3267,0.1043
3268,-0.1602
3269,-0.1896
3270,-0.4454
3271,0.1135
3272,0.0851
3273,-0.1375
3274,0.1432
3275,-0.1083
3276,0.5768
3277,0.03236
3278,-0.1695
3279,-0.06947
3280,-0.6588
3281,0.1659
3282,0.7392
3283,-0.6731
3284,-0.712
3285,0.6537
3286,-0.2765
3287,-0.4727
3288,-0.2769
3289,-0.759
3290,0.5473
3291,0.9982
3292,0.7484
3293,-0.9102
3294,0.02992
3295,0.6868
3296,-0.4843
3297,1.317
3298,-0.191
3299,0.1956
3300,0.139
3301,-0.1523
3302,0.005541
3303,0.7992
3304,-0.02739
3305,0.4844
3306,-0.2785
3307,0.4268
3308,0.2743
3309,0.392
3310,0.2467
3311,-0.8927
3312,0.559
3313,0.564
3314,0.08973
3315,-0.1867
3316,0.7113
3317,0.4539
3318,0.557
3319,0.3152
3320,0.8223
3321,0.7274
3322,0.363
3323,0.1055
3324,-0.1003
3325,-0.04023
3326,0.434
3327,0.3465
3328,0.02386
3329,-0.149
3330,-0.3578
3331,0.1054
3332,-0.1565
3333,0.06236
3334,0.8433
3335,-0.4859
3336,0.4551
3337,-0.4052
3338,0.821
3339,0.3241
3340,0.7756
3341,0.3142
3342,-0.6183
3343,0.2552
3344,0.1555
3345,0.7348
3346,-0.7477
3347,0.08425
3348,0.406
3349,0.07236
3350,-0.2214
3351,-0.2983
3352,0.3616
3353,0.02788
3354,-0.1619
3355,0.747
3356,1.151
3357,0.05002
3358,-0.04025
3359,-0.2316
3360,0.1793
3361,0.3075
3362,0.7072
3363,0.1496
3364,-0.6018
3365,0.5424
3366,0.7045
3367,-0.2788
3368,0.219
3369,-0.5111
3370,1.382
3371,0.2611
3372,0.4123
3373,0.7454
3374,-0.3432
3375,-0.02773
3376,-0.3261
3377,0.2517
3378,-0.8426
3379,-0.1986
3380,0.7797
3381,-0.1379
3382,0.7991
3383,-0.8062
3384,-0.449
3385,0.1023
3386,0.591
3387,0.6441
3388,0.4949
3389,0.7282
3390,1.123
3391,-0.2676
3392,0.08437
3393,0.4914
3394,0.924
3395,0.4763
3396,0.09896
3397,-0.06822
3398,0.3063
3399,0.6005
3400,-0.6001
3401,0.8857
3402,0.3433
3403,-0.141
3404,0.4695
3405,-0.2032
3406,0.5025
3407,-0.06468
3408,-0.03261
3409,0.4837
3410,0.5569
3411,0.9586
3412,0.9651
3413,0.2306
3414,0.5665
3415,0.3176
3416,0.1199
3417,-0.1845
3418,-0.24
3419,0.2585
3420,0.2435
3421,0.8578
3422,-0.2709
3423,1.041
3424,-0.3087
3425,-0.5738
3426,-0.08823
3427,0.3237
3428,0.3067
3429,0.3333
3430,-0.06213
3431,0.3444
3432,0.499
3433,-0.2319
3434,-0.2421
3435,0.3364
3436,0.8998
3437,-0.1057
3438,0.5911
3439,-0.1896
3440,0.5374
3441,-0.6328
3442,0.4234
3443,0.2329
3444,-0.2499
3445,-0.2609
3446,0.5188
3447,0.07727
3448,-0.1283
3449,-0.1029
3450,0.1219
3451,-0.1704
3452,0.2121
3453,0.5171
3454,0.9217
3455,-0.901
3456,0.2797
3457,0.028
3458,-0.5922
3459,0.3762
3460,0.6267
3461,-0.4379
3462,-0.228
3463,0.6099
3464,0.1023
3465,-0.6823
3466,-0.1639
3467,0.1782
3468,0.4396
3469,0.1659
3470,-0.07031
3471,-0.3651
3472,0.6779
3473,-0.5061
3474,0.2976
3475,0.6984
3476,0.7729
3477,-0.4251
3478,0.625
3479,-0.2427
3480,0.3355
3481,0.09567
3482,0.8017
3483,0.1061
3484,0.4841
3485,0.04185
3486,-0.2046
3487,1.006
3488,0.9002
3489,0.5732
3490,0.1342
3491,0.4815
3492,-0.5243
3493,-0.4984
3494,0.03123
3495,0.2809
3496,0.4471
3497,0.1971
3498,-0.3077
3499,0.9741
3500,-0.1402
