MDTU,link
1,1.02381
2,1.01663
3,1.01512
4,1.0233
5,1.02383
6,1.02606
7,1.02633
8,1.0217
9,1.0186
10,1.01658
11,1.01658
12,1.01225
13,1.00243
14,1.01655
15,1.0163
16,1.02973
17,1.02973
18,1.0238
19,1.02038
20,1.01721
21,1.0163
22,1.0163
23,1.0038
24,1.00944
25,1.00944
26,1.00944
27,1.02289
28,1.02289
29,1.02781
30,1.02781
31,1.01358
32,0.996909
33,0.996909
34,0.992524
35,0.992524
36,0.999551
37,0.997486
38,0.997486
39,1.00341
40,1.00341
41,0.998468
42,0.998468
43,1.00348
44,1.00865
45,1.01611
46,1.01611
47,1.01765
48,1.01765
49,1.01765
50,1.01071
51,1.0075
52,1.02221
53,1.01503
54,1.01381
55,1.01381
56,1.01081
57,1.00893
58,1.01126
59,1.01097
60,1.00577
61,0.99674
62,0.992876
63,0.996202
64,0.996202
65,0.991671
66,0.989111
67,0.989111
68,0.997256
69,0.999744
70,0.994802
71,1.00447
72,0.998645
73,0.998645
74,1.0066
75,1.0169
76,1.02109
77,1.02154
78,1.01426
79,1.01419
80,1.03726
81,1.02024
82,1.02024
83,1.01793
84,1.01237
85,1.01612
86,1.02811
87,1.02811
88,1.02811
89,1.02318
90,1.01873
91,1.02721
92,1.02296
93,1.01144
94,1.01144
95,1.02218
96,1.01662
97,1.01757
98,1.0137
99,1.0068
100,1.01202
101,1.00255
102,1.01474
103,1.01117
104,1.01117
105,1.01117
106,1.01128
107,1.00356
108,1.00663
109,1.00663
110,0.998216
111,0.995397
112,0.995397
113,0.995397
114,0.990746
115,0.991613
116,0.992103
117,0.997758
118,0.997755
119,0.996814
120,1.00233
121,1.00252
122,1.00403
123,1.00854
124,1.01185
125,1.00375
126,1.00375
127,1.01563
128,1.0158
129,1.01177
130,1.00607
131,0.999987
132,1.00551
133,1.00839
134,1.00568
135,1.00568
136,1.00568
137,1.00858
138,1.01243
139,1.01137
140,1.00434
141,1.00258
142,0.997171
143,0.99764
144,1.00097
145,1.00519
146,1.00519
147,0.994127
148,0.994362
149,0.994351
150,0.994351
151,0.997756
152,1.00985
153,1.00626
154,1.01152
155,1.01003
156,1.01247
157,1.02042
158,1.01258
159,1.01342
160,1.01574
161,1.00916
162,1.00916
163,1.0124
164,1.01385
165,1.02312
166,1.01768
167,1.02025
168,1.02154
169,1.02443
170,1.0143
171,1.01701
172,1.01593
173,1.01593
174,1.00977
175,1.00874
176,1.01116
177,1.00325
178,0.997888
179,0.998754
180,1.00474
181,1.01333
182,1.01069
183,1.00201
184,1.00201
185,1.01151
186,1.01367
187,1.01113
188,1.01348
189,1.01358
190,1.01358
191,1.02436
192,1.02828
193,1.02104
194,1.02058
195,1.0195
196,1.01783
197,1.0103
198,1.02145
199,1.01367
200,1.01165
201,1.0106
202,1.01684
203,1.0107
204,1.0297
205,1.02647
206,1.02647
207,1.03064
208,1.0314
209,1.0217
210,1.01212
211,1.01181
212,1.00541
213,0.992819
214,0.994699
215,0.994699
216,0.994234
217,0.994234
218,0.994234
219,0.994107
220,0.994107
221,0.994107
222,0.997227
223,0.997227
224,0.998959
225,0.993714
226,0.993714
227,1.00475
228,1.01899
229,1.01769
230,1.01687
231,1.01687
232,1.0117
233,1.02193
234,1.01355
235,1.00775
236,1.00813
237,1.00838
238,1.00506
239,1.00331
240,1.01556
241,1.00479
242,1.00479
243,1.00362
244,0.99008
245,0.973356
246,0.986116
247,0.977542
248,0.992945
249,1.00311
250,1.00036
251,1.00036
252,0.998519
253,0.998207
254,1.00609
255,1.00609
256,1.00609
257,1.00609
258,1.01574
259,1.01113
260,1.00131
261,1.00095
262,1.00279
263,1.0093
264,1.01151
265,1.01151
266,1.01457
267,1.00855
268,1.00855
269,1.00552
270,1.00544
271,1.0078
272,1.0078
273,1.0078
274,1.01015
275,1.014
276,1.014
277,1.02567
278,1.0214
279,1.01446
280,1.01354
281,1.01558
282,1.01558
283,1.00999
284,1.00999
285,1.00166
286,1.00166
287,1.00273
288,1.00466
289,1.00676
290,1.01832
291,1.0155
292,1.01763
293,1.00607
294,1.01085
295,1.01178
296,1.00965
297,1.00965
298,1.01048
299,1.01827
300,1.02629
301,1.0173
302,1.01343
303,1.01536
304,1.01536
305,1.01308
306,1.01598
307,1.01598
308,1.01569
309,1.02293
310,1.02125
311,1.01119
312,1.01119
313,1.01534
314,1.00907
315,1.01342
316,1.00979
317,1.00473
318,1.00892
319,1.00892
320,1.00633
321,1.01328
322,1.01776
323,1.00973
324,1.00973
325,1.01746
326,1.01075
327,1.00753
328,1.00753
329,1.01185
330,1.01876
331,1.01125
332,1.01594
333,1.01346
334,1.01486
335,1.02044
336,1.02364
337,1.02364
338,1.02836
339,1.03253
340,1.01649
341,1.01594
342,1.01928
343,1.01928
344,1.01928
345,1.00641
346,1.01092
347,1.01118
348,1.01295
349,1.01768
350,1.01938
351,1.02494
352,1.02891
353,1.02891
354,1.0226
355,1.0178
356,1.01513
357,1.00262
358,1.00262
359,1.00682
360,1.01063
361,1.01112
362,1.01723
363,1.01012
364,1.02046
365,1.01921
366,1.02052
367,1.02422
368,1.02399
369,1.01831
370,1.03094
371,1.03193
372,1.03193
373,1.03193
374,1.03193
375,1.01967
376,1.01967
377,1.01978
378,1.02188
379,1.02057
380,1.01458
381,1.01458
382,1.00076
383,1.00973
384,1.01088
385,1.00826
386,1.00826
387,1.00817
388,1.01596
389,1.01467
390,1.01588
391,1.02611
392,1.02611
393,1.02611
394,1.02935
395,1.018
396,1.018
397,1.01746
398,1.01746
399,1.01746
400,1.02022
401,1.01469
402,1.02516
403,1.02838
404,1.0247
405,1.01803
406,1.01803
407,1.0162
408,1.0162
409,1.02082
410,1.02082
411,1.0213
412,1.02433
413,1.02433
414,1.00328
415,1.00328
416,1.00618
417,0.99738
418,1.00199
419,1.00276
420,1.0043
421,1.00389
422,1.00204
423,0.999457
424,0.999457
425,1.01557
426,1.00842
427,0.996316
428,1.0091
429,0.990972
430,1.00024
431,0.990653
432,0.993393
433,1.00072
434,0.994651
435,0.999041
436,0.999739
437,1.00901
438,1.00572
439,1.00691
440,1.00691
441,1.00377
442,1.01522
443,0.998943
444,1.01056
445,1.01133
446,1.00917
447,1.00818
448,1.01441
449,1.01441
450,1.01528
451,1.01077
452,1.01077
453,1.00984
454,1.01702
455,1.01447
456,1.00282
457,0.998823
458,0.990672
459,0.997634
460,1.00484
461,1.0087
462,1.00118
463,1.00391
464,0.995063
465,0.995063
466,0.987491
467,0.986516
468,0.988659
469,0.994714
470,0.994714
471,0.998695
472,0.994097
473,0.993945
474,0.989541
475,0.995102
476,0.995102
477,0.987433
478,0.982867
479,0.993096
480,1.00712
481,1.00309
482,1.00045
483,1.00675
484,1.00353
485,1.00279
486,1.00279
487,1.00279
488,1.01119
489,1.00483
490,1.00925
491,1.00925
492,1.00188
493,1.00552
494,1.0086
495,1.02043
496,1.01335
497,1.00639
498,1.00639
499,0.999189
500,0.998251
501,0.998251
502,0.998251
503,0.99633
504,0.993755
505,1.00216
506,0.996506
507,0.999987
508,0.999987
509,0.999987
510,0.994342
511,0.995126
512,0.997845
513,0.988592
514,0.988592
515,0.988592
516,0.9865
517,0.994253
518,0.988998
519,0.992121
520,0.997817
521,0.997817
522,0.993366
523,1.00428
524,1.00456
525,0.995292
526,0.992086
527,1.00006
528,0.99637
529,1.00291
530,1.00291
531,0.996667
532,0.99359
533,0.99359
534,0.996945
535,0.991261
536,1.00318
537,0.998387
538,1.02239
539,1.02239
540,1.01293
541,1.00333
542,0.995761
543,0.99065
544,1.00265
545,1.00736
546,1.0057
547,1.0057
548,1.00443
549,1.00443
550,1.01227
551,1.00201
552,1.00526
553,1.00526
554,1.00063
555,0.999736
556,0.999736
557,0.992372
558,0.990835
559,0.991609
560,0.991609
561,0.994764
562,0.992303
563,0.992586
564,0.994503
565,0.994503
566,1.00406
567,1.0072
568,1.00264
569,1.00264
570,0.997607
571,1.00247
572,1.00424
573,1.00468
574,0.991566
575,0.988808
576,0.99094
577,0.995623
578,1.00427
579,0.997902
580,0.9829
581,0.978764
582,0.982003
583,0.98184
584,0.98184
585,0.982604
586,0.995991
587,0.995991
588,0.995991
589,0.994616
590,1.00335
591,1.0119
592,1.0119
593,1.01689
594,1.01695
595,1.01199
596,1.00274
597,1.00235
598,1.01372
599,1.01788
600,1.01813
601,1.01813
602,1.01458
603,1.0008
604,0.998842
605,1.0043
606,1.00005
607,0.99788
608,1.00168
609,1.00079
610,1.00079
611,1.00419
612,0.999105
613,1.00056
614,1.0096
615,1.0096
616,1.01612
617,1.0161
618,1.01881
619,1.01032
620,1.02275
621,1.02106
622,1.02106
623,1.02106
624,1.02106
625,1.01981
626,1.02652
627,1.02652
628,1.02652
629,1.02652
630,1.016
631,1.02061
632,1.02061
633,1.02061
634,1.01352
635,1.01885
636,1.02631
637,1.01848
638,1.01848
639,1.02123
640,1.02744
641,1.01332
642,1.01282
643,1.01503
644,1.01933
645,1.01951
646,1.0137
647,1.02184
648,1.02547
649,1.03321
650,1.02972
651,1.02972
652,1.02972
653,1.03288
654,1.02644
655,1.02992
656,1.0339
657,1.0339
658,1.0266
659,1.01552
660,1.01552
661,1.01552
662,1.01887
663,1.02086
664,1.02086
665,1.02086
666,1.02086
667,1.02032
668,1.01506
669,1.01313
670,1.01313
671,1.01444
672,1.01444
673,1.02606
674,1.02302
675,1.02238
676,1.01532
677,1.02124
678,1.03449
679,1.0048
680,1.0048
681,1.00976
682,1.00976
683,1.00976
684,1.01705
685,1.01138
686,1.01868
687,1.01468
688,1.01468
689,1.01825
690,1.00633
691,1.00978
692,1.00911
693,1.00895
694,1.01772
695,1.00475
696,1.00475
697,1.00551
698,1.01211
699,1.01418
700,1.01144
701,1.00241
702,1.00241
703,1.01133
704,1.01321
705,1.01544
706,1.00525
707,0.998473
708,0.992584
709,0.997822
710,0.998187
711,0.998187
712,1.00524
713,1.011
714,1.0164
715,1.00061
716,1.00319
717,1.00319
718,1.00141
719,1.00141
720,0.999215
721,1.00175
722,1.0058
723,1.00288
724,1.00595
725,1.01169
726,1.01412
727,1.01724
728,1.01535
729,1.01163
730,1.01163
731,1.00963
732,1.00918
733,1.00981
734,1.00443
735,0.994851
736,0.994698
737,0.986031
738,0.997036
739,1.00156
740,1.00268
741,1.00039
742,1.0051
743,1.0051
744,1.0051
745,1.01023
746,1.00727
747,1.00491
748,1.00045
749,1.0085
750,1.0085
751,1.0085
752,1.0085
753,1.0085
754,1.00976
755,1.00351
756,1.00908
757,1.00908
758,1.00715
759,1.01494
760,1.01494
761,1.01538
762,1.01298
763,1.01298
764,1.00562
765,0.999908
766,1.00431
767,1.00431
768,1.0057
769,0.997943
770,0.990721
771,0.992395
772,0.996943
773,0.995587
774,1.00355
775,1.00373
776,0.993698
777,1.0002
778,1.01063
779,1.00225
780,1.00363
781,0.995089
782,0.987906
783,0.99056
784,0.986393
785,0.996599
786,1.00421
787,0.996015
788,0.996015
789,0.996015
790,1.00391
791,1.00003
792,0.999274
793,1.01178
794,1.01532
795,1.01294
796,1.00723
797,1.00613
798,1.01232
799,1.01142
800,1.01142
801,1.00765
802,1.00597
803,1.00789
804,1.0122
805,1.01072
806,1.0169
807,1.01972
808,1.0247
809,1.02125
810,1.01471
811,1.01471
812,1.01147
813,1.01147
814,1.01147
815,1.01147
816,1.01147
817,1.01007
818,1.01007
819,1.02024
820,1.01703
821,1.0206
822,1.02026
823,1.01703
824,1.01939
825,1.01361
826,1.01361
827,1.02837
828,1.0151
829,1.01385
830,1.01744
831,1.01107
832,1.0102
833,1.0088
834,1.0088
835,1.0088
836,1.01102
837,1.01059
838,1.02199
839,1.00682
840,1.0109
841,1.00065
842,1.01048
843,1.01488
844,1.01488
845,1.01311
846,1.0175
847,1.0159
848,1.00481
849,1.00152
850,1.00182
851,1.0087
852,1.0087
853,1.02503
854,1.02074
855,1.01671
856,1.01275
857,1.00507
858,1.00962
859,1.00469
860,1.01631
861,1.02219
862,1.02219
863,1.01795
864,1.01073
865,1.00164
866,1.00164
867,1.00164
868,1.00164
869,1.00165
870,1.00009
871,1.01466
872,1.01293
873,1.01293
874,1.00876
875,1.00773
876,1.00827
877,1.00827
878,1.00699
879,1.00072
880,0.993759
881,0.989931
882,1.00322
883,0.993427
884,0.99615
885,1.0001
886,0.999764
887,1.00607
888,1.0098
889,1.0098
890,1.01246
891,1.01444
892,1.01071
893,1.01203
894,1.01229
895,1.01229
896,1.00368
897,1.00368
898,1.00437
899,1.0085
900,1.00581
901,1.00017
902,0.997942
903,0.991552
904,1.00389
905,0.99306
906,0.998352
907,1.01253
908,1.01253
909,1.01353
910,1.016
911,1.016
912,0.999555
913,0.996162
914,0.997388
915,1.00079
916,0.99373
917,0.993243
918,0.990461
919,0.997737
920,0.999134
921,0.999134
922,0.996042
923,1.00164
924,1.00521
925,1.0006
926,1.01048
927,1.01722
928,1.01191
929,1.01825
930,1.01092
931,1.01581
932,1.01873
933,1.01562
934,1.01691
935,1.01324
936,1.01851
937,1.01851
938,1.01851
939,1.02672
940,1.01915
941,1.01585
942,1.01512
943,1.01785
944,1.02488
945,1.02622
946,1.02486
947,1.01186
948,1.02122
949,1.0232
950,1.0232
951,1.01882
952,1.02677
953,1.01686
954,1.01434
955,1.01434
956,1.00648
957,1.00722
958,1.01402
959,1.02442
960,1.02253
961,1.0083
962,1.01305
963,1.01478
964,1.01594
965,1.00835
966,1.00672
967,1.00425
968,1.00425
969,1.00425
970,1.01691
971,1.01465
972,1.00817
973,1.00336
974,0.999527
975,0.999527
976,0.999527
977,1.00127
978,1.00956
979,1.00772
980,0.997232
981,1.00286
982,1.00015
983,0.996542
984,1.00867
985,1.00837
986,1.00636
987,1.00435
988,1.00435
989,1.00435
990,1.00084
991,1.01403
992,1.01067
993,1.01928
994,1.02711
995,1.02495
996,1.02608
997,1.02608
998,1.02076
999,1.02246
1000,1.02571
1001,1.03382
1002,1.02564
1003,1.02442
1004,1.01099
1005,1.02104
1006,1.02104
1007,1.01514
1008,1.02248
1009,1.01442
1010,1.01361
1011,1.01643
1012,1.01409
1013,1.02107
1014,1.02107
1015,1.01795
1016,1.02721
1017,1.03024
1018,1.03024
1019,1.02567
1020,1.02567
1021,1.01683
1022,1.01683
1023,1.01745
1024,1.01823
1025,1.00579
1026,0.995933
1027,0.998389
1028,1.00485
1029,1.01086
1030,1.0145
1031,1.00922
1032,1.01593
1033,1.01593
1034,1.01309
1035,1.0146
1036,1.01587
1037,1.01587
1038,1.00859
1039,1.00859
1040,1.00859
1041,1.00859
1042,1.0012
1043,1.0012
1044,1.00434
1045,1.00544
1046,1.01978
1047,1.0191
1048,1.01313
1049,1.00805
1050,1.00805
1051,1.00661
1052,1.01255
1053,1.00529
1054,1.01159
1055,1.01159
1056,1.01564
1057,1.01564
1058,1.01007
1059,1.01007
1060,1.01365
1061,1.01365
1062,1.01365
1063,1.0191
1064,1.014
1065,1.02437
1066,1.02437
1067,1.01223
1068,1.01296
1069,1.00573
1070,1.00478
1071,0.989354
1072,0.994795
1073,1.00699
1074,0.99689
1075,1.00245
1076,0.999449
1077,1.00275
1078,1.0039
1079,1.0039
1080,1.0105
1081,1.0105
1082,1.0105
1083,1.0111
1084,1.0111
1085,1.00923
1086,1.01441
1087,1.01441
1088,1.00334
1089,1.00161
1090,1.00772
1091,1.00239
1092,0.99945
1093,0.996298
1094,1.00498
1095,1.00607
1096,1.00607
1097,1.00607
1098,1.00017
1099,0.993159
1100,0.997379
1101,1.00812
1102,1.01237
1103,1.01842
1104,1.00217
1105,1.00296
1106,1.00296
1107,1.01608
1108,1.0131
1109,1.00927
1110,0.992395
1111,0.998636
1112,0.998636
1113,0.998636
1114,0.991838
1115,0.997838
1116,0.996213
1117,1.00255
1118,1.00936
1119,1.00054
1120,0.997984
1121,0.99626
1122,1.00094
1123,0.997135
1124,1.0071
1125,1.00649
1126,0.999188
1127,1.00002
1128,1.00002
1129,1.006
1130,1.006
1131,1.01043
1132,1.01681
1133,1.01601
1134,1.01531
1135,1.01557
1136,1.01371
1137,1.01371
1138,1.01553
1139,1.01553
1140,1.01043
1141,1.00312
1142,0.992735
1143,0.994493
1144,0.992336
1145,0.992336
1146,0.99607
1147,0.993453
1148,0.997567
1149,0.990876
1150,1.00475
1151,0.997163
1152,0.998226
1153,1.00194
1154,0.994359
1155,0.994359
1156,1.0033
1157,0.994589
1158,0.998907
1159,0.990474
1160,0.996106
1161,0.98933
1162,0.995646
1163,0.994262
1164,0.994262
1165,0.997678
1166,1.00169
1167,1.00349
1168,1.01348
1169,1.01245
1170,1.01135
1171,1.01135
1172,1.02039
1173,1.01318
1174,1.01241
1175,1.01326
1176,1.0106
1177,1.0049
1178,1.00483
1179,1.00871
1180,1.00829
1181,1.00141
1182,1.00678
1183,1.00678
1184,0.997253
1185,0.987968
1186,0.999535
1187,1.0097
1188,1.01685
1189,1.02078
1190,1.02078
1191,1.01787
1192,1.02397
1193,1.03144
1194,1.02424
1195,1.02094
1196,1.02094
1197,1.02215
1198,1.02215
1199,1.0119
1200,1.01299
1201,1.02361
1202,1.01417
1203,1.00439
1204,0.999445
1205,0.999445
1206,0.999445
1207,0.997239
1208,0.989293
1209,0.989293
1210,0.99886
1211,1.00492
1212,1.00034
1213,1.0028
1214,1.00582
1215,1.01008
1216,1.00561
1217,1.00561
1218,0.998725
1219,1.00568
1220,0.997345
1221,1.00248
1222,1.00248
1223,1.00113
1224,1.00113
1225,1.00775
1226,0.999193
1227,1.00659
1228,1.00659
1229,1.00659
1230,1.00659
1231,0.996966
1232,0.9984
1233,0.9984
1234,1.00676
1235,1.00344
1236,1.00008
1237,0.998948
1238,0.993956
1239,0.993637
1240,0.993637
1241,0.9961
1242,0.980518
1243,0.980498
1244,0.974623
1245,0.983764
1246,0.993933
1247,0.988916
1248,0.993516
1249,1.00302
1250,1.00444
1251,1.00444
1252,1.0044
1253,1.00136
1254,1.00207
1255,0.993112
1256,1.00788
1257,1.01002
1258,1.01436
1259,1.00563
1260,0.990864
1261,0.994044
1262,0.998436
1263,0.992435
1264,0.992435
1265,0.998455
1266,0.996995
1267,1.00556
1268,1.00884
1269,1.00495
1270,1.00495
1271,1.01024
1272,1.00553
1273,1.012
1274,1.00825
1275,1.01267
1276,1.01707
1277,1.01707
1278,1.01187
1279,1.01266
1280,1.01942
1281,1.01986
1282,1.01572
1283,1.02408
1284,1.01742
1285,1.01596
1286,1.01596
1287,1.01214
1288,1.01429
1289,1.01429
1290,1.01854
1291,1.01856
1292,1.01211
1293,1.02053
1294,1.01489
1295,1.01674
1296,1.01084
1297,1.01084
1298,1.00673
1299,1.00765
1300,1.01603
1301,1.01603
1302,1.01603
1303,1.00346
1304,0.99699
1305,1.01041
1306,1.00003
1307,1.00782
1308,1.00787
1309,1.02574
1310,1.01476
1311,1.01459
1312,1.01459
1313,1.0267
1314,1.01995
1315,1.01247
1316,1.00343
1317,1.00057
1318,1.00057
1319,1.00861
1320,1.00519
1321,1.00519
1322,1.01417
1323,1.01417
1324,1.01424
1325,1.00606
1326,0.996408
1327,1.00412
1328,1.00639
1329,1.0037
1330,1.0022
1331,0.99738
1332,0.99738
1333,0.99738
1334,0.99738
1335,1.00565
1336,1.00166
1337,0.999687
1338,1.0014
1339,0.998997
1340,0.998997
1341,1.00088
1342,1.00137
1343,0.995163
1344,0.994428
1345,0.994695
1346,1.00075
1347,0.996269
1348,0.991465
1349,0.991843
1350,0.995513
1351,0.994343
1352,0.997091
1353,0.991176
1354,0.997626
1355,0.997626
1356,0.997626
1357,0.999746
1358,0.994859
1359,1.00246
1360,1.00325
1361,1.00452
1362,1.00452
1363,0.999907
1364,0.991662
1365,0.991662
1366,0.980697
1367,0.980713
1368,0.990874
1369,0.993802
1370,0.991622
1371,0.997897
1372,1.0018
1373,1.00408
1374,0.998654
1375,0.998654
1376,0.998654
1377,1.0156
1378,1.00381
1379,0.996864
1380,0.996864
1381,0.994361
1382,0.994296
1383,0.999038
1384,1.00062
1385,1.00062
1386,0.998533
1387,0.998533
1388,0.994449
1389,0.999054
1390,0.986357
1391,0.977795
1392,0.98769
1393,0.996947
1394,1.00767
1395,0.995374
1396,1.00852
1397,1.00932
1398,1.01904
1399,1.01824
1400,1.01781
1401,1.031
1402,1.03035
1403,1.02045
1404,1.01576
1405,1.01763
1406,1.01763
1407,1.01763
1408,1.01007
1409,1.01606
1410,1.0137
1411,1.00334
1412,0.997671
1413,0.997671
1414,0.994089
1415,0.996975
1416,1.00593
1417,1.00568
1418,1.00198
1419,1.00568
1420,1.00337
1421,1.00349
1422,1.00349
1423,1.00669
1424,1.00823
1425,1.00899
1426,1.01131
1427,1.01131
1428,1.00674
1429,1.00595
1430,1.00595
1431,1.00814
1432,1.00814
1433,1.01077
1434,1.01403
1435,1.00929
1436,1.01726
1437,1.01883
1438,1.00973
1439,1.00697
1440,1.00882
1441,1.01674
1442,1.01569
1443,1.01569
1444,1.01188
1445,1.00999
1446,1.00562
1447,1.00562
1448,1.00113
1449,1.01261
1450,1.01401
1451,1.01618
1452,1.01805
1453,1.00984
1454,1.00832
1455,1.00817
1456,1.01823
1457,1.01077
1458,1.01077
1459,1.01888
1460,1.01644
1461,1.01644
1462,1.02593
1463,1.02593
1464,1.02593
1465,1.02593
1466,1.01836
1467,1.02143
1468,1.01698
1469,1.01052
1470,1.00929
1471,1.01758
1472,1.01758
1473,1.01558
1474,1.01273
1475,1.01513
1476,1.01513
1477,1.01513
1478,1.01513
1479,1.01266
1480,1.01719
1481,1.01538
1482,1.00185
1483,1.00599
1484,1.01371
1485,1.01371
1486,1.01474
1487,1.01167
1488,1.00831
1489,1.00942
1490,1.01293
1491,1.01404
1492,1.00183
1493,0.999805
1494,0.999805
1495,0.997832
1496,1.01091
1497,1.02047
1498,1.01889
1499,1.01709
1500,1.0092
1501,1.00392
1502,1.00724
1503,1.01415
1504,1.01415
1505,1.00605
1506,1.0109
1507,1.01242
1508,1.00882
1509,1.00441
1510,0.993777
1511,0.997751
1512,1.0009
1513,1.00743
1514,0.998032
1515,1.00383
1516,1.00189
1517,1.00541
1518,1.00554
1519,1.0035
1520,1.0035
1521,1.0035
1522,1.00835
1523,1.00835
1524,1.00835
1525,1.01009
1526,1.00704
1527,1.0086
1528,1.00952
1529,0.999316
1530,0.995738
1531,0.995391
1532,0.993789
1533,0.987453
1534,1.00057
1535,0.995805
1536,0.984957
1537,0.989952
1538,0.991052
1539,0.997382
1540,0.999145
1541,1.00087
1542,0.99433
1543,1.00164
1544,1.00385
1545,1.00174
1546,0.997821
1547,0.999817
1548,0.999817
1549,0.999817
1550,0.984411
1551,0.993352
1552,0.994698
1553,0.993269
1554,0.993667
1555,0.995584
1556,1.00029
1557,1.00769
1558,1.00769
1559,1.00967
1560,1.00945
1561,1.00563
1562,1.00703
1563,1.01458
1564,1.00619
1565,1.00619
1566,1.01633
1567,1.01633
1568,1.00063
1569,1.00893
1570,1.01124
1571,1.00475
1572,1.00472
1573,1.00158
1574,1.00957
1575,1.0132
1576,1.01966
1577,1.01686
1578,1.01558
1579,1.01285
1580,1.01285
1581,1.00664
1582,1.00863
1583,1.0129
1584,1.01101
1585,1.01565
1586,1.02347
1587,1.02063
1588,1.01281
1589,1.0055
1590,1.0256
1591,1.0115
1592,1.01291
1593,1.01
1594,1.01
1595,1.00951
1596,0.994396
1597,0.989422
1598,0.997588
1599,0.997588
1600,1.00114
1601,0.995128
1602,1.00145
1603,1.00145
1604,1.00095
1605,1.00095
1606,1.0006
1607,1.0006
1608,1.0006
1609,1.0006
1610,0.998849
1611,1.00715
1612,1.00936
1613,1.01705
1614,1.01494
1615,1.01494
1616,1.01341
1617,1.01341
1618,1.01387
1619,1.0081
1620,1.00231
1621,0.990854
1622,0.987051
1623,0.991971
1624,0.983775
1625,0.991746
1626,0.983019
1627,0.992989
1628,0.984215
1629,0.990041
1630,0.989745
1631,0.984524
1632,0.993805
1633,0.994291
1634,0.989909
1635,0.994915
1636,1.00396
1637,0.999429
1638,1.00511
1639,1.00765
1640,0.995508
1641,0.996796
1642,1.0055
1643,1.00881
1644,1.00945
1645,1.01939
1646,1.00978
1647,0.999956
1648,0.996997
1649,0.99938
1650,0.996272
1651,1.01331
1652,1.01331
1653,1.01331
1654,1.01396
1655,1.01057
1656,1.01384
1657,1.00275
1658,1.00798
1659,1.00227
1660,1.00227
1661,1.00227
1662,1.00703
1663,1.0137
1664,1.02023
1665,1.01586
1666,1.01586
1667,1.01175
1668,1.01534
1669,1.01623
1670,1.01623
1671,1.00863
1672,1.00897
1673,0.994715
1674,0.991416
1675,0.996548
1676,0.994044
1677,0.99675
1678,1.00001
1679,1.00254
1680,1.01741
1681,1.01741
1682,1.01741
1683,1.00323
1684,1.00323
1685,1.00052
1686,1.00079
1687,1.00079
1688,1.00079
1689,1.00107
1690,0.999566
1691,0.996439
1692,1.00518
1693,1.0006
1694,1.0006
1695,1.00935
1696,1.00474
1697,1.00474
1698,1.00715
1699,1.00217
1700,1.01557
1701,1.01557
1702,1.01557
1703,1.01557
1704,1.00633
1705,0.999221
1706,1.01224
1707,1.01353
1708,1.01689
1709,1.01689
1710,1.00791
1711,1.0057
1712,0.999747
1713,1.00508
1714,1.00508
1715,1.00681
1716,1.01189
1717,1.01653
1718,1.01653
1719,1.01291
1720,1.01291
1721,1.01637
1722,1.01838
1723,1.0202
1724,1.02281
1725,1.02387
1726,1.02387
1727,1.02052
1728,1.02589
1729,1.02589
1730,1.01269
1731,1.01861
1732,1.01136
1733,1.00185
1734,1.00536
1735,1.01463
1736,1.01308
1737,1.0056
1738,1.0025
1739,1.001
1740,0.998497
1741,0.99674
1742,1.01931
1743,1.01931
1744,1.00948
1745,0.998742
1746,0.998742
1747,1.01216
1748,1.00792
1749,1.00666
1750,0.997555
1751,0.995377
1752,0.991492
1753,1.00466
1754,1.00283
1755,1.00843
1756,1.00843
1757,0.994932
1758,1.00287
1759,1.0034
1760,1.00267
1761,1.00011
1762,1.00011
1763,0.998569
1764,1.00637
1765,1.01546
1766,1.00546
1767,1.01849
1768,1.01066
1769,1.01678
1770,1.01415
1771,1.01629
1772,1.0004
1773,1.0004
1774,1.01234
1775,1.02473
1776,1.01713
1777,1.0183
1778,1.00059
1779,1.01823
1780,1.01919
1781,1.01919
1782,1.01919
1783,1.01817
1784,1.02007
1785,1.02308
1786,1.02308
1787,1.02308
1788,1.01089
1789,1.00401
1790,1.00401
1791,1.00401
1792,0.999811
1793,0.994537
1794,0.996759
1795,0.999567
1796,1.00105
1797,1.01769
1798,1.01205
1799,1.01205
1800,1.00842
1801,1.00842
1802,1.01265
1803,1.004
1804,0.993391
1805,0.999341
1806,0.997362
1807,0.996492
1808,0.983538
1809,0.986815
1810,0.997139
1811,0.998687
1812,1.00699
1813,1.00603
1814,1.00497
1815,1.00497
1816,1.01071
1817,1.00033
1818,1.00119
1819,1.0087
1820,1.00817
1821,1.00605
1822,1.00605
1823,1.0118
1824,1.01571
1825,1.01697
1826,1.00211
1827,1.0109
1828,0.994525
1829,1.00295
1830,1.00295
1831,1.01214
1832,1.00572
1833,0.997743
1834,1.02505
1835,1.01131
1836,1.011
1837,1.0028
1838,1.0028
1839,0.998444
1840,0.996217
1841,0.996217
1842,0.996141
1843,0.992709
1844,0.991527
1845,0.998315
1846,1.00025
1847,1.01274
1848,1.00995
1849,1.0114
1850,1.00806
1851,0.997953
1852,0.994118
1853,0.995438
1854,0.998095
1855,1.00319
1856,0.999989
1857,1.00889
1858,1.00924
1859,1.00924
1860,1.01327
1861,1.01161
1862,1.00963
1863,1.01548
1864,1.01548
1865,1.01399
1866,1.01214
1867,1.01214
1868,1.00872
1869,1.00773
1870,1.00548
1871,1.01263
1872,1.00813
1873,1.01012
1874,1.00563
1875,1.00818
1876,1.00255
1877,1.00692
1878,1.01445
1879,1.01445
1880,1.02258
1881,1.02258
1882,1.02936
1883,1.03054
1884,1.01565
1885,1.01653
1886,1.00257
1887,1.00535
1888,1.00402
1889,0.993712
1890,0.989366
1891,0.989366
1892,0.9972
1893,0.985975
1894,0.995134
1895,1.00678
1896,1.01665
1897,1.00759
1898,1.00399
1899,1.01036
1900,1.00257
1901,1.00187
1902,1.01101
1903,1.01215
1904,1.00453
1905,1.00453
1906,1.01404
1907,0.996618
1908,1.00618
1909,1.00511
1910,0.998073
1911,1.00653
1912,1.00742
1913,1.01898
1914,1.01709
1915,1.01709
1916,1.02033
1917,1.02033
1918,1.02081
1919,1.02183
1920,1.01362
1921,1.02513
1922,1.02513
1923,1.01568
1924,1.01568
1925,1.01568
1926,1.00423
1927,1.01043
1928,1.01296
1929,1.0271
1930,1.01775
1931,1.01098
1932,1.01098
1933,1.01754
1934,1.00793
1935,1.01179
1936,1.01363
1937,1.01363
1938,1.01892
1939,1.01221
1940,1.02042
1941,1.02288
1942,1.02721
1943,1.01826
1944,1.01982
1945,1.02065
1946,1.02065
1947,1.01931
1948,1.02033
1949,1.0094
1950,1.0065
1951,1.01343
1952,1.01913
1953,1.00017
1954,1.00913
1955,1.00195
1956,1.00244
1957,1.00348
1958,0.997284
1959,0.989098
1960,0.999035
1961,1.00408
1962,1.00408
1963,1.00266
1964,1.00568
1965,1.00824
1966,1.00738
1967,1.00909
1968,1.01354
1969,1.01116
1970,1.005
1971,1.01333
1972,1.0019
1973,1.0019
1974,1.00928
1975,1.00409
1976,0.993051
1977,0.994412
1978,0.989097
1979,0.989097
1980,0.996749
1981,0.994726
1982,1.00059
1983,1.00278
1984,1.00278
1985,1.00673
1986,1.01647
1987,1.01322
1988,1.0156
1989,1.02082
1990,1.02519
1991,1.01642
1992,1.02026
1993,1.02135
1994,1.00966
1995,1.02512
1996,1.01203
1997,1.01569
1998,1.01706
1999,1.01653
2000,1.02052
2001,1.02052
2002,1.02052
2003,1.02052
2004,1.02217
2005,1.02583
2006,1.01862
2007,1.02025
2008,1.01252
2009,1.01954
2010,1.02523
2011,1.01926
2012,1.01371
2013,1.01433
2014,1.00982
2015,1.00982
2016,1.00637
2017,1.0178
2018,1.01937
2019,1.00757
2020,1.00525
2021,1.00533
2022,1.01414
2023,1.01434
2024,1.00905
2025,1.00235
2026,1.00235
2027,1.01605
2028,1.01405
2029,1.01571
2030,1.0059
2031,1.00782
2032,1.00477
2033,1.01801
2034,1.00515
2035,1.00249
2036,1.00353
2037,1.00478
2038,1.00365
2039,1.00365
2040,1.01717
2041,1.01035
2042,1.02344
2043,1.02691
2044,1.01847
2045,1.02821
2046,1.01759
2047,1.01669
2048,1.0157
2049,1.0157
2050,1.0171
2051,1.0171
2052,1.0171
2053,1.0171
2054,1.01451
2055,1.01504
2056,1.01504
2057,1.00857
2058,1.00399
2059,1.00779
2060,1.00779
2061,1.0077
2062,1.0077
2063,1.0077
2064,1.0077
2065,1.00568
2066,0.999203
2067,1.0037
2068,1.0037
2069,1.00166
2070,1.00293
2071,1.01151
2072,1.01151
2073,1.00936
2074,0.998745
2075,1.00283
2076,1.00976
2077,1.00817
2078,0.998845
2079,1.00077
2080,0.995358
2081,1.0052
2082,0.998721
2083,0.998098
2084,1.00197
2085,1.00197
2086,1.00632
2087,1.00632
2088,1.00624
2089,1.00624
2090,1.0069
2091,1.01098
2092,1.0028
2093,1.00857
2094,1.00583
2095,1.00215
2096,1.01824
2097,1.00616
2098,1.00545
2099,0.997346
2100,0.997596
2101,0.993898
2102,1.00502
2103,1.01865
2104,1.01865
2105,1.02018
2106,1.01819
2107,1.02216
2108,1.01535
2109,1.01535
2110,1.01535
2111,1.01535
2112,1.01902
2113,1.00043
2114,1.0102
2115,1.02604
2116,1.03277
2117,1.02576
2118,1.02179
2119,1.01592
2120,1.02145
2121,1.02288
2122,1.03365
2123,1.03365
2124,1.02403
2125,1.02403
2126,1.02403
2127,1.02403
2128,1.03163
2129,1.03163
2130,1.03163
2131,1.03163
2132,1.01945
2133,1.00549
2134,1.01137
2135,1.01412
2136,1.01414
2137,1.01414
2138,1.01118
2139,0.994248
2140,1.00099
2141,1.00319
2142,1.0124
2143,1.0013
2144,1.00977
2145,1.01313
2146,1.00195
2147,1.00195
2148,1.00195
2149,1.01069
2150,1.01516
2151,1.00569
2152,1.00569
2153,1.01006
2154,1.01851
2155,1.00529
2156,0.995352
2157,0.992265
2158,0.992265
2159,0.988955
2160,0.992562
2161,0.990808
2162,0.997592
2163,0.997592
2164,1.01243
2165,1.01096
2166,1.00849
2167,0.9981
2168,1.00656
2169,1.00089
2170,1.00371
2171,1.00358
2172,1.00416
2173,1.0008
2174,0.990599
2175,0.99936
2176,0.998929
2177,1.01347
2178,1.01403
2179,1.01403
2180,1.00896
2181,1.00896
2182,1.00896
2183,1.01019
2184,1.01019
2185,1.01074
2186,1.01699
2187,1.02321
2188,1.01713
2189,1.00697
2190,1.00416
2191,1.00696
2192,1.01218
2193,1.01958
2194,1.02322
2195,1.01764
2196,1.02333
2197,1.02507
2198,1.02183
2199,1.02646
2200,1.02131
2201,1.02182
2202,1.02202
2203,1.02202
2204,1.02397
2205,1.01123
2206,1.00945
2207,1.00945
2208,1.00285
2209,1.00086
2210,1.00499
2211,1.00499
2212,1.0074
2213,1.0074
2214,1.0118
2215,1.0118
2216,1.0118
2217,1.0118
2218,1.01238
2219,1.01283
2220,1.01283
2221,1.01283
2222,1.01749
2223,1.00282
2224,1.00767
2225,1.0062
2226,1.0062
2227,1.00984
2228,1.00348
2229,1.0006
2230,1.00707
2231,1.00961
2232,1.0237
2233,1.0237
2234,1.01466
2235,1.00975
2236,1.00565
2237,1.01151
2238,1.01344
2239,1.00527
2240,1.00983
2241,1.00669
2242,1.00669
2243,1.01314
2244,1.01201
2245,1.00658
2246,1.00753
2247,1.0016
2248,1.00755
2249,0.999173
2250,0.99923
2251,0.996602
2252,1.00561
2253,0.998692
2254,0.991745
2255,0.99429
2256,0.998589
2257,0.983889
2258,0.985567
2259,0.985567
2260,0.980113
2261,0.980113
2262,0.995276
2263,1.00442
2264,1.00176
2265,0.997823
2266,0.993943
2267,0.997831
2268,0.991828
2269,1.00388
2270,1.00388
2271,1.00179
2272,1.00179
2273,0.990859
2274,0.985061
2275,0.990917
2276,0.995333
2277,0.999034
2278,1.0025
2279,1.00808
2280,1.00179
2281,0.995694
2282,1.00346
2283,1.00346
2284,0.991084
2285,0.991084
2286,1.00088
2287,0.996596
2288,0.996596
2289,0.992347
2290,0.999603
2291,0.99733
2292,1.0105
2293,1.0105
2294,1.0107
2295,1.01663
2296,1.021
2297,1.00627
2298,1.00627
2299,1.00627
2300,1.01164
2301,1.00748
2302,1.01045
2303,1.00961
2304,1.01448
2305,1.00574
2306,0.997939
2307,1.00144
2308,1.00079
2309,1.01362
2310,1.01362
2311,1.01939
2312,1.00985
2313,1.0221
2314,1.01854
2315,1.03063
2316,1.02792
2317,1.02537
2318,1.02679
2319,1.00631
2320,1.0086
2321,1.0086
2322,1.0086
2323,1.0126
2324,1.01529
2325,1.01529
2326,1.01366
2327,1.00751
2328,1.01093
2329,1.01525
2330,1.00626
2331,1.00594
2332,1.00023
2333,1.00819
2334,1.00825
2335,0.994507
2336,1.00129
2337,1.00423
2338,1.00045
2339,0.99183
2340,0.993847
2341,1.00594
2342,1.00707
2343,1.00707
2344,1.01126
2345,0.994173
2346,0.996249
2347,0.997006
2348,0.989841
2349,1.00221
2350,0.997298
2351,0.999447
2352,1.00478
2353,1.00163
2354,1.00163
2355,1.0037
2356,1.0009
2357,1.0009
2358,1.0009
2359,1.00915
2360,1.00915
2361,1.00835
2362,1.01364
2363,1.01348
2364,1.00666
2365,1.00177
2366,1.00177
2367,1.00177
2368,1.00542
2369,0.997905
2370,0.993587
2371,0.993587
2372,0.987366
2373,0.993437
2374,0.995149
2375,0.995149
2376,0.996405
2377,0.999915
2378,0.999915
2379,1.00409
2380,1.00823
2381,1.00975
2382,1.00945
2383,1.01382
2384,1.00994
2385,1.00994
2386,1.00994
2387,1.01413
2388,1.01413
2389,1.01333
2390,1.01681
2391,1.01092
2392,1.01092
2393,1.01092
2394,1.0121
2395,1.0121
2396,1.01728
2397,1.02012
2398,1.02201
2399,1.02487
2400,1.02404
2401,1.02404
2402,1.02459
2403,1.02459
2404,1.02966
2405,1.02859
2406,1.02979
2407,1.02979
2408,1.02564
2409,1.01289
2410,1.0092
2411,1.01413
2412,1.01413
2413,1.00294
2414,1.0098
2415,1.02066
2416,1.00977
2417,1.01512
2418,1.0209
2419,1.0029
2420,1.00782
2421,1.00643
2422,1.00643
2423,1.01321
2424,1.01321
2425,1.01321
2426,0.996533
2427,1.00141
2428,1.00552
2429,1.00212
2430,1.00131
2431,0.988783
2432,0.988783
2433,1.00256
2434,1.00022
2435,1.00108
2436,1.00932
2437,1.00334
2438,0.999735
2439,1.01431
2440,1.01855
2441,1.013
2442,1.00737
2443,1.00737
2444,1.00737
2445,1.00343
2446,1.00343
2447,1.01043
2448,1.02474
2449,1.02068
2450,1.02646
2451,1.02646
2452,1.02693
2453,1.03259
2454,1.03145
2455,1.03145
2456,1.02285
2457,1.01748
2458,1.01382
2459,1.01233
2460,1.01926
2461,1.01926
2462,1.01926
2463,1.01926
2464,1.01587
2465,1.02651
2466,1.02651
2467,1.01319
2468,1.01963
2469,1.01963
2470,1.01512
2471,1.01818
2472,1.01743
2473,1.01743
2474,1.01324
2475,1.01324
2476,1.01324
2477,1.01411
2478,1.00541
2479,1.00679
2480,0.997399
2481,1.00445
2482,1.01319
2483,1.00311
2484,1.00403
2485,1.00403
2486,1.00429
2487,0.993551
2488,0.993551
2489,0.996264
2490,0.993695
2491,0.997001
2492,0.997001
2493,0.997001
2494,0.9967
2495,1.00294
2496,1.00306
2497,1.00306
2498,1.01184
2499,1.01107
2500,1.01299
2501,1.01299
2502,1.01442
2503,1.01289
2504,1.01305
2505,1.01209
2506,1.00494
2507,1.01661
2508,1.00537
2509,0.995854
2510,0.995854
2511,1.00307
2512,1.01425
2513,1.01016
2514,1.01173
2515,1.01717
2516,1.01504
2517,1.01019
2518,1.01658
2519,1.01231
2520,1.01154
2521,1.01154
2522,0.989729
2523,0.992799
2524,1.00561
2525,1.00071
2526,1.00071
2527,0.998289
2528,1.00678
2529,1.00678
2530,1.00462
2531,1.00462
2532,1.00332
2533,1.00332
2534,1.01235
2535,1.01592
2536,1.02021
2537,1.01847
2538,1.00961
2539,1.01685
2540,1.02221
2541,1.02705
2542,1.01769
2543,1.01769
2544,1.01769
2545,1.02552
2546,1.02186
2547,1.01907
2548,1.00241
2549,1.00241
2550,1.00308
2551,1.00639
2552,1.00639
2553,1.00679
2554,1.00423
2555,1.01469
2556,1.01048
2557,1.02389
2558,1.02389
2559,1.00891
2560,0.999043
2561,1.0113
2562,1.00448
2563,1.00448
2564,0.998295
2565,0.99971
2566,0.99971
2567,1.00644
2568,1.00644
2569,1.01154
2570,1.00054
2571,1.00636
2572,1.00636
2573,1.00571
2574,0.997644
2575,0.999999
2576,0.994877
2577,0.992613
2578,0.994601
2579,0.994601
2580,1.00117
2581,1.01094
2582,1.01094
2583,1.01094
2584,1.00503
2585,0.998418
2586,1.0018
2587,1.00604
2588,1.00271
2589,1.00352
2590,1.00967
2591,1.0089
2592,1.01283
2593,1.00465
2594,1.01056
2595,0.994698
2596,1.0038
2597,0.991457
2598,0.9964
2599,0.9964
2600,1.00575
2601,1.00503
2602,1.01226
2603,1.00811
2604,1.00276
2605,1.01528
2606,1.01286
2607,1.01115
2608,1.00449
2609,1.00583
2610,1.00903
2611,1.00903
2612,1.01716
2613,1.02848
2614,1.02611
2615,1.01795
2616,1.0152
2617,1.00392
2618,1.01865
2619,1.00772
2620,1.00587
2621,1.01213
2622,1.0077
2623,1.00774
2624,1.00131
2625,1.02233
2626,1.02233
2627,1.02233
2628,1.0051
2629,0.993922
2630,1.00012
2631,1.00288
2632,1.00288
2633,1.00107
2634,1.00457
2635,1.00457
2636,1.00747
2637,0.999288
2638,0.9898
2639,1.00141
2640,1.00141
2641,1.00141
2642,1.01096
2643,1.00638
2644,1.01186
2645,1.00955
2646,1.00955
2647,1.00955
2648,1.01461
2649,1.01461
2650,1.00785
2651,1.0056
2652,1.0056
2653,1.0056
2654,1.00943
2655,0.995279
2656,0.994314
2657,0.995706
2658,0.987494
2659,0.987494
2660,0.982226
2661,0.989731
2662,0.989731
2663,0.993874
2664,1.00246
2665,0.999638
2666,0.999638
2667,0.999638
2668,0.991185
2669,0.987526
2670,0.977583
2671,0.984716
2672,0.984716
2673,0.989212
2674,0.987782
2675,0.992302
2676,1.00003
2677,1.00948
2678,1.01004
2679,1.00425
2680,1.01016
2681,1.01225
2682,1.02107
2683,1.02521
2684,1.0121
2685,1.01203
2686,1.01092
2687,0.998063
2688,0.998204
2689,0.997681
2690,1.0133
2691,1.015
2692,1.00445
2693,1.00388
2694,1.00388
2695,1.00409
2696,1.01046
2697,1.01046
2698,1.01046
2699,1.0078
2700,1.01139
2701,1.00174
2702,0.999248
2703,0.998928
2704,1.00546
2705,1.00546
2706,0.996744
2707,1.01298
2708,1.01983
2709,1.01237
2710,1.02953
2711,1.01536
2712,1.02039
2713,1.02039
2714,1.0125
2715,1.01482
2716,1.01966
2717,1.01164
2718,1.01214
2719,1.02181
2720,1.00787
2721,1.00912
2722,1.00912
2723,1.00807
2724,1.02062
2725,1.01164
2726,1.01978
2727,1.01978
2728,1.01518
2729,1.00078
2730,1.0159
2731,1.0159
2732,1.01203
2733,1.01203
2734,1.01387
2735,1.00325
2736,1.00325
2737,1.00071
2738,1.00071
2739,1.00672
2740,0.998053
2741,0.998053
2742,0.995519
2743,0.986368
2744,0.98163
2745,0.979705
2746,0.983095
2747,0.984685
2748,0.984382
2749,0.993559
2750,0.993559
2751,0.993559
2752,0.992226
2753,0.991865
2754,1.00147
2755,0.998864
2756,0.989546
2757,0.985206
2758,0.990504
2759,0.997396
2760,0.994984
2761,1.00142
2762,1.00625
2763,1.00625
2764,1.00591
2765,1.01643
2766,1.01153
2767,1.00392
2768,1.01046
2769,1.00265
2770,0.994591
2771,0.98676
2772,0.981048
2773,0.981048
2774,0.99323
2775,0.993272
2776,0.997763
2777,1.00113
2778,1.00014
2779,1.00121
2780,1.00121
2781,0.986068
2782,0.988286
2783,0.993959
2784,0.999804
2785,0.998273
2786,0.990497
2787,1.00421
2788,0.996052
2789,0.989327
2790,0.996556
2791,0.999352
2792,0.996871
2793,1.00036
2794,1.00212
2795,1.00867
2796,1.00443
2797,1.00253
2798,1.01174
2799,1.00858
2800,1.00542
2801,1.00306
2802,1.00206
2803,1.00932
2804,1.00819
2805,1.01153
2806,1.01467
2807,1.00928
2808,0.997875
2809,0.995698
2810,1.00178
2811,1.00425
2812,1.00425
2813,1.00689
2814,1.00101
2815,1.00101
2816,1.00045
2817,1.00045
2818,1.00045
2819,0.997921
2820,1.00485
2821,1.00306
2822,1.00374
2823,1.00335
2824,1.00885
2825,1.01091
2826,1.01166
2827,1.01245
2828,1.01403
2829,1.0078
2830,1.00631
2831,1.00631
2832,1.00471
2833,1.00511
2834,1.00511
2835,1.01237
2836,1.01237
2837,1.00588
2838,1.00651
2839,1.00707
2840,1.00707
2841,1.0028
2842,1.00524
2843,1.01252
2844,1.01513
2845,1.0126
2846,1.01174
2847,1.01243
2848,1.0077
2849,1.0079
2850,1.0079
2851,1.00645
2852,1.00151
2853,1.00275
2854,1.00551
2855,1.00973
2856,1.00973
2857,1.01235
2858,1.00903
2859,1.00386
2860,0.995396
2861,0.999491
2862,1.00482
2863,1.00088
2864,1.00088
2865,1.00088
2866,1.00088
2867,1.00088
2868,0.993348
2869,1.00998
2870,1.00206
2871,1.00212
2872,1.00313
2873,1.00313
2874,1.00405
2875,1.00945
2876,1.01914
2877,1.02571
2878,1.02571
2879,1.02574
2880,1.0139
2881,1.01317
2882,1.00653
2883,0.996251
2884,0.991693
2885,0.991693
2886,0.989663
2887,0.989663
2888,1.00266
2889,0.999761
2890,0.988295
2891,0.98125
2892,0.98125
2893,0.989589
2894,0.987898
2895,0.984481
2896,0.984481
2897,0.976094
2898,0.989572
2899,0.984895
2900,0.981164
2901,0.974333
2902,0.965334
2903,0.965334
2904,0.965334
2905,0.9681
2906,0.971819
2907,0.971819
2908,0.981922
2909,0.985518
2910,0.979096
2911,0.980692
2912,0.981434
2913,0.981434
2914,0.976852
2915,0.983699
2916,0.983642
2917,0.983642
2918,0.992383
2919,1.00134
2920,1.00134
2921,1.00074
2922,1.00893
2923,1.00893
2924,1.00912
2925,1.00747
2926,1.01521
2927,1.01309
2928,1.01309
2929,1.01309
2930,1.01121
2931,1.00906
2932,1.00799
2933,0.998459
2934,1.01331
2935,1.01042
2936,1.00655
2937,0.99555
2938,0.992489
2939,0.998857
2940,0.998857
2941,1.00284
2942,1.00284
2943,1.00284
2944,1.00284
2945,1.00165
2946,1.00165
2947,1.00761
2948,1.00206
2949,1.00206
2950,0.996842
2951,0.996349
2952,0.997532
2953,1.00827
2954,1.00773
2955,1.00773
2956,1.00001
2957,1.00157
2958,0.998878
2959,1.00804
2960,1.00612
2961,1.00424
2962,0.999997
2963,1.01383
2964,1.00811
2965,1.00811
2966,1.00811
2967,0.994933
2968,0.994933
2969,0.993901
2970,0.998986
2971,0.998986
2972,0.996704
2973,0.993635
2974,0.975979
2975,0.976393
2976,0.98924
2977,0.9877
2978,0.984469
2979,0.984469
2980,0.999784
2981,0.99911
2982,1.00143
2983,1.00882
2984,1.00552
2985,1.00475
2986,1.0114
2987,1.00614
2988,1.00511
2989,1.0064
2990,1.00525
2991,1.00627
2992,1.00627
2993,1.00318
2994,1.02089
2995,1.01943
2996,1.02566
2997,1.02566
2998,1.03456
2999,1.03456
3000,1.02624
3001,1.0239
3002,1.03012
3003,1.02186
3004,1.01886
3005,1.01886
3006,1.0144
3007,1.0144
3008,1.01895
3009,1.01198
3010,1.01382
3011,1.018
3012,1.02464
3013,1.0231
3014,1.02766
3015,1.01241
3016,1.00962
3017,1.00802
3018,1.01019
3019,1.01019
3020,1.00139
3021,0.998986
3022,1.00119
3023,1.00449
3024,1.00434
3025,1.00434
3026,1.01091
3027,1.01587
3028,1.01587
3029,1.01892
3030,1.00758
3031,1.0077
3032,1.00556
3033,0.99798
3034,1.00237
3035,1.00003
3036,1.00003
3037,0.999777
3038,1.00521
3039,1.00521
3040,1.00948
3041,1.01462
3042,1.01411
3043,1.01233
3044,1.02457
3045,1.01363
3046,1.01363
3047,1.01637
3048,1.01928
3049,1.00571
3050,0.992067
3051,0.987038
3052,0.987038
3053,0.989038
3054,0.989426
3055,0.99899
3056,1.00057
3057,1.00347
3058,1.00901
3059,1.00901
3060,1.01331
3061,1.01689
3062,1.00985
3063,1.00268
3064,1.00268
3065,1.00268
3066,1.00114
3067,1.01235
3068,1.00377
3069,1.0022
3070,0.995611
3071,0.995611
3072,1.00049
3073,1.00678
3074,1.00616
3075,1.00584
3076,1.00172
3077,1.0007
3078,0.996011
3079,0.996011
3080,1.00571
3081,1.00904
3082,1.00904
3083,1.00778
3084,0.999108
3085,0.996381
3086,0.987203
3087,0.981969
3088,0.994308
3089,0.996995
3090,0.991246
3091,0.984234
3092,0.995874
3093,0.995874
3094,1.00566
3095,1.00781
3096,1.00012
3097,1.00508
3098,1.00406
3099,1.00622
3100,1.00898
3101,1.02198
3102,1.02447
3103,1.02318
3104,1.01142
3105,1.01123
3106,1.01139
3107,1.00514
3108,1.00841
3109,0.997238
3110,0.997238
3111,0.993254
3112,0.998358
3113,0.997544
3114,0.997544
3115,1.00075
3116,1.00496
3117,1.00496
3118,0.997698
3119,1.00884
3120,1.01131
3121,1.01431
3122,1.0147
3123,1.0156
3124,1.01993
3125,1.01718
3126,1.0151
3127,1.01995
3128,1.01916
3129,1.01832
3130,1.0227
3131,1.01427
3132,1.01427
3133,1.01427
3134,1.01427
3135,1.00683
3136,1.00683
3137,1.01409
3138,1.01091
3139,1.01091
3140,1.01091
3141,1.01091
3142,1.01654
3143,1.02169
3144,1.02113
3145,1.02093
3146,1.0205
3147,1.02491
3148,1.03357
3149,1.01895
3150,1.0229
3151,1.02109
3152,1.02109
3153,1.02977
3154,1.02765
3155,1.02765
3156,1.02736
3157,1.02736
3158,1.02421
3159,1.02845
3160,1.02519
3161,1.02226
3162,1.01215
3163,1.01887
3164,1.01034
3165,1.00659
3166,1.0128
3167,1.02481
3168,1.00778
3169,1.00477
3170,1.00477
3171,1.01022
3172,1.01032
3173,1.01878
3174,1.01888
3175,1.02736
3176,1.03085
3177,1.03072
3178,1.02286
3179,1.01454
3180,1.01397
3181,1.01795
3182,1.01487
3183,1.00734
3184,1.01286
3185,1.00876
3186,1.00876
3187,1.01113
3188,1.01509
3189,1.01188
3190,1.0197
3191,1.02445
3192,1.01739
3193,1.02218
3194,1.02728
3195,1.02636
3196,1.01854
3197,1.00081
3198,1.00645
3199,0.999258
3200,0.996471
3201,1.00819
3202,1.01355
3203,0.999299
3204,0.985411
3205,1.0012
3206,1.0012
3207,1.0012
3208,1.00228
3209,1.01263
3210,1.01405
3211,1.02265
3212,1.01541
3213,1.01071
3214,1.01724
3215,1.01724
3216,1.01763
3217,1.01763
3218,1.00935
3219,1.00242
3220,1.00954
3221,1.01535
3222,1.00919
3223,1.00197
3224,1.00306
3225,1.00306
3226,1.00778
3227,1.01387
3228,1.00295
3229,1.00295
3230,1.00064
3231,1.00062
3232,0.996124
3233,0.998262
3234,0.999456
3235,1.01763
3236,1.0031
3237,1.0026
3238,1.01
3239,1.01
3240,1.01064
3241,1.01838
3242,1.00487
3243,1.00487
3244,1.00743
3245,1.00743
3246,1.00617
3247,1.00556
3248,1.01151
3249,1.01151
3250,1.01151
3251,1.01344
3252,1.01344
3253,1.00721
3254,0.996018
3255,1.00307
3256,1.00233
3257,1.00233
3258,0.994197
3259,1.0004
3260,0.998839
3261,0.997221
3262,0.997434
3263,0.995499
3264,0.995499
3265,0.995499
3266,1.00299
3267,1.00062
3268,1.00434
3269,1.00648
3270,1.00557
3271,1.01531
3272,1.01531
3273,1.0135
3274,1.01263
3275,1.01665
3276,1.01195
3277,1.00551
3278,1.00821
3279,1.0197
3280,1.02322
3281,1.01779
3282,1.01779
3283,1.00998
3284,1.01197
3285,1.00016
3286,1.01362
3287,1.01034
3288,1.00905
3289,1.01434
3290,1.02185
3291,1.02501
3292,1.02501
3293,1.02115
3294,1.01578
3295,1.0172
3296,1.01965
3297,1.01965
3298,1.02936
3299,1.02834
3300,1.02592
3301,1.02903
3302,1.03745
3303,1.03235
3304,1.02886
3305,1.02886
3306,1.0273
3307,1.0273
3308,1.0273
3309,1.02382
3310,1.02382
3311,1.02461
3312,1.02461
3313,1.02827
3314,1.02261
3315,1.02445
3316,1.02445
3317,1.01918
3318,1.01935
3319,1.01827
3320,1.01827
3321,1.01827
3322,1.0069
3323,1.01451
3324,1.01355
3325,1.01443
3326,1.01575
3327,1.00514
3328,1.00788
3329,1.01477
3330,1.02488
3331,1.01805
3332,1.01198
3333,1.01506
3334,0.994413
3335,0.993061
3336,0.993061
3337,0.997915
3338,0.997915
3339,0.993341
3340,0.993341
3341,0.985582
3342,1.00101
3343,1.00101
3344,1.00001
3345,0.994672
3346,1.0085
3347,0.999534
3348,0.999534
3349,1.00493
3350,1.00045
3351,1.01518
3352,1.01535
3353,1.013
3354,1.00797
3355,1.00176
3356,1.00176
3357,1.00233
3358,1.00085
3359,1.00552
3360,1.00201
3361,1.00092
3362,1.00231
3363,1.00231
3364,1.00212
3365,0.992743
3366,0.992743
3367,0.991936
3368,0.989454
3369,1.00102
3370,1.00102
3371,1.00523
3372,1.00523
3373,1.00523
3374,1.00745
3375,1.00868
3376,1.01258
3377,1.01912
3378,1.02717
3379,1.02691
3380,1.02691
3381,1.02807
3382,1.01238
3383,1.01845
3384,1.0358
3385,1.03192
3386,1.02256
3387,1.02149
3388,1.023
3389,1.023
3390,1.023
3391,1.02263
3392,1.0168
3393,1.01135
3394,1.01135
3395,1.01512
3396,1.02179
3397,1.01776
3398,1.01341
3399,1.01341
3400,1.01386
3401,1.01386
3402,1.01386
3403,1.00225
3404,1.00225
3405,0.999336
3406,0.992841
3407,1.00451
3408,0.997736
3409,1.00525
3410,1.00575
3411,1.00575
3412,1.00575
3413,1.01126
3414,1.01051
3415,1.01039
3416,1.01025
3417,1.01521
3418,1.02164
3419,1.02164
3420,1.01886
3421,1.01886
3422,1.01644
3423,1.01515
3424,1.01943
3425,1.02575
3426,1.0187
3427,1.0187
3428,1.01871
3429,1.02004
3430,1.01189
3431,1.01189
3432,1.01189
3433,1.001
3434,0.999977
3435,1.01188
3436,1.00721
3437,1.01102
3438,1.01273
3439,0.996105
3440,0.998649
3441,1.00028
3442,1.00511
3443,0.993947
3444,1.00291
3445,0.994573
3446,0.994573
3447,0.981987
3448,0.98664
3449,0.980711
3450,0.988203
3451,0.996286
3452,0.996286
3453,0.996286
3454,0.996286
3455,1.00617
3456,0.993663
3457,1.00541
3458,1.00463
3459,0.98991
3460,0.992345
3461,0.999163
3462,1.00208
3463,0.997329
3464,1.00276
3465,1.00529
3466,1.00354
3467,0.998592
3468,0.998592
3469,1.00482
3470,1.01604
3471,1.02348
3472,1.02348
3473,1.0116
3474,1.01485
3475,1.01485
3476,1.01485
3477,1.02111
3478,1.02175
3479,1.01423
3480,1.01423
3481,1.01507
3482,1.01425
3483,1.02105
3484,1.00997
3485,1.01088
3486,1.00872
3487,1.00872
3488,1.00872
3489,1.01891
3490,1.01506
3491,1.01506
3492,1.01986
3493,1.00257
3494,0.999536
3495,0.995516
3496,0.995516
3497,1.00323
3498,1.00373
3499,1.00373
3500,1.0006
