t,|deltaS|
1,0.1765
2,0.1948
3,0.5112
4,0.6485
5,0.8002
6,0.3895
7,0.3248
8,0.372
9,0.05474
10,0.7396
11,0.8924
12,0.5942
13,0.5218
14,0.3973
15,0.6931
16,0.1039
17,0.09992
18,0.4277
19,0.2662
20,0.1644
21,0.02957
22,0.1267
23,0.03425
24,0.2206
25,0.08167
26,0.07493
27,0.6128
28,0.366
29,0.3589
30,0.9674
31,0.2865
32,0.7821
33,0.03468
34,0.1509
35,0.136
36,0.0644
37,0.1548
38,0.008769
39,0.0495
40,0.08351
41,0.0459
42,0.07028
43,0.6781
44,0.3003
45,0.4215
46,0.1885
47,0.442
48,0.3265
49,0.1858
50,0.1423
51,0.8507
52,0.6558
53,0.02336
54,0.788
55,0.2797
56,0.07093
57,0.1376
58,0.09693
59,0.2797
60,0.4845
61,0.5113
62,0.05483
63,0.2134
64,0.2016
65,0.2559
66,0.1478
67,0.1507
68,0.4956
69,0.161
70,0.01566
71,0.6115
72,0.05173
73,0.2758
74,0.3447
75,0.2966
76,0.6067
77,0.3955
78,0.4669
79,0.2946
80,0.8293
81,0.1915
82,0.06105
83,0.01128
84,0.3416
85,0.8514
86,0.245
87,0.2635
88,0.4151
89,0.1589
90,0.2542
91,0.4334
92,0.03111
93,0.7525
94,0.1848
95,0.5422
96,0.06494
97,0.1828
98,0.0133
99,0.09741
100,0.5049
101,0.4808
102,1.275
103,0.3783
104,0.2269
105,0.1083
106,0.003972
107,0.1372
108,0.004594
109,0.5216
110,0.4075
111,0.697
112,0.1503
113,0.1598
114,0.05846
115,0.5225
116,0.4559
117,0.2709
118,0.06747
119,0.4007
120,0.07948
121,0.09084
122,0.4132
123,0.5281
124,0.04952
125,0.09899
126,0.1692
127,0.1503
128,0.4593
129,0.348
130,0.2392
131,0.3503
132,0.3674
133,0.1159
134,0.05924
135,0.0383
136,0.07573
137,0.2863
138,0.4793
139,0.3621
140,0.3095
141,0.1394
142,0.5363
143,0.06454
144,0.2931
145,0.357
146,0.9721
147,0.2051
148,0.07579
149,0.1566
150,0.6209
151,0.3723
152,0.179
153,0.5013
154,0.07823
155,0.3217
156,0.259
157,0.5658
158,0.06393
159,0.2698
160,0.4703
161,0.1967
162,0.06462
163,0.03485
164,0.439
165,0.2124
166,0.1159
167,0.394
168,0.3675
169,0.8318
170,0.08492
171,0.0559
172,0.1019
173,0.1953
174,0.4873
175,0.2568
176,0.1248
177,0.1905
178,0.6624
179,0.4178
180,0.1545
181,0.008048
182,0.3345
183,0.03913
184,0.6048
185,0.2104
186,0.03442
187,0.5908
188,0.3895
189,0.5211
190,0.4293
191,0.2574
192,0.4349
193,0.8503
194,0.07979
195,0.08669
196,0.5655
197,0.6027
198,0.2073
199,0.1048
200,0.1122
201,0.4853
202,0.03495
203,0.5348
204,0.293
205,0.391
206,0.223
207,1.221
208,0.3859
209,0.4201
210,0.01561
211,0.04953
212,0.03894
213,0.3957
214,0.1133
215,0.3694
216,0.3826
217,0.2719
218,0.5646
219,0.1735
220,0.1392
221,0.03637
222,0.0225
223,0.4248
224,0.05424
225,0.2179
226,0.6173
227,0.4478
228,0.1568
229,0.06926
230,0.4211
231,0.3815
232,0.3456
233,0.2768
234,0.1337
235,0.2361
236,0.01809
237,0.4361
238,0.06442
239,0.1922
240,0.1154
241,0.209
242,0.1666
243,0.3569
244,0.5127
245,0.6371
246,0.2742
247,0.03434
248,0.1244
249,0.03995
250,0.2714
251,0.4691
252,0.162
253,0.3483
254,0.3253
255,0.6029
256,0.2841
257,0.177
258,0.3792
259,0.1539
260,0.3566
261,0.3172
262,0.5161
263,0.016
264,0.003399
265,0.1407
266,0.01842
267,0.4012
268,0.09935
269,0.5023
270,0.4106
271,0.5188
272,0.3645
273,0.2115
274,0.187
275,0.3786
276,0.076
277,0.1327
278,0.7763
279,0.05582
280,0.1168
281,0.3228
282,0.3933
283,0.1009
284,0.000369
285,0.1999
286,0.06045
287,0.4581
288,0.3221
289,0.4875
290,0.1291
291,0.3363
292,0.2033
293,0.1701
294,0.1228
295,0.3251
296,0.1102
297,0.3415
298,0.1701
299,0.3569
300,0.3987
301,0.251
302,0.6084
303,0.8341
304,0.689
305,0.1327
306,0.7083
307,0.3181
308,0.4956
309,0.3324
310,0.3291
311,0.3791
312,0.3985
313,0.09141
314,0.8715
315,0.3344
316,0.2074
317,0.1898
318,0.1139
319,0.9881
320,0.2234
321,0.4451
322,0.171
323,1.007
324,0.0945
325,0.1744
326,0.2756
327,0.286
328,0.5927
329,0.04625
330,0.4112
331,0.3181
332,0.6332
333,0.437
334,0.6876
335,0.4577
336,0.656
337,0.4969
338,0.04096
339,0.1627
340,0.02639
341,0.2505
342,0.5503
343,0.05547
344,0.4953
345,0.3807
346,0.3786
347,0.3408
348,0.1795
349,0.08376
350,0.1507
351,0.5368
352,0.1881
353,0.9441
354,0.02333
355,0.3588
356,0.7771
357,0.4799
358,0.3888
359,0.1506
360,0.4661
361,0.435
362,0.1514
363,0.3665
364,0.5644
365,0.2785
366,0.6365
367,0.3128
368,0.2033
369,0.1329
370,0.08561
371,0.5919
372,0.1234
373,0.2918
374,0.0767
375,0.7816
376,0.3103
377,0.3226
378,0.4375
379,0.4097
380,0.5345
381,0.3741
382,0.1467
383,0.6431
384,0.7728
385,0.5756
386,0.5042
387,0.06844
388,0.2314
389,0.4392
390,0.3327
391,0.4936
392,0.02247
393,0.1367
394,0.1879
395,0.4119
396,0.1537
397,0.1772
398,0.4056
399,0.5294
400,0.1989
401,0.3232
402,0.03923
403,0.06753
404,0.2259
405,0.4587
406,0.1633
407,0.2256
408,0.3646
409,0.07251
410,0.09316
411,0.08335
412,0.4099
413,0.6068
414,0.766
415,0.08593
416,0.03637
417,0.07962
418,0.8802
419,0.2266
420,0.09608
421,0.3521
422,0.03127
423,0.3395
424,0.229
425,0.9351
426,0.3176
427,0.3694
428,0.4911
429,0.02484
430,0.2425
431,1.268
432,0.4733
433,0.1541
434,0.1066
435,0.1948
436,0.4162
437,0.07085
438,0.2412
439,0.2876
440,0.1239
441,0.8308
442,0.5321
443,0.2149
444,0.5613
445,0.6325
446,0.8974
447,0.2252
448,0.2726
449,0.5148
450,0.05448
451,0.06998
452,0.3113
453,0.4694
454,0.8072
455,0.4015
456,0.3916
457,0.7498
458,0.6027
459,0.4551
460,0.3129
461,0.08813
462,0.05084
463,0.1461
464,1.086
465,0.8143
466,0.4133
467,0.1595
468,0.1314
469,0.07956
470,0.6568
471,0.08845
472,0.4687
473,0.6297
474,0.05505
475,0.797
476,0.2245
477,0.2485
478,0.1573
479,0.6148
480,0.09909
481,0.04528
482,0.08201
483,0.3947
484,0.2786
485,0.2253
486,0.4899
487,0.3931
488,0.9262
489,0.01332
490,0.5867
491,0.4063
492,0.1564
493,0.1996
494,0.2584
495,0.1553
496,0.5407
497,0.4892
498,0.03896
499,0.2411
500,0.6646
501,0.1587
502,0.7202
503,0.3096
504,0.207
505,0.5714
506,0.2825
507,0.1319
508,0.8038
509,0.3136
510,0.3375
511,0.3135
512,0.8204
513,0.3021
514,0.4082
515,0.2335
516,0.2434
517,0.1173
518,0.1407
519,0.1613
520,0.6654
521,0.7573
522,0.6453
523,0.00665
524,0.3051
525,0.03039
526,0.06188
527,0.2434
528,0.7087
529,0.2458
530,0.6588
531,0.07674
532,0.7078
533,0.5781
534,0.1489
535,0.335
536,0.3036
537,0.5188
538,0.6907
539,0.5307
540,0.1864
541,0.2844
542,0.1566
543,0.3248
544,0.6851
545,0.2115
546,0.05738
547,0.1238
548,0.1606
549,0.08923
550,0.1768
551,0.1999
552,0.4698
553,0.4198
554,0.09377
555,0.02848
556,0.433
557,0.4237
558,0.07058
559,0.002064
560,0.05353
561,0.1922
562,0.05756
563,0.24
564,0.1202
565,0.02397
566,0.7661
567,0.1681
568,0.179
569,0.1856
570,0.6226
571,0.07806
572,0.2998
573,0.2075
574,0.5395
575,0.3005
576,0.1442
577,0.1554
578,0.4449
579,0.4264
580,0.3816
581,0.3373
582,0.1914
583,0.1856
584,0.2095
585,0.3313
586,0.8565
587,0.2395
588,0.01344
589,0.4746
590,0.3996
591,0.1168
592,0.5566
593,0.6338
594,0.8436
595,0.002252
596,0.005687
597,0.3135
598,0.8761
599,0.7852
600,0.3682
601,0.1341
602,0.05995
603,0.183
604,0.1133
605,0.2532
606,0.6616
607,0.2457
608,0.1992
609,0.1163
610,0.1126
611,0.4875
612,0.5253
613,0.06095
614,0.5362
615,0.5659
616,0.2579
617,0.1834
618,0.6947
619,0.4901
620,0.61
621,0.3681
622,0.2366
623,0.495
624,0.3787
625,0.04902
626,0.2741
627,0.4367
628,0.6863
629,0.1295
630,0.1131
631,0.3447
632,0.2652
633,0.5099
634,0.004975
635,0.2993
636,0.07536
637,0.4182
638,0.5445
639,0.2146
640,0.01611
641,0.2522
642,0.6472
643,0.3501
644,0.04664
645,0.4526
646,1.091
647,0.4351
648,0.7363
649,0.08369
650,0.4045
651,0.04714
652,0.2359
653,0.01179
654,0.004907
655,0.4686
656,0.2997
657,0.09967
658,0.4829
659,0.3789
660,0.2265
661,0.3464
662,0.1329
663,0.4457
664,0.2708
665,0.4366
666,0.1475
667,0.3869
668,0.1741
669,0.4317
670,0.03744
671,0.6249
672,0.1875
673,0.1271
674,1.081
675,0.3159
676,0.09529
677,0.5462
678,0.07505
679,0.5714
680,0.3388
681,0.3963
682,0.6926
683,0.4292
684,0.1134
685,0.3184
686,0.07595
687,0.09217
688,0.1111
689,0.09997
690,0.1197
691,0.01945
692,0.1068
693,0.4128
694,0.1573
695,0.3503
696,0.2221
697,0.04634
698,0.08118
699,0.1818
700,0.1703
701,0.006216
702,0.1991
703,0.168
704,0.0153
705,0.4895
706,0.1505
707,0.2294
708,0.4792
709,0.2231
710,0.2712
711,0.4378
712,0.2529
713,0.05105
714,0.5965
715,0.5191
716,0.02327
717,1.081
718,0.04257
719,0.002967
720,0.8163
721,0.09008
722,0.06265
723,0.2041
724,0.7288
725,0.3856
726,0.02839
727,0.2668
728,0.4265
729,0.03387
730,0.7206
731,0.2343
732,0.6702
733,0.03949
734,0.776
735,0.449
736,0.2261
737,0.5785
738,0.4348
739,0.2154
740,0.3788
741,0.1043
742,0.2848
743,0.1658
744,0.2558
745,0.8461
746,0.7699
747,0.08015
748,0.06147
749,0.3618
750,0.06026
751,0.4099
752,0.09283
753,0.424
754,0.06927
755,0.2915
756,0.8425
757,0.6059
758,0.2667
759,0.1615
760,0.8934
761,0.1286
762,0.07236
763,0.7212
764,0.0279
765,0.2317
766,0.2083
767,0.2479
768,0.285
769,0.8075
770,0.5416
771,0.5811
772,0.09551
773,0.4345
774,0.2139
775,0.3825
776,0.5048
777,0.2244
778,0.2327
779,0.3613
780,0.8359
781,0.1647
782,0.03662
783,0.1722
784,0.2726
785,0.3392
786,0.2956
787,0.01082
788,0.4191
789,0.4626
790,0.129
791,0.2703
792,0.3903
793,0.3574
794,0.7285
795,0.6171
796,0.7189
797,0.8399
798,0.2168
799,0.07734
800,0.1301
801,0.6067
802,0.01776
803,0.2442
804,0.08725
805,0.07031
806,0.2011
807,0.3942
808,0.6802
809,0.02584
810,0.3639
811,0.3147
812,0.2841
813,0.1361
814,0.2564
815,0.0298
816,0.9388
817,0.7073
818,0.6697
819,0.6341
820,0.4534
821,0.4717
822,0.2714
823,0.0306
824,0.7775
825,0.002891
826,0.1766
827,0.717
828,0.3015
829,0.1699
830,0.4479
831,0.5348
832,0.3369
833,0.4792
834,0.3267
835,0.1934
836,0.5016
837,0.4985
838,0.3646
839,0.06957
840,0.1813
841,0.4261
842,0.0977
843,0.2545
844,0.12
845,0.4045
846,0.1884
847,0.7004
848,0.1487
849,0.2048
850,0.5905
851,0.5902
852,0.5721
853,0.2663
854,0.4774
855,0.6045
856,0.02541
857,0.7759
858,0.1881
859,0.1039
860,0.2745
861,0.5662
862,0.1676
863,0.8038
864,0.1997
865,0.0002363
866,0.6744
867,0.4737
868,0.2891
869,0.09827
870,0.2662
871,0.1263
872,1.312
873,0.1572
874,0.01427
875,0.191
876,0.7913
877,0.7858
878,0.003891
879,0.3352
880,1.002
881,0.1651
882,0.5894
883,0.4142
884,0.5518
885,0.055
886,0.07056
887,0.5256
888,0.4393
889,0.0746
890,0.2238
891,0.04116
892,0.5717
893,0.6085
894,0.2052
895,0.1058
896,0.9706
897,0.4579
898,0.4799
899,0.07424
900,0.04316
901,0.2051
902,0.2802
903,0.04488
904,0.1506
905,0.05827
906,0.2995
907,0.1105
908,0.3548
909,0.1309
910,0.5882
911,0.5041
912,0.1522
913,0.3955
914,0.1813
915,0.07286
916,0.03412
917,0.3208
918,0.06253
919,0.06047
920,0.1614
921,0.0757
922,0.04701
923,0.6376
924,0.1663
925,0.3994
926,0.001447
927,0.03049
928,0.2309
929,0.09304
930,0.5535
931,0.6031
932,0.09644
933,0.1104
934,0.3199
935,0.1124
936,0.3609
937,0.03149
938,0.8741
939,0.1895
940,0.1155
941,0.7602
942,0.1895
943,0.4341
944,0.08858
945,0.8801
946,0.2293
947,0.1495
948,0.03997
949,0.0801
950,0.6369
951,0.3357
952,0.6138
953,0.2903
954,0.4862
955,0.1451
956,0.08145
957,0.2253
958,0.1606
959,0.486
960,0.4781
961,0.2338
962,0.7588
963,0.8031
964,0.1874
965,0.1271
966,0.2324
967,0.3867
968,0.2916
969,0.09995
970,0.06022
971,0.1592
972,0.4625
973,0.6611
974,0.3067
975,0.136
976,0.3696
977,0.1033
978,0.4609
979,0.06171
980,0.8399
981,0.5539
982,0.6774
983,0.8729
984,0.3848
985,0.544
986,0.3129
987,0.07283
988,0.3382
989,0.1534
990,0.06838
991,0.08207
992,0.2317
993,0.5932
994,0.5751
995,0.1593
996,0.004767
997,0.346
998,0.2136
999,0.5624
1000,0.3971
1001,0.2066
1002,0.5923
1003,0.5034
1004,0.07249
1005,0.007696
1006,0.01369
1007,0.269
1008,0.5132
1009,0.7005
1010,0.8015
1011,0.07169
1012,0.07124
1013,0.5843
1014,0.209
1015,0.6563
1016,0.1475
1017,0.6768
1018,0.1361
1019,0.181
1020,0.1898
1021,0.004308
1022,0.3076
1023,0.41
1024,0.3648
1025,0.322
1026,0.2521
1027,0.6915
1028,0.1207
1029,0.04161
1030,0.1944
1031,0.6386
1032,0.1462
1033,0.414
1034,0.1382
1035,0.4336
1036,0.0965
1037,0.3879
1038,0.0342
1039,0.1465
1040,0.01569
1041,0.3134
1042,0.3669
1043,0.1743
1044,0.8678
1045,0.9684
1046,0.1019
1047,0.3461
1048,0.2465
1049,0.005328
1050,0.6172
1051,0.09805
1052,0.00553
1053,0.4648
1054,0.05747
1055,0.3401
1056,0.07393
1057,0.08848
1058,0.4346
1059,0.1874
1060,0.09711
1061,0.6466
1062,0.5105
1063,0.3571
1064,0.02205
1065,0.3081
1066,0.02529
1067,0.3139
1068,0.3616
1069,0.4056
1070,0.2524
1071,0.6468
1072,0.08681
1073,0.09821
1074,0.01767
1075,0.1157
1076,0.002692
1077,0.04304
1078,0.4527
1079,0.0498
1080,0.1918
1081,0.08713
1082,0.04735
1083,0.01838
1084,0.8365
1085,0.3449
1086,0.2419
1087,0.3436
1088,0.2288
1089,0.1463
1090,0.4128
1091,0.2675
1092,0.8312
1093,0.7046
1094,0.006689
1095,0.6232
1096,0.3508
1097,0.4288
1098,0.9137
1099,0.7145
1100,0.1968
1101,0.4912
1102,0.4281
1103,0.08245
1104,0.4998
1105,0.2894
1106,0.2285
1107,0.1075
1108,0.05444
1109,0.3027
1110,0.702
1111,0.357
1112,0.2639
1113,0.05711
1114,0.1039
1115,1.016
1116,0.2276
1117,0.6125
1118,0.5681
1119,0.6731
1120,0.3892
1121,0.4064
1122,0.4519
1123,0.1783
1124,0.2381
1125,0.3948
1126,0.02415
1127,0.6762
1128,0.8645
1129,0.3957
1130,0.2211
1131,0.658
1132,0.3767
1133,0.2085
1134,0.2503
1135,0.09039
1136,0.4358
1137,0.2792
1138,0.1226
1139,0.0004127
1140,0.77
1141,0.3525
1142,0.6305
1143,0.6979
1144,0.6
1145,0.5617
1146,0.2001
1147,0.1195
1148,0.1059
1149,0.4116
1150,0.5316
1151,0.2951
1152,0.1091
1153,0.07816
1154,0.2783
1155,0.107
1156,0.1878
1157,0.6292
1158,0.3195
1159,0.01355
1160,0.003208
1161,0.1242
1162,0.3491
1163,0.128
1164,0.5375
1165,0.2274
1166,0.3841
1167,0.8787
1168,0.04389
1169,0.266
1170,0.0784
1171,0.2483
1172,0.4413
1173,0.4368
1174,0.177
1175,0.1575
1176,0.3027
1177,0.5835
1178,1.255
1179,1.029
1180,0.3763
1181,0.7562
1182,0.1081
1183,0.5384
1184,0.167
1185,0.8907
1186,0.1017
1187,0.5607
1188,0.674
1189,0.4078
1190,0.008925
1191,0.1349
1192,0.07224
1193,0.3137
1194,0.05667
1195,0.8406
1196,0.1432
1197,0.6987
1198,0.3778
1199,0.9546
1200,0.4604
1201,0.5077
1202,0.2242
1203,0.3032
1204,0.2401
1205,0.1347
1206,0.281
1207,0.4909
1208,0.07378
1209,0.8762
1210,0.9252
1211,0.5008
1212,0.5259
1213,0.03323
1214,0.3936
1215,0.2238
1216,0.5222
1217,0.4752
1218,0.5507
1219,0.2338
1220,0.08761
1221,0.2468
1222,0.5483
1223,0.3017
1224,0.1516
1225,0.4894
1226,0.2521
1227,0.1802
1228,0.7891
1229,0.1934
1230,0.115
1231,0.9673
1232,0.3986
1233,0.1517
1234,0.4012
1235,0.2445
1236,0.3541
1237,0.07124
1238,0.6989
1239,0.2184
1240,0.3782
1241,0.2385
1242,0.6609
1243,0.1949
1244,0.5314
1245,0.6951
1246,0.1023
1247,0.0957
1248,0.2958
1249,0.1737
1250,0.08863
1251,0.2817
1252,0.4533
1253,0.04912
1254,0.1989
1255,0.1063
1256,0.5813
1257,0.5588
1258,0.1217
1259,0.2403
1260,0.01435
1261,0.2527
1262,0.3959
1263,0.03519
1264,0.1175
1265,0.4977
1266,0.4202
1267,0.0444
1268,0.1064
1269,0.1091
1270,0.2211
1271,0.4146
1272,0.4312
1273,0.07563
1274,0.09576
1275,0.2256
1276,0.01933
1277,0.02937
1278,0.2259
1279,0.3636
1280,0.3704
1281,0.1123
1282,0.016
1283,0.5254
1284,0.6014
1285,0.3259
1286,0.5749
1287,0.2541
1288,0.2574
1289,0.7453
1290,0.3937
1291,0.06034
1292,0.3659
1293,0.3554
1294,0.04093
1295,0.008139
1296,0.3475
1297,0.3432
1298,0.4572
1299,0.3329
1300,0.38
1301,0.2031
1302,0.02323
1303,0.3004
1304,0.1071
1305,0.2244
1306,0.3564
1307,0.4654
1308,0.5006
1309,0.2925
1310,0.3415
1311,0.2506
1312,0.09063
1313,0.3332
1314,0.07672
1315,0.4667
1316,0.3186
1317,0.2377
1318,0.2223
1319,0.1296
1320,0.7938
1321,0.6877
1322,0.02254
1323,0.2104
1324,0.5262
1325,0.1549
1326,0.06047
1327,0.3192
1328,0.3789
1329,0.537
1330,0.3072
1331,0.06995
1332,0.6853
1333,0.566
1334,0.2246
1335,0.06271
1336,0.8628
1337,0.06285
1338,0.138
1339,0.1743
1340,0.206
1341,0.3412
1342,0.01901
1343,0.6811
1344,0.3335
1345,0.6064
1346,0.08537
1347,0.06389
1348,0.1675
1349,0.1855
1350,0.5277
1351,0.2909
1352,0.1219
1353,0.7312
1354,0.1236
1355,0.2345
1356,0.229
1357,0.0844
1358,0.01867
1359,0.004593
1360,0.2928
1361,0.9513
1362,0.07396
1363,0.0347
1364,0.6467
1365,0.3101
1366,0.3053
1367,0.2421
1368,0.2965
1369,0.2935
1370,0.6361
1371,0.07879
1372,0.2965
1373,0.9942
1374,0.4114
1375,0.263
1376,0.6816
1377,0.3809
1378,0.01984
1379,0.4447
1380,0.8607
1381,0.2265
1382,0.04608
1383,0.2837
1384,0.4864
1385,0.4001
1386,0.2739
1387,0.0403
1388,0.4017
1389,0.2949
1390,0.6994
1391,0.1889
1392,0.03085
1393,0.3593
1394,0.02225
1395,0.9217
1396,0.3697
1397,0.3987
1398,0.154
1399,0.4044
1400,0.5221
1401,0.02083
1402,0.3165
1403,0.3416
1404,0.1737
1405,0.1633
1406,0.5549
1407,0.6014
1408,0.1611
1409,0.02277
1410,0.2517
1411,0.3742
1412,0.1624
1413,0.2812
1414,0.4902
1415,0.3336
1416,0.4452
1417,0.3224
1418,0.5299
1419,0.04539
1420,0.03588
1421,0.2247
1422,0.5655
1423,0.04097
1424,0.1936
1425,0.3115
1426,0.7361
1427,0.467
1428,0.671
1429,0.309
1430,0.845
1431,0.05214
1432,0.1342
1433,0.253
1434,0.2744
1435,0.08401
1436,0.102
1437,0.388
1438,0.5191
1439,0.2029
1440,0.4794
1441,0.5093
1442,0.2679
1443,0.4633
1444,0.1422
1445,0.1387
1446,0.4766
1447,0.3697
1448,0.5952
1449,0.2018
1450,0.287
1451,0.7552
1452,0.08103
1453,0.2685
1454,0.06241
1455,0.1806
1456,0.2144
1457,0.1911
1458,0.03877
1459,0.03807
1460,0.1378
1461,0.6512
1462,0.05309
1463,0.08018
1464,0.1945
1465,0.5157
1466,0.7078
1467,0.3397
1468,0.00365
1469,0.0259
1470,0.1811
1471,0.7999
1472,0.01288
1473,0.1627
1474,0.1482
1475,0.192
1476,0.03504
1477,0.006146
1478,0.1621
1479,0.2282
1480,0.962
1481,0.4042
1482,0.003282
1483,0.3122
1484,0.1852
1485,0.2276
1486,0.2635
1487,0.5937
1488,0.2383
1489,0.1216
1490,0.0128
1491,0.2654
1492,0.3773
1493,0.05957
1494,0.02766
1495,0.1522
1496,0.04529
1497,0.8633
1498,0.3488
1499,0.2995
1500,0.6073
1501,0.5444
1502,0.09085
1503,0.3422
1504,0.06227
1505,0.1183
1506,0.5872
1507,0.2266
1508,0.1923
1509,0.4884
1510,0.3212
1511,0.003566
1512,0.234
1513,0.9188
1514,0.1209
1515,0.5268
1516,0.2728
1517,0.613
1518,0.2741
1519,0.2825
1520,0.2529
1521,0.4975
1522,0.155
1523,0.1156
1524,0.02749
1525,0.01221
1526,0.1074
1527,0.3458
1528,0.2602
1529,0.2711
1530,0.2893
1531,0.3133
1532,0.4537
1533,0.05375
1534,0.02734
1535,0.1375
1536,0.07055
1537,0.9284
1538,0.1915
1539,0.5665
1540,0.02006
1541,0.9784
1542,0.1004
1543,0.657
1544,0.3536
1545,0.4924
1546,0.4878
1547,0.2112
1548,0.2058
1549,0.4292
1550,0.4471
1551,0.6446
1552,0.4039
1553,0.2378
1554,0.4839
1555,0.4424
1556,0.2524
1557,0.3161
1558,0.3343
1559,0.152
1560,0.2774
1561,0.869
1562,0.03395
1563,0.1216
1564,0.3971
1565,0.2755
1566,0.06758
1567,0.002687
1568,0.2655
1569,0.2061
1570,0.4357
1571,0.07408
1572,0.1582
1573,0.4026
1574,0.3277
1575,0.2442
1576,0.4673
1577,0.1582
1578,0.4289
1579,0.6103
1580,0.1349
1581,0.2817
1582,0.4201
1583,0.5338
1584,0.5184
1585,0.2787
1586,0.1553
1587,0.1684
1588,0.08212
1589,0.5391
1590,0.5621
1591,0.3852
1592,1.075
1593,0.2823
1594,0.3201
1595,0.2106
1596,0.2553
1597,0.6306
1598,0.361
1599,0.07901
1600,0.4219
1601,0.2372
1602,0.1106
1603,0.398
1604,0.1151
1605,0.03599
1606,0.1168
1607,0.1889
1608,0.2519
1609,0.4017
1610,0.01255
1611,0.07024
1612,0.09712
1613,0.8283
1614,0.1759
1615,0.05811
1616,0.1919
1617,0.1676
1618,0.8253
1619,0.3386
1620,0.226
1621,0.1361
1622,0.2102
1623,0.1458
1624,0.2278
1625,0.05623
1626,0.6989
1627,0.5803
1628,0.1273
1629,0.5639
1630,0.07109
1631,0.2001
1632,0.6067
1633,0.5034
1634,0.09827
1635,0.1705
1636,0.1889
1637,0.2927
1638,0.3752
1639,0.1059
1640,0.4958
1641,0.2821
1642,0.185
1643,0.00814
1644,0.008211
1645,0.5451
1646,0.4081
1647,0.161
1648,0.156
1649,0.2949
1650,0.677
1651,0.4069
1652,0.5675
1653,0.4952
1654,0.2677
1655,0.3803
1656,0.07262
1657,0.229
1658,0.08896
1659,0.6681
1660,0.03151
1661,0.08042
1662,0.2578
1663,0.1482
1664,0.4852
1665,0.3466
1666,0.03157
1667,0.1457
1668,0.1973
1669,0.01215
1670,0.4306
1671,0.2138
1672,0.4787
1673,0.1334
1674,0.2966
1675,0.59
1676,0.09189
1677,0.5881
1678,0.2444
1679,0.6483
1680,0.3786
1681,0.2922
1682,0.08903
1683,0.3415
1684,0.4233
1685,0.5866
1686,0.04322
1687,0.4383
1688,0.2258
1689,0.17
1690,0.5143
1691,0.1554
1692,0.5218
1693,0.1221
1694,0.3124
1695,0.3725
1696,0.4091
1697,1.171
1698,0.3233
1699,0.149
1700,0.2799
1701,0.4013
1702,0.1902
1703,0.168
1704,0.4614
1705,0.09688
1706,0.3561
1707,0.1322
1708,0.4363
1709,0.03929
1710,0.5302
1711,0.2708
1712,0.3719
1713,0.1229
1714,0.4265
1715,0.3069
1716,0.1145
1717,1.138
1718,0.5049
1719,0.1537
1720,0.07951
1721,0.2002
1722,0.5712
1723,0.2807
1724,0.01474
1725,0.2322
1726,0.6427
1727,0.03047
1728,0.4217
1729,0.5165
1730,0.09445
1731,0.3436
1732,0.5445
1733,1.02
1734,0.06262
1735,0.2418
1736,0.2637
1737,0.1095
1738,0.1924
1739,0.199
1740,0.4726
1741,0.002314
1742,0.5634
1743,0.5496
1744,0.3077
1745,0.6981
1746,0.3661
1747,0.7512
1748,0.04362
1749,0.6751
1750,0.2571
1751,0.2359
1752,0.1329
1753,0.5002
1754,0.3562
1755,0.9045
1756,0.1447
1757,0.6748
1758,0.826
1759,0.1389
1760,0.09849
1761,0.4788
1762,0.01093
1763,0.103
1764,0.4822
1765,0.4668
1766,0.2665
1767,0.5371
1768,0.01211
1769,0.6016
1770,0.7216
1771,0.3921
1772,0.1067
1773,0.9977
1774,0.8423
1775,0.1291
1776,0.01824
1777,0.5114
1778,0.7737
1779,0.255
1780,0.3812
1781,0.6514
1782,0.6639
1783,0.02371
1784,0.01938
1785,0.6639
1786,0.1332
1787,0.578
1788,0.1437
1789,0.5017
1790,0.0146
1791,0.3247
1792,0.4319
1793,0.4794
1794,0.1575
1795,0.08405
1796,0.06814
1797,0.16
1798,0.8879
1799,0.4353
1800,0.6498
1801,0.377
1802,0.2354
1803,0.1676
1804,0.002893
1805,0.01572
1806,0.1484
1807,0.01915
1808,0.6823
1809,0.1288
1810,0.3422
1811,0.1102
1812,0.3351
1813,0.1727
1814,0.1449
1815,0.09142
1816,0.6214
1817,0.03244
1818,0.338
1819,0.003991
1820,0.2217
1821,0.1004
1822,0.2548
1823,0.2663
1824,1.2
1825,0.1151
1826,0.3065
1827,0.4825
1828,0.1164
1829,0.3474
1830,0.4241
1831,0.01348
1832,0.2792
1833,0.6374
1834,0.4411
1835,0.05895
1836,0.198
1837,0.05514
1838,0.1762
1839,0.2864
1840,0.5299
1841,0.7255
1842,0.2359
1843,0.00747
1844,0.4057
1845,0.24
1846,0.791
1847,0.4195
1848,0.394
1849,0.3634
1850,0.2261
1851,0.3064
1852,0.1239
1853,0.6079
1854,0.2819
1855,0.374
1856,0.5816
1857,0.1751
1858,0.529
1859,0.5092
1860,0.5409
1861,0.3958
1862,0.176
1863,0.4535
1864,0.01829
1865,0.5883
1866,0.1569
1867,0.01607
1868,0.4275
1869,0.0714
1870,0.6241
1871,0.6281
1872,0.04196
1873,0.1093
1874,0.2923
1875,0.3118
1876,0.3497
1877,0.8237
1878,0.3143
1879,0.4317
1880,0.3327
1881,0.5822
1882,0.02194
1883,0.3024
1884,0.129
1885,0.01224
1886,0.3634
1887,0.3081
1888,0.3392
1889,0.5889
1890,0.8341
1891,0.6871
1892,0.5086
1893,0.2375
1894,0.7539
1895,0.1069
1896,0.5947
1897,0.7451
1898,0.04034
1899,0.2112
1900,0.6508
1901,0.6777
1902,0.1766
1903,0.2722
1904,0.3295
1905,0.2622
1906,0.3062
1907,0.4265
1908,0.06851
1909,0.503
1910,0.2638
1911,0.2665
1912,0.2983
1913,0.1196
1914,0.3261
1915,0.2219
1916,0.01035
1917,0.4839
1918,0.04147
1919,0.4369
1920,0.006167
1921,0.4474
1922,0.4524
1923,0.1002
1924,0.5388
1925,0.2725
1926,0.3671
1927,0.03488
1928,0.2842
1929,0.5373
1930,0.3291
1931,0.7877
1932,0.2742
1933,0.2934
1934,0.1145
1935,0.5259
1936,0.4099
1937,0.2053
1938,0.3929
1939,0.5186
1940,0.541
1941,0.03768
1942,0.2877
1943,0.2977
1944,0.2527
1945,0.1822
1946,0.2822
1947,0.05553
1948,0.02503
1949,0.0894
1950,0.06384
1951,0.3633
1952,0.04647
1953,0.3235
1954,0.4817
1955,1.026
1956,0.6412
1957,0.1668
1958,0.498
1959,0.1732
1960,0.1712
1961,0.09436
1962,0.06255
1963,0.21
1964,0.01069
1965,0.2353
1966,0.1319
1967,0.3834
1968,0.01754
1969,0.3171
1970,0.1638
1971,0.05332
1972,0.2689
1973,0.1765
1974,0.0221
1975,0.05553
1976,0.0412
1977,0.006253
1978,0.4807
1979,0.1733
1980,0.2827
1981,0.573
1982,0.9522
1983,0.4529
1984,0.1904
1985,0.5034
1986,0.4767
1987,0.7749
1988,0.7815
1989,0.2162
1990,0.1818
1991,0.1836
1992,0.2879
1993,0.6887
1994,0.2603
1995,0.8854
1996,0.4199
1997,0.477
1998,0.424
1999,0.2358
2000,0.3087
2001,0.156
2002,0.3611
2003,0.06686
2004,0.09539
2005,0.2233
2006,0.02143
2007,0.2862
2008,0.6266
2009,0.396
2010,0.3286
2011,0.07205
2012,0.06843
2013,0.07576
2014,0.03257
2015,0.224
2016,0.06968
2017,0.206
2018,0.1901
2019,0.2909
2020,0.2505
2021,0.03095
2022,0.0528
2023,0.8612
2024,0.4685
2025,0.2763
2026,0.465
2027,0.5157
2028,0.2162
2029,0.117
2030,0.6733
2031,0.05025
2032,0.2062
2033,0.1157
2034,0.603
2035,0.2473
2036,0.1796
2037,0.09838
2038,0.198
2039,0.8135
2040,0.1846
2041,0.3591
2042,0.7021
2043,0.4017
2044,0.8823
2045,0.1042
2046,0.4439
2047,0.0448
2048,0.4196
2049,0.9113
2050,0.2585
2051,0.3027
2052,1.437
2053,0.3526
2054,0.7672
2055,0.2359
2056,0.3162
2057,0.5092
2058,0.7744
2059,0.7395
2060,0.05202
2061,0.09682
2062,0.03436
2063,0.03756
2064,0.2988
2065,0.3118
2066,0.1825
2067,0.5807
2068,1
2069,0.8656
2070,0.5691
2071,0.005574
2072,0.3272
2073,0.2967
2074,0.7473
2075,0.2409
2076,0.1019
2077,0.197
2078,0.3902
2079,1.091
2080,0.7122
2081,0.2395
2082,0.1656
2083,0.2644
2084,0.3563
2085,0.9084
2086,0.4822
2087,0.2398
2088,0.1949
2089,0.4967
2090,0.1488
2091,0.1784
2092,0.7802
2093,0.3137
2094,0.23
2095,0.5196
2096,0.6237
2097,0.2783
2098,0.2636
2099,0.4014
2100,0.1233
2101,0.06481
2102,0.1842
2103,0.591
2104,0.4389
2105,0.06935
2106,0.07784
2107,0.662
2108,0.2275
2109,1.094
2110,0.399
2111,0.006923
2112,0.03294
2113,0.5749
2114,0.6405
2115,0.5051
2116,0.4314
2117,0.1193
2118,0.2233
2119,0.6746
2120,0.4783
2121,0.4716
2122,0.06897
2123,0.4217
2124,0.01173
2125,0.01328
2126,0.05635
2127,0.09897
2128,0.306
2129,0.3408
2130,0.264
2131,0.2682
2132,0.1107
2133,0.5542
2134,0.04093
2135,0.354
2136,0.1515
2137,0.2874
2138,0.2833
2139,0.9195
2140,0.1129
2141,0.03285
2142,0.3522
2143,0.4076
2144,0.138
2145,0.8293
2146,0.3239
2147,0.1735
2148,0.2342
2149,0.4833
2150,0.7459
2151,0.0936
2152,0.4755
2153,0.6759
2154,0.571
2155,0.4628
2156,0.2007
2157,0.1313
2158,0.4927
2159,0.4281
2160,0.09698
2161,0.3652
2162,0.2991
2163,0.06736
2164,0.03477
2165,0.1301
2166,0.05966
2167,0.3978
2168,0.1088
2169,0.02693
2170,0.2314
2171,0.3343
2172,0.02863
2173,0.2185
2174,0.3991
2175,0.7171
2176,0.4377
2177,0.6129
2178,0.1978
2179,0.01044
2180,0.1216
2181,0.2056
2182,0.1083
2183,0.3179
2184,0.4492
2185,0.3315
2186,0.3146
2187,0.3152
2188,0.4301
2189,0.2337
2190,1.06
2191,0.4901
2192,0.2149
2193,0.1345
2194,0.5689
2195,0.4469
2196,0.1562
2197,0.2372
2198,0.09857
2199,0.7104
2200,0.6049
2201,0.4685
2202,0.4682
2203,0.03465
2204,0.3372
2205,0.1078
2206,0.5857
2207,0.2713
2208,0.9278
2209,0.4545
2210,0.4719
2211,0.2824
2212,0.1332
2213,0.1232
2214,0.1392
2215,0.9109
2216,0.2231
2217,0.206
2218,0.1955
2219,0.4907
2220,0.002619
2221,0.4084
2222,0.1285
2223,0.2372
2224,0.217
2225,0.7264
2226,0.427
2227,0.3944
2228,0.1403
2229,0.9312
2230,0.4246
2231,0.179
2232,0.1343
2233,0.04911
2234,0.124
2235,0.3207
2236,0.04288
2237,0.5376
2238,0.1527
2239,0.7081
2240,0.1358
2241,0.08707
2242,0.2851
2243,0.09615
2244,0.1731
2245,0.1539
2246,0.2347
2247,0.04256
2248,0.01502
2249,0.09515
2250,0.3413
2251,0.005851
2252,0.2319
2253,0.4095
2254,0.3445
2255,0.2529
2256,0.1779
2257,0.03905
2258,0.1099
2259,0.9215
2260,0.658
2261,0.1914
2262,0.3995
2263,0.6087
2264,0.04433
2265,0.1815
2266,0.02889
2267,0.7613
2268,0.6401
2269,0.177
2270,0.4828
2271,0.03037
2272,0.3282
2273,0.3163
2274,0.09117
2275,0.6306
2276,0.1442
2277,0.4575
2278,0.1825
2279,0.03153
2280,0.4442
2281,0.189
2282,0.3233
2283,0.2221
2284,0.8723
2285,0.1143
2286,0.2979
2287,0.2564
2288,0.1547
2289,0.3746
2290,0.4444
2291,0.04342
2292,0.05694
2293,0.4128
2294,0.2544
2295,0.02389
2296,0.4932
2297,0.1635
2298,0.1303
2299,0.07756
2300,0.1499
2301,0.464
2302,0.09791
2303,0.8199
2304,0.2099
2305,0.7457
2306,0.3715
2307,0.09131
2308,0.006586
2309,0.1976
2310,0.3772
2311,0.5044
2312,0.4264
2313,0.09938
2314,0.1261
2315,0.6254
2316,0.2639
2317,0.4539
2318,0.3869
2319,0.01555
2320,0.6008
2321,0.1095
2322,0.5635
2323,0.009249
2324,0.1591
2325,0.2114
2326,0.4399
2327,0.2212
2328,0.05613
2329,0.1666
2330,0.1104
2331,0.09166
2332,0.02187
2333,0.3987
2334,0.3682
2335,0.2656
2336,0.06659
2337,0.4405
2338,0.08153
2339,0.2019
2340,0.5529
2341,0.1535
2342,0.2298
2343,0.1159
2344,0.04927
2345,0.1334
2346,0.05175
2347,0.7513
2348,0.7266
2349,0.01491
2350,0.2558
2351,0.2908
2352,0.107
2353,1.185
2354,0.01899
2355,0.3748
2356,0.09181
2357,0.7237
2358,0.293
2359,0.5185
2360,0.3691
2361,0.06243
2362,0.2764
2363,0.4763
2364,0.006735
2365,0.03022
2366,0.446
2367,0.6667
2368,0.616
2369,0.1076
2370,0.328
2371,0.2283
2372,0.1183
2373,0.1283
2374,0.06516
2375,0.8344
2376,0.1343
2377,0.02874
2378,0.4568
2379,0.4087
2380,0.4223
2381,0.1963
2382,0.3851
2383,0.2901
2384,0.2827
2385,0.6066
2386,0.1709
2387,0.4656
2388,0.1609
2389,0.9163
2390,0.753
2391,0.1972
2392,0.2023
2393,0.6
2394,0.7753
2395,0.2131
2396,0.4234
2397,0.009481
2398,0.003116
2399,0.2759
2400,0.2141
2401,0.1066
2402,0.3115
2403,0.6534
2404,0.5613
2405,0.01761
2406,0.2892
2407,0.3177
2408,0.06704
2409,0.3321
2410,0.01913
2411,0.5073
2412,0.3024
2413,0.1325
2414,0.5157
2415,0.5219
2416,0.2423
2417,0.002871
2418,0.5031
2419,0.1813
2420,0.2907
2421,0.1348
2422,0.1602
2423,0.2076
2424,0.5918
2425,0.02667
2426,0.2009
2427,0.2753
2428,0.8771
2429,0.02028
2430,0.04848
2431,0.4556
2432,0.5779
2433,0.1979
2434,0.1438
2435,0.6565
2436,0.4256
2437,0.1398
2438,0.4239
2439,0.04713
2440,0.6366
2441,0.3613
2442,0.3939
2443,0.8812
2444,0.1925
2445,0.3886
2446,0.3701
2447,0.06809
2448,0.03032
2449,0.7893
2450,0.08642
2451,0.03946
2452,0.3121
2453,0.3813
2454,0.2405
2455,0.223
2456,0.05047
2457,0.4249
2458,0.1261
2459,0.3229
2460,0.1605
2461,0.4361
2462,0.03686
2463,0.1432
2464,0.2677
2465,0.1094
2466,0.5169
2467,0.07536
2468,0.0328
2469,0.2398
2470,0.1597
2471,0.2857
2472,0.1157
2473,0.2328
2474,0.5603
2475,0.1634
2476,0.2322
2477,0.1076
2478,0.3552
2479,0.08922
2480,0.663
2481,0.3396
2482,0.3914
2483,0.2723
2484,0.2499
2485,0.3243
2486,0.04321
2487,0.02188
2488,0.1152
2489,0.08825
2490,0.5235
2491,0.02649
2492,0.2543
2493,0.5477
2494,0.1253
2495,0.1618
2496,0.3539
2497,0.6173
2498,0.219
2499,0.07377
2500,0.3493
2501,0.003831
2502,0.4578
2503,0.4479
2504,0.264
2505,0.463
2506,0.3759
2507,0.4498
2508,0.5963
2509,0.791
2510,0.4608
2511,0.02265
2512,0.111
2513,0.7368
2514,0.9549
2515,0.06268
2516,0.8921
2517,0.3317
2518,0.5097
2519,0.3445
2520,0.1293
2521,0.1671
2522,0.1233
2523,0.1108
2524,0.3985
2525,0.006665
2526,0.171
2527,0.4234
2528,0.2658
2529,0.6816
2530,0.3915
2531,0.4991
2532,0.435
2533,0.2533
2534,0.2352
2535,0.02935
2536,0.3647
2537,0.08312
2538,0.3459
2539,0.192
2540,0.818
2541,0.003557
2542,0.5092
2543,0.3848
2544,0.2414
2545,0.4459
2546,0.4057
2547,0.3372
2548,0.4056
2549,0.00389
2550,0.5476
2551,0.4226
2552,0.6711
2553,0.3246
2554,0.909
2555,0.7923
2556,0.0981
2557,0.09871
2558,0.154
2559,0.09569
2560,0.3964
2561,0.3003
2562,0.5175
2563,0.6932
2564,0.4033
2565,0.2066
2566,0.1314
2567,0.09259
2568,0.6286
2569,0.2624
2570,0.1891
2571,0.1128
2572,0.1881
2573,0.01309
2574,0.3392
2575,0.7172
2576,0.4041
2577,0.6899
2578,0.003283
2579,0.3906
2580,0.09982
2581,0.1652
2582,0.08323
2583,0.5104
2584,0.02224
2585,0.372
2586,0.4086
2587,0.2019
2588,0.2719
2589,0.246
2590,0.6183
2591,0.06433
2592,0.3022
2593,0.1567
2594,0.4002
2595,0.1943
2596,1.109
2597,0.04451
2598,0.1153
2599,0.02599
2600,0.2886
2601,0.9364
2602,0.2314
2603,0.2201
2604,0.3824
2605,0.5992
2606,0.03993
2607,0.448
2608,0.4968
2609,0.1558
2610,0.3989
2611,0.2588
2612,0.1454
2613,0.3172
2614,0.3677
2615,0.07836
2616,0.0614
2617,0.6324
2618,0.02931
2619,0.4144
2620,0.2398
2621,0.2992
2622,0.4666
2623,0.5118
2624,0.6287
2625,0.1562
2626,0.2134
2627,0.4093
2628,0.1291
2629,0.3126
2630,0.4872
2631,0.1558
2632,0.379
2633,0.3956
2634,0.8956
2635,0.08982
2636,0.5108
2637,0.2494
2638,0.1002
2639,0.2525
2640,0.07989
2641,0.2033
2642,0.001224
2643,0.6918
2644,0.1748
2645,0.1506
2646,0.2877
2647,0.2972
2648,0.6613
2649,0.1725
2650,0.4745
2651,0.4013
2652,0.9245
2653,0.1613
2654,0.1605
2655,0.3852
2656,0.03097
2657,0.5686
2658,0.1574
2659,0.2563
2660,0.3526
2661,0.08159
2662,0.1004
2663,0.3026
2664,0.3605
2665,0.118
2666,0.1401
2667,0.2865
2668,0.03494
2669,0.8047
2670,0.4003
2671,0.6045
2672,0.03133
2673,0.1549
2674,0.4297
2675,0.8838
2676,0.1038
2677,0.002194
2678,0.06307
2679,0.1068
2680,0.2403
2681,0.3882
2682,0.2442
2683,0.6475
2684,0.6349
2685,0.2756
2686,0.2324
2687,0.07354
2688,0.5717
2689,0.1198
2690,0.4027
2691,0.2094
2692,0.2903
2693,0.6756
2694,0.1831
2695,0.4935
2696,0.02041
2697,0.5178
2698,0.1081
2699,0.2061
2700,0.1598
2701,0.2737
2702,0.2427
2703,0.736
2704,0.2016
2705,0.5096
2706,0.2316
2707,0.1349
2708,0.1123
2709,0.3352
2710,0.3986
2711,0.728
2712,0.1555
2713,0.2171
2714,0.1239
2715,0.1466
2716,0.07703
2717,0.3144
2718,0.5764
2719,0.125
2720,0.4971
2721,0.5951
2722,0.2276
2723,0.2733
2724,0.2378
2725,0.2178
2726,0.235
2727,0.1672
2728,0.04266
2729,0.0805
2730,0.4871
2731,0.2813
2732,0.05864
2733,0.3138
2734,0.3085
2735,0.05587
2736,0.03011
2737,0.5568
2738,0.03624
2739,0.09923
2740,0.2015
2741,0.4924
2742,0.2032
2743,0.1051
2744,0.05747
2745,0.03806
2746,0.3306
2747,0.02287
2748,0.7101
2749,0.07654
2750,0.04731
2751,0.2824
2752,0.8652
2753,0.1949
2754,0.3843
2755,0.03068
2756,0.1536
2757,0.2328
2758,0.1176
2759,0.2522
2760,0.03889
2761,0.3061
2762,0.01681
2763,0.03957
2764,0.03597
2765,0.1434
2766,0.6073
2767,0.2072
2768,0.1754
2769,0.2751
2770,0.3338
2771,0.4286
2772,0.1928
2773,0.4958
2774,0.163
2775,0.09794
2776,0.3027
2777,0.05479
2778,0.08941
2779,0.3174
2780,0.2373
2781,0.6503
2782,0.3219
2783,0.1064
2784,0.4625
2785,0.1326
2786,0.01026
2787,0.3972
2788,0.9352
2789,0.4297
2790,0.01923
2791,0.1388
2792,0.2394
2793,0.5223
2794,0.2728
2795,0.1891
2796,0.157
2797,0.004747
2798,0.7602
2799,0.1576
2800,0.1739
2801,0.2925
2802,0.09164
2803,0.1762
2804,0.8826
2805,0.4968
2806,0.2417
2807,0.09243
2808,0.8712
2809,0.5595
2810,0.05287
2811,0.9127
2812,0.1677
2813,0.1259
2814,0.129
2815,0.3178
2816,0.2238
2817,0.06636
2818,0.9887
2819,0.7553
2820,0.7826
2821,0.3343
2822,1.004
2823,0.08477
2824,0.2832
2825,0.1976
2826,0.03696
2827,0.02529
2828,0.01187
2829,0.5975
2830,0.1675
2831,0.01878
2832,0.4298
2833,0.2509
2834,0.9802
2835,0.8361
2836,0.3441
2837,0.5723
2838,0.2198
2839,0.5862
2840,0.1611
2841,1.058
2842,0.2453
2843,0.1979
2844,0.6168
2845,0.3705
2846,0.05188
2847,0.01064
2848,0.4569
2849,0.1824
2850,0.1949
2851,0.272
2852,0.4195
2853,0.1974
2854,0.384
2855,0.2141
2856,0.1756
2857,0.2871
2858,0.1514
2859,0.9835
2860,0.0813
2861,0.02652
2862,0.1413
2863,0.4337
2864,0.3033
2865,0.2282
2866,0.3121
2867,0.4223
2868,0.465
2869,0.1689
2870,0.3736
2871,0.4137
2872,0.194
2873,0.4977
2874,0.5029
2875,0.03824
2876,0.768
2877,0.2758
2878,0.1527
2879,0.1797
2880,0.2366
2881,0.0898
2882,0.4101
2883,0.1541
2884,0.3187
2885,0.1062
2886,0.1084
2887,0.06934
2888,0.04464
2889,0.251
2890,0.6524
2891,0.1531
2892,0.2194
2893,0.4634
2894,0.2957
2895,0.7881
2896,0.3747
2897,0.4836
2898,0.2996
2899,0.08098
2900,0.1704
2901,0.3261
2902,0.6856
2903,1.016
2904,0.3067
2905,0.3973
2906,0.125
2907,0.02722
2908,0.07797
2909,0.2297
2910,0.8625
2911,0.5469
2912,0.02846
2913,0.4498
2914,0.5677
2915,0.1404
2916,0.1007
2917,0.07539
2918,0.5197
2919,0.02505
2920,0.2192
2921,0.9542
2922,0.08002
2923,0.3975
2924,0.5061
2925,0.05046
2926,0.6032
2927,0.498
2928,0.5284
2929,0.1082
2930,0.2316
2931,0.03284
2932,0.8637
2933,0.2993
2934,0.227
2935,0.4483
2936,0.0789
2937,0.01773
2938,0.01969
2939,0.7005
2940,0.5971
2941,0.2592
2942,0.5806
2943,0.01006
2944,0.5505
2945,0.1801
2946,0.3632
2947,0.07928
2948,1.026
2949,0.4162
2950,0.1846
2951,0.4609
2952,0.02821
2953,0.2084
2954,0.07829
2955,0.2733
2956,0.2267
2957,0.2323
2958,0.6822
2959,0.1969
2960,0.5859
2961,0.1826
2962,0.009188
2963,0.5986
2964,0.4872
2965,0.6341
2966,0.5034
2967,0.3411
2968,0.241
2969,0.03719
2970,0.4357
2971,0.4589
2972,0.07642
2973,0.2534
2974,0.08957
2975,0.1723
2976,0.7202
2977,0.2885
2978,0.001795
2979,0.1372
2980,0.3702
2981,0.04561
2982,0.4997
2983,0.3688
2984,0.3307
2985,0.1519
2986,0.3357
2987,0.09939
2988,0.3771
2989,0.1156
2990,0.02134
2991,0.4793
2992,0.3244
2993,0.6942
2994,0.3143
2995,0.4655
2996,0.01559
2997,0.3503
2998,0.2539
2999,0.3136
3000,0.2806
3001,0.517
3002,0.145
3003,0.07729
3004,0.22
3005,0.1538
3006,0.2752
3007,0.2399
3008,0.06585
3009,0.2571
3010,0.1948
3011,0.04877
3012,0.5981
3013,0.1807
3014,0.2686
3015,0.4374
3016,0.2166
3017,0.5339
3018,0.2861
3019,0.3499
3020,0.1392
3021,0.2282
3022,0.4463
3023,0.219
3024,0.8973
3025,0.2788
3026,0.7503
3027,0.5577
3028,0.1106
3029,0.2693
3030,0.08521
3031,0.4199
3032,0.08667
3033,0.1505
3034,0.1669
3035,0.1899
3036,0.3659
3037,0.2232
3038,0.09718
3039,0.08672
3040,0.3832
3041,0.3925
3042,0.1266
3043,0.06862
3044,0.2564
3045,0.2081
3046,0.01648
3047,0.4152
3048,0.2431
3049,0.4356
3050,0.2633
3051,0.1827
3052,0.008562
3053,0.2585
3054,0.08216
3055,0.39
3056,0.4062
3057,0.02202
3058,0.01455
3059,0.09613
3060,0.03283
3061,0.5677
3062,0.3591
3063,0.3797
3064,0.5497
3065,0.1414
3066,0.0857
3067,0.00938
3068,0.0903
3069,0.1834
3070,0.09779
3071,0.7613
3072,0.1465
3073,0.4376
3074,0.3261
3075,0.1378
3076,0.4466
3077,0.4833
3078,0.4665
3079,0.06245
3080,0.2891
3081,0.5194
3082,0.8279
3083,0.04674
3084,0.126
3085,0.493
3086,0.424
3087,0.6098
3088,0.06427
3089,1.077
3090,0.0644
3091,0.378
3092,0.6162
3093,0.164
3094,0.2587
3095,0.3072
3096,0.2552
3097,0.3992
3098,1.16
3099,0.417
3100,0.6917
3101,0.1043
3102,0.4181
3103,0.4471
3104,0.6683
3105,0.4449
3106,0.2241
3107,0.3951
3108,0.08535
3109,0.07963
3110,0.461
3111,0.1954
3112,0.245
3113,0.7118
3114,0.08952
3115,0.1777
3116,0.4058
3117,0.00724
3118,0.2235
3119,0.1509
3120,0.4363
3121,0.2054
3122,0.1628
3123,0.408
3124,0.652
3125,0.01996
3126,0.7262
3127,0.5354
3128,0.2185
3129,0.1249
3130,0.1397
3131,0.05993
3132,0.08743
3133,0.2449
3134,0.6011
3135,0.08349
3136,0.2054
3137,0.7874
3138,0.1816
3139,0.2018
3140,0.6286
3141,0.2299
3142,0.2134
3143,0.1172
3144,1.151
3145,0.3892
3146,0.4745
3147,0.2551
3148,0.1419
3149,0.4732
3150,0.1708
3151,1.047
3152,0.1392
3153,0.4273
3154,0.4767
3155,0.5601
3156,0.2
3157,0.4883
3158,0.1658
3159,0.4188
3160,0.3029
3161,0.6283
3162,0.2365
3163,0.6216
3164,0.004054
3165,0.07543
3166,0.2405
3167,0.1845
3168,0.1769
3169,0.3806
3170,0.6019
3171,0.2157
3172,0.4337
3173,0.8184
3174,0.3281
3175,0.1953
3176,1.361
3177,0.167
3178,0.2356
3179,0.154
3180,0.6275
3181,1.041
3182,0.2173
3183,0.1683
3184,0.1607
3185,0.1811
3186,0.8764
3187,0.7516
3188,0.2509
3189,0.735
3190,0.8954
3191,0.6898
3192,0.184
3193,0.269
3194,0.2281
3195,0.3888
3196,0.2625
3197,0.09394
3198,1.028
3199,0.2221
3200,0.5981
3201,0.5697
3202,0.01736
3203,0.1128
3204,0.1867
3205,0.2781
3206,0.9553
3207,0.1485
3208,0.9379
3209,0.4428
3210,0.2706
3211,0.5214
3212,0.3
3213,0.8233
3214,0.6173
3215,0.1003
3216,0.6809
3217,0.5146
3218,0.2059
3219,0.4463
3220,0.5226
3221,0.009683
3222,0.273
3223,0.1084
3224,0.004402
3225,0.5501
3226,0.5127
3227,0.1206
3228,0.1516
3229,0.1175
3230,0.4697
3231,0.09395
3232,0.1949
3233,0.2984
3234,0.1664
3235,0.3812
3236,0.5469
3237,0.3698
3238,0.2214
3239,0.2445
3240,1.184
3241,0.2153
3242,0.2328
3243,0.4138
3244,0.4695
3245,0.3005
3246,0.2496
3247,0.2553
3248,0.2965
3249,0.2613
3250,0.2576
3251,0.1593
3252,0.1445
3253,0.1186
3254,0.2157
3255,0.1659
3256,0.4368
3257,0.2983
3258,0.2292
3259,0.9763
3260,0.3675
3261,0.1359
3262,0.6057
3263,0.3789
3264,0.4224
3265,0.2087
3266,0.5403
3267,0.4306
3268,0.1304
3269,0.09592
3270,0.1943
3271,0.1805
3272,0.05186
3273,0.2897
3274,0.1785
3275,0.4603
3276,0.2439
3277,0.4701
3278,0.2561
3279,0.1509
3280,0.1095
3281,0.05893
3282,0.5002
3283,0.489
3284,0.3272
3285,0.3206
3286,0.03323
3287,0.08854
3288,0.3501
3289,0.2712
3290,0.199
3291,0.4503
3292,0.02954
3293,0.3417
3294,0.1654
3295,0.9923
3296,0.6899
3297,0.5566
3298,0.1195
3299,0.231
3300,0.1089
3301,0.1126
3302,0.008894
3303,0.3893
3304,0.6135
3305,0.4273
3306,0.1279
3307,0.7561
3308,0.5415
3309,0.1556
3310,0.0212
3311,0.04039
3312,0.1737
3313,0.458
3314,0.3319
3315,0.09279
3316,0.2136
3317,0.5861
3318,0.01136
3319,0.4208
3320,0.119
3321,0.164
3322,0.3743
3323,0.1965
3324,0.01811
3325,0.3359
3326,0.001575
3327,0.2539
3328,0.06219
3329,0.06456
3330,0.3188
3331,0.07202
3332,0.4566
3333,0.2323
3334,0.6156
3335,0.2489
3336,0.09862
3337,0.009332
3338,0.01701
3339,0.555
3340,0.3005
3341,0.02537
3342,0.007564
3343,0.386
3344,0.627
3345,0.002761
3346,0.753
3347,0.2215
3348,0.8301
3349,0.6137
3350,0.1401
3351,0.07871
3352,0.9848
3353,0.1536
3354,0.5878
3355,0.383
3356,0.3679
3357,0.462
3358,0.2016
3359,0.1274
3360,0.2626
3361,0.2
3362,0.0675
3363,0.8752
3364,0.1717
3365,0.1423
3366,0.3495
3367,0.1372
3368,0.07346
3369,0.3595
3370,0.3663
3371,0.6154
3372,0.5757
3373,0.1319
3374,0.181
3375,0.02241
3376,0.384
3377,0.08053
3378,0.09491
3379,0.1729
3380,0.7427
3381,0.2677
3382,0.009524
3383,0.5917
3384,0.2001
3385,0.1468
3386,0.6351
3387,0.361
3388,0.02813
3389,0.3569
3390,0.5505
3391,0.2064
3392,0.6236
3393,0.02121
3394,0.005043
3395,0.6532
3396,0.6097
3397,0.652
3398,0.3576
3399,0.02033
3400,0.4037
3401,0.5932
3402,0.5127
3403,0.1895
3404,0.1458
3405,0.02272
3406,0.2229
3407,0.2346
3408,0.3062
3409,0.1126
3410,0.4693
3411,0.3791
3412,0.4069
3413,0.545
3414,0.1522
3415,0.8007
3416,0.6882
3417,0.4061
3418,0.3011
3419,0.1611
3420,8.704e-05
3421,0.02495
3422,0.3065
3423,0.5702
3424,0.07665
3425,0.2285
3426,0.4193
3427,0.02824
3428,0.03783
3429,0.1221
3430,0.09105
3431,0.3669
3432,0.3002
3433,0.1488
3434,0.01261
3435,0.1863
3436,0.2361
3437,0.6014
3438,0.3269
3439,0.5527
3440,0.003682
3441,0.385
3442,0.169
3443,0.3616
3444,0.02506
3445,0.7339
3446,0.9141
3447,0.5644
3448,0.2395
3449,0.6644
3450,0.1789
3451,0.1326
3452,0.05644
3453,0.09002
3454,0.221
3455,0.3745
3456,0.3886
3457,1.01
3458,0.06862
3459,0.3623
3460,0.4922
3461,0.358
3462,0.06226
3463,0.7704
3464,0.05727
3465,0.6319
3466,0.5915
3467,0.7483
3468,0.564
3469,0.01677
3470,0.261
3471,0.4649
3472,0.4766
3473,0.6255
3474,0.1497
3475,0.01648
3476,0.04007
3477,0.06215
3478,0.8633
3479,0.4598
3480,0.6196
3481,0.2436
3482,0.04208
3483,0.0711
3484,0.2582
3485,0.2951
3486,0.2077
3487,0.2537
3488,0.06927
3489,0.4077
3490,0.8051
3491,0.3878
3492,0.1228
3493,0.6637
3494,0.4551
3495,0.2233
3496,0.5816
3497,0.0477
3498,0.7495
3499,0.4205
3500,0.2697
