MDTU,min_ave,max_ave
1,0.149663,0.208338
2,0.119456,0.182159
3,0.0904855,0.157755
4,0.0904855,0.157755
5,0.0904855,0.157755
6,0.0653384,0.13892
7,0.053211,0.125697
8,0.053211,0.125697
9,0.053211,0.125697
10,0.053211,0.125697
11,0.053211,0.125697
12,0.0433414,0.114845
13,0.0257483,0.103826
14,0.0260046,0.0991557
15,0.0260046,0.0991557
16,0.0177666,0.0904633
17,0.0177666,0.0904633
18,0.00219666,0.0846466
19,-0.00697302,0.0740406
20,-0.0145431,0.0651603
21,-0.0209531,0.0665626
22,-0.0209531,0.0665626
23,-0.0152034,0.061057
24,-0.0143781,0.0575328
25,-0.0293912,0.0584554
26,-0.0293912,0.0584554
27,-0.0242358,0.0552604
28,-0.0242358,0.0552604
29,-0.0242358,0.0552604
30,-0.0271053,0.058814
31,-0.0328649,0.0482605
32,-0.0459015,0.0325895
33,-0.0472627,0.0323491
34,-0.0451952,0.025336
35,-0.0459117,0.0333187
36,-0.0459117,0.0333187
37,-0.0462512,0.0329376
38,-0.0440596,0.0298322
39,-0.0426039,0.0338748
40,-0.0471027,0.0290753
41,-0.0518767,0.0312193
42,-0.0482759,0.0323856
43,-0.0479811,0.0318752
44,-0.0573144,0.0273385
45,-0.0562802,0.0291934
46,-0.0562802,0.0291934
47,-0.0557625,0.0234433
48,-0.0557625,0.0234433
49,-0.0577998,0.0246548
50,-0.0583285,0.0198522
51,-0.0566561,0.0235441
52,-0.0536212,0.024418
53,-0.05019,0.0261581
54,-0.0527606,0.0284488
55,-0.0495365,0.0335286
56,-0.0382313,0.0394144
57,-0.0518375,0.0337153
58,-0.042286,0.0381342
59,-0.0387976,0.035587
60,-0.0448858,0.0393925
61,-0.0412749,0.0322076
62,-0.0423136,0.0334768
63,-0.0418801,0.0331836
64,-0.0440454,0.0324166
65,-0.0430894,0.0344768
66,-0.0467123,0.0348186
67,-0.0385822,0.045234
68,-0.0427809,0.0341703
69,-0.0403058,0.0398836
70,-0.0409426,0.0423055
71,-0.0281893,0.0466129
72,-0.0293889,0.0474622
73,-0.0342635,0.0489041
74,-0.0384977,0.0501718
75,-0.0255882,0.0518439
76,-0.0330521,0.0503375
77,-0.0330521,0.0503375
78,-0.0385866,0.0439242
79,-0.035557,0.0418587
80,-0.035557,0.0418587
81,-0.0389239,0.0446947
82,-0.0389239,0.0446947
83,-0.0424259,0.0340565
84,-0.0324745,0.0460936
85,-0.0348051,0.0435263
86,-0.032219,0.0502502
87,-0.0417272,0.0388595
88,-0.0417272,0.0388595
89,-0.0415138,0.0361835
90,-0.0403957,0.0356708
91,-0.0433831,0.0335896
92,-0.0477991,0.0352711
93,-0.0413727,0.0405465
94,-0.0361135,0.0402269
95,-0.0376691,0.0409582
96,-0.0420388,0.0425553
97,-0.0396277,0.0500324
98,-0.0365829,0.0437284
99,-0.0331695,0.0417799
100,-0.0388482,0.0428139
101,-0.0342014,0.0494101
102,-0.0378958,0.0424282
103,-0.0440761,0.0377408
104,-0.0461556,0.0388064
105,-0.0445676,0.0328421
106,-0.0458307,0.0259305
107,-0.0506633,0.0296705
108,-0.0546894,0.0269515
109,-0.0549262,0.0247561
110,-0.0578872,0.0307394
111,-0.0471337,0.027576
112,-0.0471337,0.027576
113,-0.0519604,0.0259145
114,-0.0485584,0.0316475
115,-0.0538773,0.023112
116,-0.0532728,0.0291422
117,-0.0432852,0.0297869
118,-0.0494305,0.0260459
119,-0.0447066,0.0294139
120,-0.0509772,0.0306829
121,-0.0530585,0.0245399
122,-0.05578,0.0261614
123,-0.0538535,0.0286115
124,-0.0509105,0.029967
125,-0.0498266,0.0316069
126,-0.0498266,0.0316069
127,-0.0434229,0.0325585
128,-0.0441729,0.0317747
129,-0.0393558,0.0384809
130,-0.0412513,0.0394253
131,-0.040386,0.0379789
132,-0.0475366,0.0375261
133,-0.0419531,0.0334704
134,-0.0419531,0.0334704
135,-0.0407421,0.0348154
136,-0.0407421,0.0348154
137,-0.0372028,0.0410201
138,-0.0370917,0.0384218
139,-0.031233,0.0403892
140,-0.0438662,0.0372138
141,-0.0473533,0.0344296
142,-0.0473533,0.0344296
143,-0.0485156,0.0338403
144,-0.0463865,0.0311155
145,-0.0504047,0.0319749
146,-0.0475508,0.0341674
147,-0.0471276,0.0316924
148,-0.0500875,0.0298472
149,-0.0521166,0.0289557
150,-0.0528517,0.0247007
151,-0.0546853,0.0301795
152,-0.0462495,0.0348115
153,-0.042362,0.0306532
154,-0.0436663,0.0358945
155,-0.0386285,0.0354526
156,-0.0344842,0.0366897
157,-0.0324569,0.0395963
158,-0.0464935,0.0361494
159,-0.0367772,0.0389795
160,-0.0338693,0.0366234
161,-0.0411042,0.0349796
162,-0.0360366,0.0367031
163,-0.0360366,0.0367031
164,-0.0448796,0.0289325
165,-0.0381026,0.0368816
166,-0.0402715,0.0368466
167,-0.0402715,0.0368466
168,-0.0428874,0.0314458
169,-0.036608,0.0356591
170,-0.0433077,0.0304347
171,-0.0521841,0.0323731
172,-0.0427154,0.03514
173,-0.0427154,0.03514
174,-0.0383089,0.0425598
175,-0.0384531,0.0438395
176,-0.0331072,0.0480784
177,-0.0316743,0.0423705
178,-0.0428948,0.0344058
179,-0.0469825,0.0323
180,-0.0509612,0.0311214
181,-0.0483692,0.0299918
182,-0.0526932,0.03641
183,-0.0403107,0.0410201
184,-0.0398133,0.038596
185,-0.0368104,0.0400511
186,-0.0427257,0.0391174
187,-0.0389775,0.0384616
188,-0.049779,0.0292431
189,-0.0491855,0.030927
190,-0.0482299,0.0279981
191,-0.0440298,0.032008
192,-0.0485098,0.031799
193,-0.0492051,0.0396778
194,-0.0372859,0.0419699
195,-0.0375291,0.0424983
196,-0.0355122,0.0413624
197,-0.0324014,0.048857
198,-0.0347753,0.0410365
199,-0.0315102,0.0431993
200,-0.0332475,0.0463941
201,-0.036308,0.0434312
202,-0.039806,0.0400172
203,-0.0451837,0.0348355
204,-0.0419862,0.037501
205,-0.0419862,0.037501
206,-0.0437961,0.0361137
207,-0.0437961,0.0361137
208,-0.0512247,0.030076
209,-0.0436123,0.0401463
210,-0.0388949,0.0368089
211,-0.0509562,0.0296299
212,-0.0552845,0.0240572
213,-0.0425432,0.0290054
214,-0.0430355,0.035016
215,-0.0430355,0.035016
216,-0.0493702,0.0404416
217,-0.0505286,0.0346134
218,-0.0433863,0.0310302
219,-0.0410771,0.0377921
220,-0.0440887,0.042672
221,-0.0401163,0.0389324
222,-0.0400165,0.0352964
223,-0.0386404,0.037978
224,-0.0458923,0.031119
225,-0.0321481,0.0411058
226,-0.0328687,0.0426241
227,-0.0344331,0.0396925
228,-0.041322,0.0408069
229,-0.0469279,0.0414253
230,-0.047524,0.0344138
231,-0.0482477,0.0339822
232,-0.0482477,0.0339822
233,-0.04699,0.0342378
234,-0.0462168,0.0336594
235,-0.0383895,0.041332
236,-0.0485562,0.0399139
237,-0.0420501,0.0343916
238,-0.0443729,0.0444542
239,-0.0412512,0.0388297
240,-0.0421481,0.0476873
241,-0.0410395,0.0405175
242,-0.0410395,0.0405175
243,-0.0430752,0.0381765
244,-0.0383769,0.0420134
245,-0.0372628,0.040692
246,-0.037187,0.0418167
247,-0.0389876,0.0363838
248,-0.0414,0.0384439
249,-0.0337904,0.0370815
250,-0.0427655,0.0341903
251,-0.0399756,0.0453179
252,-0.0363515,0.0363554
253,-0.0386717,0.0376197
254,-0.0386717,0.0376197
255,-0.0331671,0.0410557
256,-0.0331671,0.0410557
257,-0.0347913,0.0414183
258,-0.0316953,0.0384689
259,-0.0407191,0.0438934
260,-0.0434339,0.0426699
261,-0.0434339,0.0426699
262,-0.0417633,0.0392519
263,-0.0387097,0.0377551
264,-0.0369528,0.0479135
265,-0.0403163,0.0423448
266,-0.0403163,0.0423448
267,-0.0385403,0.0352523
268,-0.041577,0.0337464
269,-0.0429374,0.0422507
270,-0.0359774,0.0445525
271,-0.0381128,0.0434454
272,-0.0342414,0.0397593
273,-0.0366417,0.042908
274,-0.035991,0.0408637
275,-0.0361355,0.042789
276,-0.0361355,0.042789
277,-0.0363657,0.037182
278,-0.0434228,0.0371492
279,-0.0475038,0.0371265
280,-0.0407877,0.0335614
281,-0.0622871,0.0331107
282,-0.0489295,0.0337022
283,-0.0497192,0.0334834
284,-0.0539861,0.0325802
285,-0.0457864,0.0350181
286,-0.0476869,0.0279714
287,-0.0572957,0.0234815
288,-0.0501183,0.0306751
289,-0.0413422,0.0326431
290,-0.0473688,0.0305581
291,-0.0407181,0.0309273
292,-0.0476986,0.0320587
293,-0.0469731,0.0306399
294,-0.0447303,0.0313444
295,-0.0488961,0.0344924
296,-0.0386419,0.0335182
297,-0.0386419,0.0335182
298,-0.0460897,0.0334528
299,-0.0460897,0.0334528
300,-0.0423998,0.0335584
301,-0.0387788,0.0365946
302,-0.0459091,0.0414419
303,-0.0459091,0.0414419
304,-0.0458906,0.0341469
305,-0.0408336,0.0364852
306,-0.038222,0.0416684
307,-0.0424245,0.0410413
308,-0.0371839,0.0418064
309,-0.0453734,0.0420255
310,-0.0402089,0.0335759
311,-0.0436668,0.0358088
312,-0.0417982,0.035609
313,-0.0431604,0.0310079
314,-0.0398462,0.0354169
315,-0.0456484,0.0376924
316,-0.0504703,0.0330346
317,-0.0492415,0.0267219
318,-0.0472726,0.0359972
319,-0.0472726,0.0359972
320,-0.0362052,0.0363474
321,-0.0416706,0.0409741
322,-0.0401658,0.0361354
323,-0.0388023,0.0313928
324,-0.0375139,0.0394395
325,-0.0413735,0.0328389
326,-0.0538916,0.0290306
327,-0.055376,0.0310659
328,-0.0446309,0.0297742
329,-0.0513549,0.0305512
330,-0.053072,0.0293499
331,-0.0556968,0.0222204
332,-0.0571489,0.0218938
333,-0.0504766,0.0199377
334,-0.0555069,0.0224782
335,-0.0499464,0.0267568
336,-0.0477381,0.0329682
337,-0.0642667,0.0253249
338,-0.0631172,0.0257791
339,-0.0544635,0.0234212
340,-0.0572716,0.0206115
341,-0.0590508,0.0199008
342,-0.0548895,0.0259546
343,-0.0548895,0.0259546
344,-0.052306,0.0287759
345,-0.0572483,0.0193893
346,-0.0614935,0.0242096
347,-0.0614935,0.0242096
348,-0.0538683,0.0263436
349,-0.0461931,0.0374901
350,-0.046638,0.033897
351,-0.0399334,0.0363168
352,-0.0356345,0.0448297
353,-0.0356345,0.0448297
354,-0.0360439,0.0412014
355,-0.0388987,0.0375953
356,-0.0351885,0.0436509
357,-0.0376595,0.0368251
358,-0.0285528,0.0436536
359,-0.0272032,0.0491352
360,-0.0270214,0.0475481
361,-0.0303488,0.0445761
362,-0.0326567,0.0434243
363,-0.0326567,0.0434243
364,-0.0287604,0.05319
365,-0.0287604,0.05319
366,-0.0298161,0.0477655
367,-0.0410796,0.0431855
368,-0.0316142,0.0479078
369,-0.0325838,0.0482019
370,-0.036309,0.0430988
371,-0.0340454,0.0409326
372,-0.0417834,0.0325671
373,-0.0412935,0.0447096
374,-0.0314892,0.0412662
375,-0.0336325,0.0408962
376,-0.0363789,0.0407366
377,-0.035048,0.0422811
378,-0.0326499,0.042143
379,-0.0344018,0.0452024
380,-0.0423953,0.0386656
381,-0.0444638,0.0367899
382,-0.0497404,0.0328434
383,-0.0481461,0.0380438
384,-0.0473176,0.0351569
385,-0.0410328,0.0374305
386,-0.0388926,0.0359615
387,-0.0388926,0.0359615
388,-0.0376034,0.0416383
389,-0.0366194,0.0402261
390,-0.0347938,0.047182
391,-0.0463292,0.0375451
392,-0.0440754,0.0382338
393,-0.0383682,0.0359955
394,-0.0391597,0.0354829
395,-0.044921,0.0324402
396,-0.0444705,0.0333351
397,-0.0529724,0.0280981
398,-0.0580855,0.026382
399,-0.050746,0.0258218
400,-0.0538586,0.0295147
401,-0.0468577,0.0328707
402,-0.0536392,0.0328663
403,-0.0399346,0.0365907
404,-0.0477155,0.0332378
405,-0.0449122,0.0349704
406,-0.0449122,0.0349704
407,-0.0513516,0.0313771
408,-0.0444986,0.0271089
409,-0.0425936,0.0290896
410,-0.0550293,0.0347469
411,-0.0527126,0.0302581
412,-0.0527126,0.0302581
413,-0.0479952,0.0376838
414,-0.0374386,0.0401072
415,-0.0374386,0.0401072
416,-0.0374386,0.0401072
417,-0.0445997,0.0336666
418,-0.0446227,0.0352727
419,-0.0446227,0.0352727
420,-0.0446227,0.0352727
421,-0.0486531,0.033719
422,-0.0452124,0.0351083
423,-0.043805,0.0377806
424,-0.043805,0.0377806
425,-0.041976,0.0407401
426,-0.0453564,0.0306039
427,-0.0453564,0.0306039
428,-0.0465097,0.0362657
429,-0.0511989,0.0335444
430,-0.0510494,0.037186
431,-0.0435601,0.0359854
432,-0.0399921,0.0349155
433,-0.0479253,0.0357048
434,-0.056494,0.0220199
435,-0.0501493,0.0324171
436,-0.0464913,0.0347305
437,-0.0520916,0.0390505
438,-0.0438222,0.0325634
439,-0.0503649,0.0307341
440,-0.0399079,0.0417588
441,-0.0505373,0.0354216
442,-0.0397921,0.0336162
443,-0.0426139,0.0359167
444,-0.0403289,0.0432129
445,-0.0384203,0.0363943
446,-0.0466691,0.0335078
447,-0.0466691,0.0335078
448,-0.0417555,0.0414059
449,-0.0423057,0.0359379
450,-0.0432792,0.0370835
451,-0.0458577,0.0349691
452,-0.0440505,0.0342256
453,-0.0486792,0.0341898
454,-0.0456161,0.0363293
455,-0.0456161,0.0363293
456,-0.0471362,0.0327127
457,-0.0495675,0.0377684
458,-0.0434578,0.0348495
459,-0.0472584,0.0333064
460,-0.0460921,0.0370954
461,-0.0488212,0.0311565
462,-0.0440526,0.0307812
463,-0.0456415,0.0391357
464,-0.0365308,0.0447011
465,-0.0365308,0.0447011
466,-0.0378345,0.0383348
467,-0.0459477,0.0334121
468,-0.0354877,0.0440838
469,-0.0406636,0.0449419
470,-0.0406636,0.0449419
471,-0.0418265,0.0423003
472,-0.0348135,0.0436857
473,-0.0502349,0.0389264
474,-0.0487672,0.0336348
475,-0.0513075,0.0302939
476,-0.050254,0.0311939
477,-0.0517857,0.0269025
478,-0.0517857,0.0269025
479,-0.0530034,0.0226279
480,-0.0603169,0.024453
481,-0.0523273,0.0279604
482,-0.0474609,0.0363144
483,-0.0486662,0.027712
484,-0.0427923,0.0327622
485,-0.0467881,0.0349796
486,-0.0467028,0.0307608
487,-0.0467028,0.0307608
488,-0.0496225,0.0291552
489,-0.0496225,0.0291552
490,-0.0493199,0.0347482
491,-0.0468508,0.0280138
492,-0.0528918,0.0337067
493,-0.045844,0.0273055
494,-0.0457997,0.034489
495,-0.0440939,0.0372046
496,-0.0459743,0.0363576
497,-0.0522126,0.0311126
498,-0.045908,0.0338819
499,-0.0368848,0.0346867
500,-0.0441014,0.0338424
501,-0.0429131,0.0316005
502,-0.0344887,0.0380121
503,-0.0365886,0.0379752
504,-0.0413762,0.0377612
505,-0.0304742,0.044354
506,-0.0352011,0.0475689
507,-0.0308948,0.0435627
508,-0.0308948,0.0435627
509,-0.0308948,0.0435627
510,-0.0350898,0.0409949
511,-0.032678,0.0440935
512,-0.0347603,0.0408839
513,-0.0347603,0.0408839
514,-0.0421039,0.041675
515,-0.0421039,0.041675
516,-0.0371268,0.0477972
517,-0.0221816,0.0498897
518,-0.0260844,0.0515666
519,-0.0335922,0.0418776
520,-0.0354138,0.0418645
521,-0.0387039,0.0397336
522,-0.0461299,0.0317777
523,-0.0453278,0.0314448
524,-0.0421227,0.0367075
525,-0.0459337,0.0348799
526,-0.0391909,0.037884
527,-0.0492988,0.029851
528,-0.0447406,0.0337078
529,-0.0379663,0.0356848
530,-0.0489505,0.0347443
531,-0.0375536,0.0368229
532,-0.0384114,0.047301
533,-0.0358305,0.0382791
534,-0.0336998,0.0410814
535,-0.0339549,0.0419942
536,-0.0325021,0.0365564
537,-0.0372999,0.0446357
538,-0.0223167,0.0548036
539,-0.0264523,0.060184
540,-0.0282477,0.0511486
541,-0.0267917,0.0539694
542,-0.0286838,0.0601033
543,-0.0292748,0.0548533
544,-0.0292748,0.0548533
545,-0.0286267,0.0553116
546,-0.0375212,0.0455315
547,-0.0353595,0.0445886
548,-0.0367244,0.0392714
549,-0.0382067,0.0414369
550,-0.0441273,0.0389719
551,-0.0440698,0.0337552
552,-0.0473228,0.0288607
553,-0.0473228,0.0288607
554,-0.0478783,0.0264214
555,-0.0480995,0.0263635
556,-0.0511254,0.0258763
557,-0.054468,0.0290834
558,-0.0448995,0.027326
559,-0.0472655,0.0339752
560,-0.0460332,0.0374073
561,-0.0508668,0.0308953
562,-0.0459321,0.036652
563,-0.0411088,0.0411209
564,-0.0386715,0.0370954
565,-0.042286,0.0444089
566,-0.0390711,0.0413457
567,-0.0402739,0.0386685
568,-0.0424095,0.0380573
569,-0.0424095,0.0380573
570,-0.0472267,0.0374815
571,-0.0472267,0.0374815
572,-0.0447733,0.0362878
573,-0.0474098,0.0390664
574,-0.0430031,0.0392016
575,-0.0409696,0.032469
576,-0.0409696,0.032469
577,-0.0406667,0.0395645
578,-0.0405167,0.0424835
579,-0.0365277,0.0363038
580,-0.0379414,0.0401605
581,-0.0379414,0.0401605
582,-0.0383033,0.0408739
583,-0.04396,0.0346917
584,-0.0341664,0.0403704
585,-0.0398289,0.0386081
586,-0.039952,0.0371982
587,-0.0451653,0.03681
588,-0.0451653,0.03681
589,-0.0415348,0.0383398
590,-0.0353458,0.0432426
591,-0.0438673,0.0391308
592,-0.0402712,0.0357353
593,-0.0382484,0.0391918
594,-0.0422113,0.0367647
595,-0.0473098,0.0330073
596,-0.0473098,0.0330073
597,-0.0461116,0.036931
598,-0.0435602,0.0371223
599,-0.0412661,0.0408671
600,-0.0404131,0.0367836
601,-0.0404131,0.0367836
602,-0.0359283,0.0439431
603,-0.0455274,0.0384058
604,-0.0500079,0.0370771
605,-0.0480384,0.0249884
606,-0.048517,0.020238
607,-0.0514968,0.0342416
608,-0.0464554,0.0328135
609,-0.044204,0.0280098
610,-0.0468865,0.0339677
611,-0.0462199,0.0388366
612,-0.0416665,0.0426091
613,-0.0449568,0.035736
614,-0.0444453,0.040712
615,-0.0444453,0.040712
616,-0.0376916,0.0404404
617,-0.0411774,0.036209
618,-0.03577,0.0406874
619,-0.0354137,0.041946
620,-0.0428657,0.0452232
621,-0.0392164,0.0420486
622,-0.0326375,0.0426484
623,-0.0372036,0.0413056
624,-0.0357318,0.0464182
625,-0.0359443,0.0471146
626,-0.0342183,0.0474791
627,-0.0400184,0.04459
628,-0.0301847,0.0441508
629,-0.0320626,0.0475451
630,-0.0348706,0.0463329
631,-0.0260221,0.0437267
632,-0.0260221,0.0437267
633,-0.0375339,0.0387981
634,-0.0454779,0.0376699
635,-0.0422236,0.0456172
636,-0.0315067,0.0438485
637,-0.0397987,0.0458542
638,-0.0397987,0.0458542
639,-0.0359477,0.0449513
640,-0.0359128,0.0452918
641,-0.0326227,0.0459996
642,-0.0343094,0.0416833
643,-0.04053,0.0460257
644,-0.04053,0.0460257
645,-0.0329297,0.0470358
646,-0.0394184,0.0383398
647,-0.0410183,0.0421868
648,-0.0396507,0.0422355
649,-0.0356407,0.0475654
650,-0.0322126,0.0412812
651,-0.0366354,0.0407419
652,-0.0440301,0.0362898
653,-0.044585,0.037856
654,-0.0478884,0.0435103
655,-0.0410913,0.0369402
656,-0.0492102,0.0321061
657,-0.0494535,0.0350359
658,-0.0374221,0.0413367
659,-0.0512792,0.0388533
660,-0.0433676,0.0393891
661,-0.0367228,0.0417629
662,-0.0365203,0.0430806
663,-0.031008,0.0452764
664,-0.0333713,0.0461399
665,-0.034179,0.0542027
666,-0.031352,0.0529548
667,-0.0266208,0.049355
668,-0.0266208,0.049355
669,-0.0288284,0.0524045
670,-0.0273457,0.0441604
671,-0.0273457,0.0441604
672,-0.0203082,0.0503719
673,-0.0306992,0.0458718
674,-0.0317031,0.0492698
675,-0.0272812,0.052837
676,-0.0379083,0.040998
677,-0.0238684,0.0507151
678,-0.0238684,0.0507151
679,-0.0332808,0.0494892
680,-0.0332808,0.0494892
681,-0.0366901,0.0441596
682,-0.0392134,0.0424628
683,-0.0392134,0.0424628
684,-0.041837,0.0393648
685,-0.0423174,0.0386538
686,-0.0488803,0.0362934
687,-0.052884,0.0333136
688,-0.0414816,0.0347994
689,-0.0464219,0.0389354
690,-0.0388682,0.0410596
691,-0.0353732,0.0363779
692,-0.0472442,0.0339462
693,-0.0536511,0.0318883
694,-0.0430631,0.0380491
695,-0.0385008,0.0424118
696,-0.0359196,0.0445219
697,-0.0423402,0.0364377
698,-0.0464308,0.0349878
699,-0.0394709,0.0373004
700,-0.0408998,0.0355645
701,-0.0408998,0.0355645
702,-0.0343112,0.0429378
703,-0.0387764,0.0484756
704,-0.0351055,0.0456955
705,-0.0348321,0.0475512
706,-0.0338748,0.0447547
707,-0.039892,0.0475175
708,-0.0404565,0.0431186
709,-0.034197,0.0471258
710,-0.0365456,0.0452235
711,-0.0365456,0.0452235
712,-0.0393582,0.0443745
713,-0.0385277,0.0383166
714,-0.0380774,0.042263
715,-0.0380774,0.042263
716,-0.0440035,0.0354201
717,-0.0467887,0.0341732
718,-0.0326077,0.0366576
719,-0.0402406,0.0405621
720,-0.0445961,0.0437195
721,-0.0408312,0.0403389
722,-0.0460119,0.0296416
723,-0.0460119,0.0296416
724,-0.051494,0.0296096
725,-0.0548414,0.0308739
726,-0.0507789,0.0348261
727,-0.0501537,0.032621
728,-0.0496957,0.0285606
729,-0.0508049,0.0300829
730,-0.047778,0.0290576
731,-0.0512654,0.0309804
732,-0.0470961,0.0301947
733,-0.0436515,0.0419565
734,-0.0378405,0.0365698
735,-0.0422356,0.0385442
736,-0.0420128,0.0391254
737,-0.0410819,0.0406075
738,-0.0377308,0.0402218
739,-0.032977,0.0497138
740,-0.0368115,0.0414356
741,-0.0392561,0.0391856
742,-0.0383642,0.0368012
743,-0.0445599,0.0338771
744,-0.0392107,0.039926
745,-0.0326816,0.0400219
746,-0.0376029,0.0381547
747,-0.045977,0.0339871
748,-0.0478552,0.0302769
749,-0.0362268,0.0410669
750,-0.0394133,0.042669
751,-0.0394133,0.042669
752,-0.045495,0.0367272
753,-0.0401724,0.0394265
754,-0.045614,0.0334441
755,-0.0521574,0.0313056
756,-0.0461427,0.0356268
757,-0.0422711,0.033407
758,-0.041297,0.034567
759,-0.0444022,0.0401402
760,-0.0463091,0.0354799
761,-0.0400155,0.0423971
762,-0.0409478,0.0362225
763,-0.0394182,0.0400232
764,-0.0394182,0.0400232
765,-0.0395391,0.0355471
766,-0.0405325,0.0379767
767,-0.0405325,0.0379767
768,-0.0425272,0.0393001
769,-0.0357571,0.0456064
770,-0.0497518,0.0311091
771,-0.0418586,0.0366535
772,-0.0494357,0.0369112
773,-0.0494357,0.0369112
774,-0.0552097,0.0300188
775,-0.0493848,0.0296361
776,-0.048455,0.036109
777,-0.0395724,0.0351667
778,-0.0436188,0.0351936
779,-0.0455948,0.0340306
780,-0.0376519,0.041214
781,-0.0374653,0.0406995
782,-0.0421065,0.0362357
783,-0.0352604,0.0412476
784,-0.0392093,0.0368612
785,-0.0445815,0.0360127
786,-0.0419609,0.0327843
787,-0.0459008,0.0317036
788,-0.0395118,0.038039
789,-0.0442994,0.0403696
790,-0.0442104,0.0412326
791,-0.0347961,0.0448958
792,-0.0402036,0.0462087
793,-0.0377444,0.0394821
794,-0.0375752,0.0404415
795,-0.0371697,0.041029
796,-0.0345069,0.0401387
797,-0.0362257,0.0382671
798,-0.0316179,0.0468162
799,-0.0365017,0.0404132
800,-0.0312292,0.0436072
801,-0.0400662,0.0437054
802,-0.0336024,0.0419241
803,-0.0431235,0.0347093
804,-0.0431235,0.0347093
805,-0.0486139,0.0378655
806,-0.0432032,0.0342694
807,-0.038389,0.0396211
808,-0.0419093,0.0369928
809,-0.0473951,0.0334768
810,-0.0415613,0.0319868
811,-0.0453574,0.039384
812,-0.0490334,0.0355643
813,-0.0490334,0.0355643
814,-0.0490334,0.0355643
815,-0.0490334,0.0355643
816,-0.0415733,0.0387593
817,-0.0497862,0.0383555
818,-0.0426221,0.036073
819,-0.0408551,0.0415062
820,-0.0352196,0.0418029
821,-0.0443386,0.0336283
822,-0.0404513,0.0376873
823,-0.0444298,0.0399631
824,-0.0418672,0.0431335
825,-0.0418672,0.0431335
826,-0.0418672,0.0431335
827,-0.0367936,0.0407908
828,-0.0395217,0.0382349
829,-0.0432156,0.0328095
830,-0.0419598,0.0379696
831,-0.0419045,0.0390989
832,-0.0466069,0.0439306
833,-0.0408236,0.0393366
834,-0.0475791,0.0333979
835,-0.0471723,0.0369301
836,-0.0462174,0.0395616
837,-0.0345574,0.0421845
838,-0.0367621,0.0439473
839,-0.0344065,0.0348549
840,-0.0398926,0.0382907
841,-0.0369361,0.0480429
842,-0.0425165,0.0371063
843,-0.0347264,0.0431405
844,-0.0374977,0.0395129
845,-0.0401158,0.0394202
846,-0.033926,0.0438858
847,-0.0380483,0.0453757
848,-0.0469566,0.0355229
849,-0.0491827,0.0318501
850,-0.0498016,0.0316094
851,-0.0379648,0.0360144
852,-0.0379648,0.0360144
853,-0.0412956,0.0313194
854,-0.0450263,0.0334544
855,-0.0473646,0.0308192
856,-0.0473646,0.0308192
857,-0.0505122,0.0270562
858,-0.0488253,0.0288036
859,-0.0525132,0.0234765
860,-0.0525132,0.0234765
861,-0.0518551,0.0291676
862,-0.0476613,0.0298004
863,-0.0507916,0.032525
864,-0.0531913,0.0276822
865,-0.048987,0.0289075
866,-0.0508587,0.0282352
867,-0.059466,0.0365872
868,-0.059466,0.0365872
869,-0.050665,0.0353944
870,-0.0491361,0.0310358
871,-0.0546392,0.0234419
872,-0.0511856,0.0321205
873,-0.0513326,0.0276123
874,-0.0464536,0.0337376
875,-0.0530146,0.0311757
876,-0.044215,0.0369786
877,-0.0454676,0.0342947
878,-0.0424869,0.0355881
879,-0.0449828,0.0356977
880,-0.0505655,0.0294893
881,-0.0485301,0.0338291
882,-0.0495024,0.0286672
883,-0.0550231,0.0254887
884,-0.0518618,0.0261343
885,-0.0500824,0.0274787
886,-0.0542369,0.026892
887,-0.042443,0.0323645
888,-0.0473193,0.0380158
889,-0.0441958,0.0339108
890,-0.0503104,0.0325707
891,-0.0411584,0.0313926
892,-0.0367359,0.0413737
893,-0.0405983,0.0362151
894,-0.0534761,0.0378917
895,-0.0480905,0.0297799
896,-0.0561596,0.0290693
897,-0.0441155,0.0293643
898,-0.0441155,0.0293643
899,-0.0412846,0.0389137
900,-0.0343123,0.0450342
901,-0.0363077,0.0406595
902,-0.0363077,0.0406595
903,-0.0449208,0.0389123
904,-0.0405205,0.0408457
905,-0.0346494,0.0446437
906,-0.0365866,0.0423571
907,-0.0301288,0.0419599
908,-0.0301288,0.0419599
909,-0.0309622,0.0448027
910,-0.0390396,0.0388024
911,-0.0487991,0.0298097
912,-0.042101,0.0372954
913,-0.0417292,0.0388648
914,-0.0438764,0.0347977
915,-0.0438764,0.0347977
916,-0.0398077,0.0432338
917,-0.0426923,0.0370385
918,-0.0470649,0.0394864
919,-0.0499923,0.0268005
920,-0.0453417,0.0369514
921,-0.046118,0.0333359
922,-0.0445078,0.0274465
923,-0.0509801,0.0275767
924,-0.0466769,0.0328213
925,-0.0499304,0.0271306
926,-0.0486842,0.0380899
927,-0.049505,0.0326606
928,-0.0504485,0.0350053
929,-0.0553888,0.0200973
930,-0.0503614,0.02528
931,-0.0527988,0.0223722
932,-0.0562458,0.0235465
933,-0.0575348,0.0248196
934,-0.0464342,0.0321363
935,-0.0556089,0.0334741
936,-0.0513918,0.0303053
937,-0.0513918,0.0303053
938,-0.0488559,0.0346495
939,-0.0406881,0.0321149
940,-0.0521935,0.0297779
941,-0.043394,0.0336171
942,-0.0494905,0.0284524
943,-0.0458687,0.0305514
944,-0.0480929,0.0290049
945,-0.0459798,0.0338104
946,-0.0556491,0.024358
947,-0.0651603,0.0286368
948,-0.061037,0.0213602
949,-0.056946,0.0249975
950,-0.0563391,0.0264517
951,-0.0512628,0.0300023
952,-0.0414609,0.0316657
953,-0.0423081,0.0330632
954,-0.0429462,0.0315328
955,-0.0469961,0.0328147
956,-0.0475984,0.0282595
957,-0.0518228,0.0317781
958,-0.0475136,0.0295304
959,-0.0506887,0.0313476
960,-0.0502149,0.028825
961,-0.0476055,0.0275409
962,-0.0506358,0.0294037
963,-0.0498458,0.0301035
964,-0.0475701,0.0335821
965,-0.0440483,0.0383696
966,-0.0435012,0.0318186
967,-0.0451175,0.0337458
968,-0.0442685,0.035589
969,-0.0379616,0.0366033
970,-0.0426888,0.0341142
971,-0.0395818,0.0375638
972,-0.0418208,0.0329494
973,-0.0472146,0.0338301
974,-0.0483316,0.0297062
975,-0.0446108,0.0286431
976,-0.0454429,0.0331387
977,-0.0468681,0.0366945
978,-0.0532741,0.0312577
979,-0.0398107,0.0431325
980,-0.0509362,0.0375654
981,-0.042583,0.0368438
982,-0.0419741,0.0296288
983,-0.0485647,0.0291321
984,-0.0405872,0.0325287
985,-0.049949,0.0303181
986,-0.0474844,0.0301595
987,-0.0483089,0.0328572
988,-0.05631,0.0254096
989,-0.0493812,0.0277282
990,-0.0520533,0.0260371
991,-0.0520533,0.0260371
992,-0.0527484,0.0271921
993,-0.0495873,0.0375848
994,-0.0512094,0.0288202
995,-0.0493934,0.0272679
996,-0.047525,0.0260039
997,-0.0514518,0.0315446
998,-0.0524515,0.0340384
999,-0.0441161,0.0371524
1000,-0.0451535,0.0378574
1001,-0.0517812,0.0393564
1002,-0.0445676,0.0339302
1003,-0.0494078,0.0286668
1004,-0.0506441,0.0248554
1005,-0.0568792,0.0219473
1006,-0.0518764,0.0229702
1007,-0.0496004,0.0309783
1008,-0.0490449,0.0287407
1009,-0.0560967,0.0227994
1010,-0.059832,0.0208958
1011,-0.0547167,0.0196537
1012,-0.0485547,0.0199696
1013,-0.051129,0.0233302
1014,-0.0449837,0.0283003
1015,-0.0477467,0.0274461
1016,-0.0450178,0.0290203
1017,-0.0473022,0.0296456
1018,-0.0439557,0.0340951
1019,-0.0458616,0.0374901
1020,-0.045083,0.0415284
1021,-0.0406597,0.0369411
1022,-0.0349304,0.0389042
1023,-0.0475994,0.0385787
1024,-0.0510219,0.0280706
1025,-0.0501745,0.0273057
1026,-0.0445719,0.0316516
1027,-0.0436648,0.039819
1028,-0.0340558,0.0465109
1029,-0.0343197,0.0403066
1030,-0.034072,0.0487366
1031,-0.041514,0.0411573
1032,-0.0425864,0.038101
1033,-0.0425864,0.038101
1034,-0.0438497,0.0421329
1035,-0.0437574,0.0323862
1036,-0.0418497,0.0350173
1037,-0.0412554,0.0349721
1038,-0.0416693,0.0350904
1039,-0.0355951,0.0406332
1040,-0.0421211,0.0407165
1041,-0.0358685,0.0457461
1042,-0.0416278,0.0369052
1043,-0.0453542,0.0372796
1044,-0.0432041,0.0361648
1045,-0.0380593,0.0362549
1046,-0.0374936,0.0432904
1047,-0.0407197,0.0358022
1048,-0.0403817,0.0414233
1049,-0.0442158,0.042348
1050,-0.040062,0.0372292
1051,-0.0437228,0.0383023
1052,-0.0370626,0.0451801
1053,-0.0371925,0.0401716
1054,-0.0334819,0.0415898
1055,-0.0334819,0.0415898
1056,-0.0311163,0.0448065
1057,-0.0311163,0.0448065
1058,-0.0409801,0.0427117
1059,-0.0351575,0.0474596
1060,-0.0425331,0.039036
1061,-0.0371464,0.042611
1062,-0.0341358,0.0494713
1063,-0.0425868,0.0412133
1064,-0.0326072,0.0434246
1065,-0.0357503,0.0471989
1066,-0.0357503,0.0471989
1067,-0.0370686,0.0397082
1068,-0.0353869,0.0484004
1069,-0.0342268,0.0469108
1070,-0.037518,0.045989
1071,-0.0413564,0.0431358
1072,-0.0394464,0.0400821
1073,-0.0403982,0.03997
1074,-0.0398617,0.0297316
1075,-0.0422974,0.0351817
1076,-0.0399483,0.0426047
1077,-0.0506172,0.0379856
1078,-0.0434341,0.0350618
1079,-0.0434341,0.0350618
1080,-0.0375404,0.0404903
1081,-0.0401496,0.0390888
1082,-0.0416435,0.033343
1083,-0.0445988,0.0392593
1084,-0.0485738,0.0432906
1085,-0.0444038,0.0403662
1086,-0.0361874,0.0414355
1087,-0.0394705,0.0309913
1088,-0.0450168,0.033772
1089,-0.0387466,0.0357144
1090,-0.0492975,0.0325057
1091,-0.036934,0.0374839
1092,-0.0454921,0.0368112
1093,-0.0446914,0.0385383
1094,-0.0470317,0.0349879
1095,-0.0470317,0.0349879
1096,-0.043504,0.0335072
1097,-0.043504,0.0335072
1098,-0.0432942,0.032863
1099,-0.0407081,0.0326327
1100,-0.0437801,0.034166
1101,-0.0385024,0.0416455
1102,-0.0343798,0.0469832
1103,-0.0441492,0.0415817
1104,-0.036321,0.0426487
1105,-0.036321,0.0426487
1106,-0.0354394,0.0380286
1107,-0.0425879,0.0359613
1108,-0.0464948,0.0377524
1109,-0.0396068,0.0371795
1110,-0.0383069,0.035988
1111,-0.0431883,0.0392347
1112,-0.0476918,0.0315956
1113,-0.0501513,0.034849
1114,-0.0410423,0.0381639
1115,-0.0445356,0.0339375
1116,-0.0480468,0.0355132
1117,-0.0428594,0.037067
1118,-0.0362532,0.0402761
1119,-0.0466833,0.0342842
1120,-0.0431886,0.0361665
1121,-0.0440128,0.0382763
1122,-0.0409201,0.0434012
1123,-0.0506936,0.0341586
1124,-0.042372,0.0381912
1125,-0.046122,0.0266623
1126,-0.0508879,0.0302977
1127,-0.0463288,0.0381488
1128,-0.0418958,0.0365629
1129,-0.05129,0.028238
1130,-0.05129,0.028238
1131,-0.0415399,0.0329963
1132,-0.0503676,0.0267163
1133,-0.0463219,0.0369208
1134,-0.0355128,0.0412022
1135,-0.0421828,0.033972
1136,-0.0427863,0.0394556
1137,-0.0427863,0.0394556
1138,-0.0356959,0.0445797
1139,-0.0322591,0.0496036
1140,-0.0380487,0.0357396
1141,-0.0454455,0.0459592
1142,-0.0463305,0.030483
1143,-0.0401179,0.0399458
1144,-0.0385469,0.0407406
1145,-0.0385469,0.0407406
1146,-0.0317099,0.0475601
1147,-0.0372333,0.0458464
1148,-0.0340188,0.0521106
1149,-0.038931,0.0396529
1150,-0.03705,0.0388368
1151,-0.0358339,0.0358423
1152,-0.0435589,0.0362476
1153,-0.041093,0.0338185
1154,-0.0508388,0.0311098
1155,-0.0501664,0.0284333
1156,-0.0491015,0.0277184
1157,-0.0600691,0.0238209
1158,-0.055907,0.0192843
1159,-0.0605169,0.02489
1160,-0.0514755,0.0248364
1161,-0.0524494,0.0255684
1162,-0.0541638,0.0265277
1163,-0.0604059,0.0246479
1164,-0.0519466,0.0280629
1165,-0.0541038,0.0277918
1166,-0.0478817,0.0308183
1167,-0.0538635,0.0265886
1168,-0.0516046,0.0316165
1169,-0.0426199,0.0308479
1170,-0.0511068,0.0319447
1171,-0.0420973,0.0319037
1172,-0.0424247,0.0343864
1173,-0.0412719,0.0359119
1174,-0.0488358,0.0320166
1175,-0.0455489,0.0381472
1176,-0.046257,0.0315685
1177,-0.0415376,0.0374439
1178,-0.0481533,0.0328298
1179,-0.0463766,0.0418431
1180,-0.0497166,0.0342716
1181,-0.0483283,0.0335165
1182,-0.0512571,0.0345632
1183,-0.0512571,0.0345632
1184,-0.0466713,0.0291014
1185,-0.055736,0.0317116
1186,-0.0436814,0.0333784
1187,-0.0427221,0.0354576
1188,-0.0412095,0.0297462
1189,-0.0460921,0.0288452
1190,-0.042624,0.0332622
1191,-0.043299,0.0349821
1192,-0.0360258,0.0420613
1193,-0.0341594,0.0402245
1194,-0.034683,0.0431647
1195,-0.0323267,0.0467665
1196,-0.0388178,0.04452
1197,-0.0259966,0.0446474
1198,-0.0259966,0.0446474
1199,-0.039471,0.0390503
1200,-0.0344742,0.0385143
1201,-0.0311387,0.0436378
1202,-0.0408896,0.0425165
1203,-0.0401781,0.0400576
1204,-0.0361654,0.0399047
1205,-0.0361654,0.0399047
1206,-0.0360389,0.0458163
1207,-0.0403408,0.0418709
1208,-0.0422379,0.0409372
1209,-0.0410301,0.0440757
1210,-0.0396703,0.0383844
1211,-0.0402283,0.0401178
1212,-0.0330341,0.0470074
1213,-0.0348062,0.0440353
1214,-0.0381305,0.0410573
1215,-0.0435412,0.0339363
1216,-0.0438577,0.0331197
1217,-0.0498525,0.0240274
1218,-0.044869,0.0296348
1219,-0.0494158,0.030091
1220,-0.0605627,0.0224199
1221,-0.0503276,0.0290456
1222,-0.0510676,0.0289556
1223,-0.0483182,0.0295071
1224,-0.0466631,0.0300043
1225,-0.0411176,0.0358091
1226,-0.0438444,0.0410683
1227,-0.042143,0.0391882
1228,-0.0381063,0.0455826
1229,-0.0381063,0.0455826
1230,-0.0334552,0.0435127
1231,-0.0396226,0.0407133
1232,-0.0374166,0.0392121
1233,-0.043566,0.041394
1234,-0.0387651,0.0429086
1235,-0.0420648,0.0343776
1236,-0.0415562,0.0307883
1237,-0.0366313,0.0379929
1238,-0.0382506,0.039104
1239,-0.038872,0.0397474
1240,-0.0307493,0.0452764
1241,-0.0401601,0.0408603
1242,-0.0378409,0.0368505
1243,-0.0440632,0.0329952
1244,-0.0495912,0.0327137
1245,-0.0420016,0.0348396
1246,-0.0449059,0.0420739
1247,-0.0462804,0.0337729
1248,-0.0475508,0.0338507
1249,-0.0487054,0.0327938
1250,-0.0391063,0.0339838
1251,-0.0379079,0.0403419
1252,-0.0399922,0.0379078
1253,-0.0374843,0.0375501
1254,-0.0350583,0.0396102
1255,-0.0350583,0.0396102
1256,-0.038302,0.0446738
1257,-0.0423261,0.0401844
1258,-0.0295893,0.0468545
1259,-0.0383646,0.0381701
1260,-0.0374716,0.0339638
1261,-0.0451488,0.0392284
1262,-0.0440719,0.0400403
1263,-0.0436456,0.0356657
1264,-0.0403313,0.0373846
1265,-0.0382304,0.043413
1266,-0.0382304,0.043413
1267,-0.0382304,0.043413
1268,-0.0479192,0.0328044
1269,-0.0536957,0.0300648
1270,-0.0531324,0.0316009
1271,-0.0494605,0.035378
1272,-0.0450266,0.032575
1273,-0.0392321,0.0414344
1274,-0.0372303,0.0430619
1275,-0.0403275,0.037652
1276,-0.0366475,0.0388847
1277,-0.041874,0.0418729
1278,-0.038392,0.0405839
1279,-0.0400239,0.0396866
1280,-0.0440698,0.0402677
1281,-0.0370677,0.0408432
1282,-0.0361431,0.0439311
1283,-0.042916,0.0385938
1284,-0.0317422,0.0400283
1285,-0.0360719,0.044215
1286,-0.0373268,0.0414268
1287,-0.0305055,0.0454218
1288,-0.0303613,0.0452075
1289,-0.0336721,0.0442917
1290,-0.0353118,0.0413473
1291,-0.033126,0.0477291
1292,-0.0348036,0.0398284
1293,-0.0348036,0.0398284
1294,-0.0348036,0.0398284
1295,-0.0356504,0.0371114
1296,-0.0389244,0.0386445
1297,-0.0389244,0.0386445
1298,-0.0449615,0.0375081
1299,-0.0355425,0.0399183
1300,-0.0434658,0.0343173
1301,-0.0434658,0.0343173
1302,-0.0405474,0.0376165
1303,-0.0393496,0.0331746
1304,-0.0418478,0.0333937
1305,-0.0418478,0.0333937
1306,-0.0370523,0.0377604
1307,-0.0483969,0.039982
1308,-0.0549976,0.0297382
1309,-0.0513268,0.029005
1310,-0.0563057,0.032296
1311,-0.0481048,0.0298941
1312,-0.0505412,0.0324774
1313,-0.0412362,0.0423598
1314,-0.0422362,0.0444972
1315,-0.0407118,0.0382414
1316,-0.0436279,0.0341411
1317,-0.0456219,0.0319246
1318,-0.045896,0.0406764
1319,-0.0424215,0.039703
1320,-0.0517796,0.0326763
1321,-0.0410453,0.0343656
1322,-0.0414911,0.0351361
1323,-0.0480047,0.0348675
1324,-0.0425612,0.03762
1325,-0.044577,0.041822
1326,-0.0471826,0.0319715
1327,-0.04675,0.0327083
1328,-0.0405545,0.0353617
1329,-0.0383203,0.0360183
1330,-0.0393571,0.0367206
1331,-0.0496406,0.0396321
1332,-0.0533155,0.0311315
1333,-0.0506316,0.0303106
1334,-0.0462701,0.0317158
1335,-0.0494151,0.034126
1336,-0.0539289,0.0383745
1337,-0.0474615,0.0372957
1338,-0.0462116,0.0343455
1339,-0.0402264,0.039743
1340,-0.0404829,0.0333037
1341,-0.0386161,0.038104
1342,-0.0403902,0.0382206
1343,-0.046117,0.0352255
1344,-0.0461305,0.0366562
1345,-0.0383445,0.0360026
1346,-0.0415828,0.0357115
1347,-0.0524327,0.0326044
1348,-0.0482047,0.034745
1349,-0.0513162,0.0344647
1350,-0.049711,0.0306333
1351,-0.050018,0.0309548
1352,-0.0383398,0.0411144
1353,-0.0367845,0.0412962
1354,-0.0357581,0.0454753
1355,-0.037314,0.0457794
1356,-0.0315115,0.0517811
1357,-0.035123,0.0422451
1358,-0.0295322,0.0414843
1359,-0.0356538,0.046586
1360,-0.0406816,0.0396252
1361,-0.0371251,0.0438606
1362,-0.0295428,0.0465379
1363,-0.036617,0.0468611
1364,-0.0360612,0.0389853
1365,-0.0421531,0.0436972
1366,-0.0427701,0.0370582
1367,-0.0457975,0.0399483
1368,-0.0483375,0.0326775
1369,-0.0468817,0.0373316
1370,-0.0416632,0.0327322
1371,-0.0474695,0.0303026
1372,-0.0469011,0.0329903
1373,-0.04782,0.0274412
1374,-0.0536257,0.0303505
1375,-0.0485296,0.0258693
1376,-0.0609034,0.0168048
1377,-0.0549845,0.0272163
1378,-0.0559204,0.0239961
1379,-0.0489792,0.0310699
1380,-0.0489792,0.0310699
1381,-0.0458016,0.0234086
1382,-0.0533694,0.0254175
1383,-0.0472852,0.0285913
1384,-0.0548599,0.0196355
1385,-0.0547936,0.0231615
1386,-0.0563809,0.0208804
1387,-0.0574676,0.0271063
1388,-0.0487519,0.0274189
1389,-0.0509015,0.0277314
1390,-0.0471161,0.0273432
1391,-0.0509918,0.0307044
1392,-0.046252,0.0343726
1393,-0.0494315,0.0304823
1394,-0.0494315,0.0304823
1395,-0.053709,0.0296386
1396,-0.0491023,0.0285562
1397,-0.0513709,0.029831
1398,-0.0523195,0.0225152
1399,-0.0591239,0.0168634
1400,-0.0601574,0.0240905
1401,-0.0516322,0.0258535
1402,-0.0498884,0.0327587
1403,-0.0472339,0.0313118
1404,-0.0501907,0.0276085
1405,-0.0501907,0.0276085
1406,-0.0501907,0.0276085
1407,-0.0503164,0.0352177
1408,-0.0482345,0.0316578
1409,-0.0463657,0.0324945
1410,-0.0464142,0.0323432
1411,-0.0445631,0.0359531
1412,-0.0484109,0.0360918
1413,-0.0408781,0.038881
1414,-0.0455011,0.0393931
1415,-0.0422832,0.0442906
1416,-0.0405218,0.0418692
1417,-0.0419935,0.0390876
1418,-0.0465872,0.0406351
1419,-0.0452027,0.0363262
1420,-0.0446414,0.0341249
1421,-0.0456633,0.038891
1422,-0.0480068,0.0349799
1423,-0.0507794,0.0310125
1424,-0.0477478,0.0343608
1425,-0.0384218,0.0358537
1426,-0.0360514,0.0381757
1427,-0.0300258,0.0413874
1428,-0.0402082,0.0414053
1429,-0.0400253,0.0425417
1430,-0.0438662,0.0422627
1431,-0.0490642,0.0347094
1432,-0.0490642,0.0347094
1433,-0.0465547,0.0379152
1434,-0.0411705,0.0435057
1435,-0.0506479,0.0372269
1436,-0.0444633,0.0343826
1437,-0.0501516,0.0330445
1438,-0.0447326,0.0395506
1439,-0.0469857,0.0329889
1440,-0.0552778,0.0311687
1441,-0.0485112,0.0328996
1442,-0.0530734,0.0350392
1443,-0.0530734,0.0350392
1444,-0.0523406,0.0306913
1445,-0.0506544,0.0306816
1446,-0.0545752,0.0276222
1447,-0.0577235,0.0222809
1448,-0.0540819,0.0266043
1449,-0.0585297,0.0241439
1450,-0.0522387,0.0322275
1451,-0.0491083,0.0291176
1452,-0.0514653,0.0297441
1453,-0.044603,0.0287752
1454,-0.0464202,0.0325627
1455,-0.0332813,0.0427321
1456,-0.0355012,0.0418357
1457,-0.03459,0.0453758
1458,-0.0350701,0.0456472
1459,-0.0315168,0.0447969
1460,-0.0340672,0.0397371
1461,-0.0325758,0.0444176
1462,-0.0368159,0.0443036
1463,-0.0391672,0.043286
1464,-0.0391672,0.043286
1465,-0.0391672,0.043286
1466,-0.0449735,0.0339556
1467,-0.045589,0.0304568
1468,-0.0455795,0.0368439
1469,-0.0489255,0.0300409
1470,-0.0491913,0.0276086
1471,-0.0434664,0.0298361
1472,-0.0547588,0.0237189
1473,-0.0574175,0.0235739
1474,-0.0610134,0.0166347
1475,-0.0603724,0.019132
1476,-0.0603724,0.019132
1477,-0.0603724,0.019132
1478,-0.0524465,0.0252909
1479,-0.0561089,0.022344
1480,-0.0475536,0.0292045
1481,-0.0400988,0.0300914
1482,-0.0452427,0.0350944
1483,-0.0452427,0.0350944
1484,-0.043245,0.0307834
1485,-0.0490488,0.0363627
1486,-0.045422,0.0305515
1487,-0.0529116,0.0305171
1488,-0.0510701,0.0303785
1489,-0.0427514,0.0376235
1490,-0.0427514,0.0376235
1491,-0.0504282,0.0280837
1492,-0.0509687,0.027657
1493,-0.0475339,0.0335313
1494,-0.0403098,0.0366117
1495,-0.0483244,0.0462829
1496,-0.0372422,0.0417317
1497,-0.0304858,0.0487003
1498,-0.0345015,0.0430805
1499,-0.0346287,0.0486254
1500,-0.0367202,0.0391577
1501,-0.0471854,0.0307384
1502,-0.0415122,0.0345978
1503,-0.0371833,0.0469362
1504,-0.0381749,0.0411961
1505,-0.0417631,0.0453306
1506,-0.0357582,0.0390353
1507,-0.0375361,0.0411335
1508,-0.0417418,0.043415
1509,-0.0383873,0.0434267
1510,-0.0345827,0.0386412
1511,-0.0358987,0.0441771
1512,-0.0435657,0.0311976
1513,-0.037763,0.0357975
1514,-0.0432028,0.0295479
1515,-0.0413077,0.0352397
1516,-0.038718,0.0413239
1517,-0.0393111,0.0413903
1518,-0.0469534,0.0301389
1519,-0.0472612,0.0332858
1520,-0.0487099,0.0344154
1521,-0.0546918,0.0350674
1522,-0.0462647,0.0301519
1523,-0.0428618,0.0306193
1524,-0.0392572,0.0341675
1525,-0.0443813,0.0309954
1526,-0.0445502,0.0381332
1527,-0.0420734,0.0395962
1528,-0.0388971,0.0416315
1529,-0.039996,0.0345397
1530,-0.0377527,0.0393567
1531,-0.0280333,0.0446969
1532,-0.030177,0.0419408
1533,-0.0295068,0.042479
1534,-0.0395737,0.0467323
1535,-0.0358955,0.040332
1536,-0.0397954,0.0411198
1537,-0.0389089,0.0408733
1538,-0.036212,0.0427171
1539,-0.0379675,0.0388844
1540,-0.0412972,0.0380386
1541,-0.0370503,0.0402652
1542,-0.0420717,0.0409447
1543,-0.0468269,0.0384096
1544,-0.0386316,0.03368
1545,-0.039876,0.0364054
1546,-0.0451345,0.0361089
1547,-0.0511291,0.0316008
1548,-0.0511764,0.0332551
1549,-0.0405917,0.0364207
1550,-0.0436132,0.0402724
1551,-0.0436132,0.0402724
1552,-0.0421024,0.0361802
1553,-0.0530599,0.0328113
1554,-0.0438136,0.0382329
1555,-0.0438136,0.0382329
1556,-0.0350357,0.0374046
1557,-0.0460927,0.0428293
1558,-0.0372132,0.0404222
1559,-0.0372132,0.0404222
1560,-0.034007,0.0410194
1561,-0.0370945,0.0411607
1562,-0.0370945,0.0411607
1563,-0.0370945,0.0411607
1564,-0.0413407,0.0302815
1565,-0.0449551,0.030419
1566,-0.0444061,0.0343949
1567,-0.0417625,0.0373832
1568,-0.0458561,0.0448554
1569,-0.044374,0.0356535
1570,-0.041028,0.0322257
1571,-0.0464305,0.0359555
1572,-0.043241,0.0367578
1573,-0.0450752,0.0385236
1574,-0.0468009,0.0310513
1575,-0.0511468,0.0329018
1576,-0.0538103,0.0321066
1577,-0.0473504,0.0290485
1578,-0.045271,0.0318788
1579,-0.0564964,0.0254196
1580,-0.0501012,0.0302633
1581,-0.0539,0.0265186
1582,-0.0539,0.0265186
1583,-0.0492916,0.0295929
1584,-0.0457017,0.031
1585,-0.037299,0.0385037
1586,-0.048844,0.0329723
1587,-0.062849,0.0275542
1588,-0.0498225,0.0336986
1589,-0.0479181,0.0288526
1590,-0.0391587,0.0373254
1591,-0.0424547,0.0362593
1592,-0.0414135,0.0410999
1593,-0.0389029,0.0413441
1594,-0.0369287,0.0416824
1595,-0.0368907,0.0420124
1596,-0.0412689,0.0410723
1597,-0.0372886,0.0406652
1598,-0.0489566,0.035801
1599,-0.046793,0.0363063
1600,-0.0465869,0.036747
1601,-0.0480676,0.0307133
1602,-0.0439256,0.0331498
1603,-0.0439256,0.0331498
1604,-0.0433932,0.0387211
1605,-0.0433932,0.0387211
1606,-0.0388959,0.0388727
1607,-0.0400941,0.0350283
1608,-0.0471894,0.0380726
1609,-0.0414264,0.0384752
1610,-0.037859,0.0432919
1611,-0.0413653,0.0385393
1612,-0.040792,0.0351435
1613,-0.0475539,0.0354416
1614,-0.0415947,0.0456045
1615,-0.0359793,0.0447192
1616,-0.0359793,0.0447192
1617,-0.0416114,0.0476827
1618,-0.0408096,0.040791
1619,-0.0429996,0.0362774
1620,-0.0444443,0.0294028
1621,-0.0423446,0.0338407
1622,-0.0382151,0.0414774
1623,-0.0406871,0.0437982
1624,-0.0453363,0.0427698
1625,-0.0403906,0.0385895
1626,-0.0448899,0.0335814
1627,-0.0485294,0.0284905
1628,-0.0366081,0.0386571
1629,-0.0440743,0.0328755
1630,-0.0450046,0.0355528
1631,-0.0371372,0.03742
1632,-0.0479317,0.0342879
1633,-0.0446107,0.0376722
1634,-0.0424495,0.0404439
1635,-0.0481223,0.0329707
1636,-0.0484092,0.0308621
1637,-0.0559348,0.0305621
1638,-0.0467842,0.0297245
1639,-0.0602245,0.0230388
1640,-0.0504298,0.0291757
1641,-0.0489005,0.03138
1642,-0.0489005,0.03138
1643,-0.0445941,0.0389104
1644,-0.0439457,0.0427852
1645,-0.0471173,0.0413408
1646,-0.0444305,0.0373165
1647,-0.0492735,0.0270012
1648,-0.0498381,0.0317595
1649,-0.0378479,0.0378441
1650,-0.0389212,0.0424131
1651,-0.0345701,0.0454376
1652,-0.0328261,0.0469325
1653,-0.0328261,0.0469325
1654,-0.0324112,0.0462907
1655,-0.0383338,0.041488
1656,-0.0440915,0.0452375
1657,-0.0341731,0.0427515
1658,-0.0385361,0.036717
1659,-0.0440568,0.0397539
1660,-0.0396441,0.0409842
1661,-0.0436667,0.0359828
1662,-0.0449643,0.0324667
1663,-0.044273,0.0342814
1664,-0.0392751,0.0328057
1665,-0.0392751,0.0328057
1666,-0.0384174,0.036546
1667,-0.0443757,0.0307026
1668,-0.0437085,0.0344637
1669,-0.0417386,0.0338453
1670,-0.0418924,0.030978
1671,-0.0535975,0.0284904
1672,-0.0520706,0.0321891
1673,-0.0491899,0.0347346
1674,-0.0527859,0.0269537
1675,-0.0444664,0.0349165
1676,-0.0466957,0.0401041
1677,-0.0397132,0.034512
1678,-0.047089,0.0369956
1679,-0.0417675,0.0362646
1680,-0.0428487,0.0357305
1681,-0.0352674,0.0353727
1682,-0.0468659,0.0382917
1683,-0.0468659,0.0382917
1684,-0.0482631,0.0376754
1685,-0.0319271,0.0409279
1686,-0.0319271,0.0409279
1687,-0.0381042,0.0470056
1688,-0.0273444,0.0456723
1689,-0.0273444,0.0456723
1690,-0.0292496,0.0416568
1691,-0.0388403,0.0389625
1692,-0.0377728,0.0370825
1693,-0.0453978,0.0394262
1694,-0.054374,0.0316632
1695,-0.0464128,0.030705
1696,-0.0365697,0.0398673
1697,-0.0365697,0.0398673
1698,-0.0465768,0.0366369
1699,-0.0347061,0.0383337
1700,-0.0359058,0.037564
1701,-0.0357163,0.0398785
1702,-0.0404632,0.0387179
1703,-0.0350805,0.0394744
1704,-0.0344636,0.0432414
1705,-0.031753,0.0477948
1706,-0.0345585,0.049135
1707,-0.0400287,0.0460664
1708,-0.0357369,0.0435216
1709,-0.0407553,0.0388818
1710,-0.0366503,0.0491125
1711,-0.0248983,0.0452159
1712,-0.0285516,0.0405372
1713,-0.0338016,0.0407622
1714,-0.0338016,0.0407622
1715,-0.038139,0.0416334
1716,-0.0388812,0.0401506
1717,-0.0373471,0.0409305
1718,-0.0373471,0.0409305
1719,-0.0395582,0.040864
1720,-0.0395582,0.040864
1721,-0.0421566,0.0397092
1722,-0.040409,0.0357987
1723,-0.0419054,0.0412001
1724,-0.0426299,0.0370344
1725,-0.0440298,0.0377576
1726,-0.0405431,0.0422599
1727,-0.0410985,0.0441366
1728,-0.0395816,0.0396958
1729,-0.0401917,0.0369357
1730,-0.0311989,0.0493289
1731,-0.0318286,0.0478206
1732,-0.0374566,0.0428824
1733,-0.0375523,0.0432798
1734,-0.0352305,0.0403198
1735,-0.0396403,0.0439888
1736,-0.0415716,0.0414498
1737,-0.0472599,0.0404004
1738,-0.0461772,0.0411721
1739,-0.0446346,0.034277
1740,-0.0460243,0.0359103
1741,-0.0503394,0.0344337
1742,-0.0503394,0.0344337
1743,-0.0456306,0.031394
1744,-0.0503513,0.0285638
1745,-0.046499,0.0382143
1746,-0.0534744,0.0277654
1747,-0.0469411,0.0335765
1748,-0.0427916,0.0411509
1749,-0.0428019,0.0347893
1750,-0.0529798,0.0303945
1751,-0.0531294,0.0335472
1752,-0.0451918,0.0328039
1753,-0.046812,0.0350448
1754,-0.046812,0.0350448
1755,-0.051834,0.0316318
1756,-0.0452255,0.0316107
1757,-0.0461403,0.0300858
1758,-0.0483315,0.0298935
1759,-0.0490104,0.0338487
1760,-0.0462401,0.0318808
1761,-0.0471564,0.0323164
1762,-0.0471564,0.0323164
1763,-0.0546531,0.0317433
1764,-0.0402471,0.0382013
1765,-0.0485975,0.0397224
1766,-0.0527583,0.0316595
1767,-0.0464857,0.0330156
1768,-0.0513755,0.03336
1769,-0.0449003,0.0334928
1770,-0.0449003,0.0334928
1771,-0.0525807,0.0306904
1772,-0.0472355,0.0334948
1773,-0.0472355,0.0334948
1774,-0.0497762,0.0360258
1775,-0.0465742,0.0362175
1776,-0.0434849,0.0346431
1777,-0.0406255,0.0354254
1778,-0.0414832,0.031506
1779,-0.032964,0.0368199
1780,-0.0315992,0.0420356
1781,-0.0366046,0.0393705
1782,-0.0366046,0.0393705
1783,-0.0277901,0.0467314
1784,-0.0244796,0.05009
1785,-0.0351542,0.0525717
1786,-0.0351542,0.0525717
1787,-0.0351542,0.0525717
1788,-0.026539,0.0540468
1789,-0.026539,0.0540468
1790,-0.0369875,0.0454298
1791,-0.0387576,0.0396313
1792,-0.0378883,0.0412898
1793,-0.0356414,0.0425176
1794,-0.0381835,0.0396916
1795,-0.0385252,0.0391155
1796,-0.0398456,0.0425187
1797,-0.0394708,0.0384792
1798,-0.0472543,0.0287036
1799,-0.0449248,0.0302309
1800,-0.0448039,0.0332545
1801,-0.0445779,0.0332125
1802,-0.0445779,0.0332125
1803,-0.0430002,0.0392751
1804,-0.0430427,0.0369957
1805,-0.0487114,0.0328895
1806,-0.0441432,0.0363765
1807,-0.0474963,0.030558
1808,-0.0421944,0.0334287
1809,-0.0452976,0.0353519
1810,-0.0415626,0.0339654
1811,-0.0397138,0.0408087
1812,-0.0347404,0.0401055
1813,-0.0416861,0.0416575
1814,-0.0339241,0.0438967
1815,-0.0361673,0.0417783
1816,-0.0410214,0.0429275
1817,-0.0344067,0.0437054
1818,-0.0388578,0.0434913
1819,-0.0362178,0.0462917
1820,-0.0357025,0.0526069
1821,-0.0300459,0.0457307
1822,-0.0300523,0.0474737
1823,-0.0301423,0.0509357
1824,-0.032109,0.0479592
1825,-0.0327114,0.0524441
1826,-0.0340226,0.0442702
1827,-0.0370019,0.0382003
1828,-0.0456281,0.0352368
1829,-0.0393859,0.0423148
1830,-0.0393835,0.0416233
1831,-0.0295337,0.0446512
1832,-0.04386,0.0388939
1833,-0.0425539,0.0351972
1834,-0.0333142,0.0399547
1835,-0.0367202,0.0357774
1836,-0.0359251,0.0423824
1837,-0.0397984,0.0366096
1838,-0.0371497,0.0378045
1839,-0.044764,0.034493
1840,-0.0535153,0.0380644
1841,-0.0426932,0.0395791
1842,-0.0529132,0.035199
1843,-0.0457574,0.0367498
1844,-0.049494,0.032608
1845,-0.0517201,0.031156
1846,-0.0445029,0.0380693
1847,-0.0432799,0.0400222
1848,-0.0485263,0.0352977
1849,-0.043008,0.0314918
1850,-0.047544,0.0339094
1851,-0.0402927,0.0373997
1852,-0.0386273,0.0379159
1853,-0.0432089,0.0376793
1854,-0.0410566,0.0339238
1855,-0.0469645,0.0308997
1856,-0.051082,0.0313392
1857,-0.0416659,0.0349492
1858,-0.0537419,0.0329312
1859,-0.0498999,0.0359099
1860,-0.0513682,0.0320221
1861,-0.0416032,0.0382402
1862,-0.0356778,0.0407674
1863,-0.0404366,0.0402149
1864,-0.0463731,0.0325395
1865,-0.0463731,0.0325395
1866,-0.0407626,0.0360249
1867,-0.0381966,0.0390603
1868,-0.039643,0.0366924
1869,-0.0494002,0.0285028
1870,-0.0423344,0.0340558
1871,-0.045063,0.0348948
1872,-0.0401412,0.0389854
1873,-0.0380157,0.0356607
1874,-0.0384026,0.0402845
1875,-0.0384026,0.0402845
1876,-0.0414501,0.0409187
1877,-0.038927,0.0401738
1878,-0.0406748,0.0392109
1879,-0.0406748,0.0392109
1880,-0.039867,0.0349562
1881,-0.0355377,0.0423456
1882,-0.0375128,0.0363762
1883,-0.0443401,0.0416281
1884,-0.0388229,0.0406058
1885,-0.0416023,0.0382631
1886,-0.0532853,0.032842
1887,-0.0498058,0.0355376
1888,-0.04549,0.0325439
1889,-0.0502059,0.0282412
1890,-0.0399551,0.0332765
1891,-0.0399551,0.0332765
1892,-0.0481224,0.0356778
1893,-0.0447967,0.0394408
1894,-0.0493893,0.0371923
1895,-0.0430418,0.0379121
1896,-0.044067,0.0327544
1897,-0.0500984,0.0306601
1898,-0.0494443,0.0245029
1899,-0.0446076,0.0353008
1900,-0.0458598,0.035605
1901,-0.0445589,0.0352308
1902,-0.0409496,0.0320687
1903,-0.0457253,0.0410872
1904,-0.0502833,0.0300659
1905,-0.0479574,0.0370605
1906,-0.0500731,0.043562
1907,-0.0499728,0.0328994
1908,-0.049324,0.0426148
1909,-0.0527503,0.0340469
1910,-0.05402,0.0311504
1911,-0.051484,0.0308215
1912,-0.0452161,0.0305692
1913,-0.0432818,0.0372919
1914,-0.0432818,0.0372919
1915,-0.0400653,0.0326264
1916,-0.0411886,0.0328187
1917,-0.0510096,0.0323342
1918,-0.0544597,0.0313779
1919,-0.0532275,0.0276137
1920,-0.0469494,0.0248024
1921,-0.044308,0.026941
1922,-0.0420558,0.0336714
1923,-0.0455535,0.0328635
1924,-0.042189,0.0355692
1925,-0.0400616,0.0390043
1926,-0.0406386,0.0369077
1927,-0.0468551,0.0409094
1928,-0.0388532,0.0433447
1929,-0.02866,0.0453021
1930,-0.0346239,0.0405087
1931,-0.0411799,0.0401369
1932,-0.0422382,0.0352427
1933,-0.0404631,0.0283373
1934,-0.0368286,0.0372085
1935,-0.0428114,0.0390794
1936,-0.0396815,0.0420466
1937,-0.0374948,0.0347137
1938,-0.037694,0.0415583
1939,-0.0398024,0.0345902
1940,-0.0371525,0.0438282
1941,-0.0371525,0.0438282
1942,-0.0410982,0.039872
1943,-0.0374536,0.0469251
1944,-0.0364313,0.0430356
1945,-0.0333083,0.042757
1946,-0.0333083,0.042757
1947,-0.0347042,0.0397029
1948,-0.0380227,0.0386895
1949,-0.0356744,0.046916
1950,-0.0395812,0.0398106
1951,-0.0367951,0.0463807
1952,-0.0367951,0.0463807
1953,-0.0375518,0.043381
1954,-0.0380224,0.0407289
1955,-0.0369309,0.039114
1956,-0.0435256,0.04277
1957,-0.0401608,0.0420323
1958,-0.0483266,0.0341429
1959,-0.0498742,0.0317609
1960,-0.050449,0.0400214
1961,-0.0526967,0.0273434
1962,-0.0405663,0.0368775
1963,-0.0387961,0.0436867
1964,-0.0510682,0.0323787
1965,-0.0543281,0.0322868
1966,-0.0488768,0.0374091
1967,-0.0483831,0.0269192
1968,-0.0492874,0.030735
1969,-0.048893,0.0285717
1970,-0.048893,0.0285717
1971,-0.0518247,0.0337317
1972,-0.0475989,0.0293039
1973,-0.0492447,0.0339704
1974,-0.048223,0.0298726
1975,-0.0457064,0.0282185
1976,-0.0464511,0.0300519
1977,-0.0512123,0.0310569
1978,-0.0432156,0.0347202
1979,-0.0446008,0.0401011
1980,-0.048607,0.0320991
1981,-0.0471614,0.032383
1982,-0.0380332,0.0358553
1983,-0.0394649,0.0347084
1984,-0.0394649,0.0347084
1985,-0.0446055,0.0355126
1986,-0.0390429,0.0381008
1987,-0.0414124,0.0395584
1988,-0.0404431,0.0365328
1989,-0.0456863,0.0362833
1990,-0.0413683,0.0322351
1991,-0.0484477,0.0277518
1992,-0.0403522,0.0363427
1993,-0.0437444,0.0335485
1994,-0.0425304,0.0366569
1995,-0.0375665,0.0366655
1996,-0.0482722,0.0333356
1997,-0.036904,0.0413243
1998,-0.0422002,0.0355601
1999,-0.0344924,0.0401073
2000,-0.0374161,0.0392448
2001,-0.0392775,0.0429464
2002,-0.043274,0.0410019
2003,-0.0353729,0.0435901
2004,-0.0410607,0.0367487
2005,-0.044868,0.041929
2006,-0.0311184,0.0462535
2007,-0.0306506,0.0485043
2008,-0.0306506,0.0485043
2009,-0.0405211,0.0351364
2010,-0.0387276,0.0363901
2011,-0.0484057,0.0360616
2012,-0.0511941,0.0306271
2013,-0.0446207,0.0280747
2014,-0.04607,0.0363663
2015,-0.0455413,0.0357543
2016,-0.042685,0.0451986
2017,-0.0441766,0.0366638
2018,-0.0568777,0.0231711
2019,-0.058162,0.0248282
2020,-0.0504318,0.0318429
2021,-0.0425806,0.0281759
2022,-0.0492922,0.0296395
2023,-0.0493968,0.0293282
2024,-0.0464421,0.0298139
2025,-0.0527764,0.0310398
2026,-0.0527764,0.0310398
2027,-0.049076,0.0319698
2028,-0.0447039,0.03191
2029,-0.0404953,0.0354977
2030,-0.038972,0.0398222
2031,-0.0453471,0.0381703
2032,-0.0429496,0.0342167
2033,-0.0395227,0.0386278
2034,-0.0454588,0.0306161
2035,-0.0507531,0.0295861
2036,-0.0502651,0.033164
2037,-0.0494908,0.0321724
2038,-0.0497541,0.0386348
2039,-0.0417303,0.0366771
2040,-0.0416026,0.0432072
2041,-0.0346681,0.0470161
2042,-0.0333334,0.0474303
2043,-0.0322799,0.0488286
2044,-0.0321003,0.0501431
2045,-0.0284887,0.0544075
2046,-0.0384058,0.0453502
2047,-0.0345209,0.0428173
2048,-0.033089,0.0438732
2049,-0.0326858,0.0446595
2050,-0.0326858,0.0446595
2051,-0.0319485,0.0427766
2052,-0.0343593,0.0395837
2053,-0.0379693,0.0424265
2054,-0.0338247,0.0491169
2055,-0.0374843,0.0513024
2056,-0.0396535,0.0478687
2057,-0.0359503,0.0406233
2058,-0.0299981,0.0459239
2059,-0.0345008,0.0447592
2060,-0.0246064,0.0491675
2061,-0.0292931,0.0457772
2062,-0.0217817,0.0525255
2063,-0.0264351,0.0486346
2064,-0.0264351,0.0486346
2065,-0.0304905,0.0475916
2066,-0.0346239,0.0459493
2067,-0.0432678,0.0404826
2068,-0.0404225,0.0437064
2069,-0.0329055,0.0431888
2070,-0.0367743,0.0390097
2071,-0.0407213,0.0393991
2072,-0.0358373,0.0437086
2073,-0.0349215,0.0474392
2074,-0.0386291,0.0437313
2075,-0.0383557,0.0386436
2076,-0.0404552,0.043273
2077,-0.0388061,0.0353001
2078,-0.0420953,0.0373498
2079,-0.0431323,0.0413168
2080,-0.0380079,0.0327551
2081,-0.0491961,0.039265
2082,-0.0432013,0.0404614
2083,-0.0447547,0.0336446
2084,-0.0479988,0.0358407
2085,-0.0519652,0.0332143
2086,-0.0511527,0.0312798
2087,-0.0510307,0.0326782
2088,-0.0455553,0.03496
2089,-0.0451786,0.0364446
2090,-0.0428343,0.036629
2091,-0.0464955,0.0388227
2092,-0.0470545,0.0290637
2093,-0.0505226,0.0317455
2094,-0.0452399,0.0301801
2095,-0.0431247,0.0320901
2096,-0.0489713,0.0358148
2097,-0.0484385,0.0356666
2098,-0.0467581,0.0346801
2099,-0.0464859,0.0353651
2100,-0.047643,0.0357481
2101,-0.0491413,0.0360129
2102,-0.0495629,0.0356077
2103,-0.0452989,0.0371016
2104,-0.0452989,0.0371016
2105,-0.0467561,0.033658
2106,-0.0465401,0.0380989
2107,-0.0429311,0.0360333
2108,-0.0429311,0.0360333
2109,-0.0434859,0.0343256
2110,-0.0415467,0.038363
2111,-0.0524612,0.0281591
2112,-0.0465128,0.0353216
2113,-0.0481408,0.0328728
2114,-0.0397078,0.0318927
2115,-0.0461554,0.0277778
2116,-0.0360971,0.0378201
2117,-0.0394873,0.0336483
2118,-0.0476328,0.0372486
2119,-0.0469852,0.0293142
2120,-0.0546435,0.0243175
2121,-0.0523249,0.0310563
2122,-0.0484482,0.0285828
2123,-0.0450487,0.025298
2124,-0.0404717,0.0362603
2125,-0.0403153,0.040998
2126,-0.0389744,0.0393649
2127,-0.0389744,0.0393649
2128,-0.0389744,0.0393649
2129,-0.0389744,0.0393649
2130,-0.0417982,0.0356287
2131,-0.0377896,0.0422236
2132,-0.0385768,0.0362638
2133,-0.0379503,0.0403372
2134,-0.0379503,0.0403372
2135,-0.0378263,0.0370689
2136,-0.0403006,0.0429432
2137,-0.043402,0.0360094
2138,-0.0394524,0.0395457
2139,-0.039837,0.0341535
2140,-0.0501146,0.0237239
2141,-0.0492403,0.0267598
2142,-0.0488087,0.0257625
2143,-0.045624,0.0275235
2144,-0.054535,0.0255735
2145,-0.0550124,0.0226559
2146,-0.0569512,0.0219583
2147,-0.0465313,0.0257077
2148,-0.042491,0.030074
2149,-0.0465145,0.0318429
2150,-0.0451254,0.0383259
2151,-0.0449696,0.0302707
2152,-0.0449696,0.0302707
2153,-0.0386879,0.0366965
2154,-0.0473918,0.0320937
2155,-0.0451403,0.0351054
2156,-0.0479497,0.0278176
2157,-0.0438912,0.0312301
2158,-0.0438912,0.0312301
2159,-0.046049,0.0308529
2160,-0.0511296,0.0329731
2161,-0.0492607,0.0276016
2162,-0.0432652,0.0357653
2163,-0.0432652,0.0357653
2164,-0.0384173,0.0382754
2165,-0.042052,0.0407152
2166,-0.0405808,0.0438533
2167,-0.039527,0.0441865
2168,-0.0345083,0.0427915
2169,-0.0463339,0.0349762
2170,-0.0445399,0.0322318
2171,-0.0449828,0.0313538
2172,-0.046251,0.0361114
2173,-0.0481295,0.0346044
2174,-0.0435829,0.0319823
2175,-0.0388645,0.0344818
2176,-0.0434721,0.0321451
2177,-0.040978,0.037507
2178,-0.0375976,0.0399368
2179,-0.0383411,0.0357381
2180,-0.0528663,0.0298981
2181,-0.0503185,0.0250064
2182,-0.0389641,0.0393872
2183,-0.0350464,0.036095
2184,-0.0339773,0.0413438
2185,-0.0332681,0.0499586
2186,-0.0258513,0.0451899
2187,-0.0385785,0.0372227
2188,-0.0349238,0.0408241
2189,-0.037231,0.0359619
2190,-0.032444,0.04361
2191,-0.0362859,0.0427089
2192,-0.0362859,0.0427089
2193,-0.0273386,0.0528502
2194,-0.0344545,0.0484413
2195,-0.0299504,0.0464431
2196,-0.0251623,0.0511042
2197,-0.0181048,0.0617914
2198,-0.0214311,0.0524473
2199,-0.0243669,0.0551271
2200,-0.0294803,0.0538235
2201,-0.0303022,0.0469115
2202,-0.0363522,0.0423099
2203,-0.0322458,0.0394539
2204,-0.0391266,0.0349306
2205,-0.0343367,0.0418568
2206,-0.0372522,0.0419278
2207,-0.0321476,0.0409814
2208,-0.040571,0.0349671
2209,-0.0460751,0.0334001
2210,-0.0450175,0.0313539
2211,-0.0450175,0.0313539
2212,-0.0483319,0.0297454
2213,-0.0428666,0.0359477
2214,-0.0433493,0.0360139
2215,-0.0363499,0.034857
2216,-0.0385328,0.0451525
2217,-0.0396608,0.0365812
2218,-0.0336349,0.0427936
2219,-0.0462768,0.0389571
2220,-0.0462768,0.0389571
2221,-0.0457583,0.0349577
2222,-0.0462738,0.0362549
2223,-0.0385911,0.0360848
2224,-0.048056,0.0333151
2225,-0.0483919,0.0358194
2226,-0.0466942,0.0324853
2227,-0.0420982,0.0361504
2228,-0.0431361,0.0336098
2229,-0.0372922,0.0417776
2230,-0.0356819,0.0430214
2231,-0.0352991,0.0421036
2232,-0.0391391,0.0405174
2233,-0.0462524,0.0370216
2234,-0.0425224,0.0324042
2235,-0.0507354,0.0313346
2236,-0.0426441,0.0343647
2237,-0.0474883,0.0366671
2238,-0.049678,0.0347913
2239,-0.0512795,0.0289208
2240,-0.0460312,0.0384478
2241,-0.0424472,0.0379046
2242,-0.0424472,0.0379046
2243,-0.0414982,0.0422474
2244,-0.0414982,0.0422474
2245,-0.0329069,0.0425595
2246,-0.0369986,0.0389402
2247,-0.0325873,0.0443554
2248,-0.0249173,0.051463
2249,-0.027712,0.0484023
2250,-0.027712,0.0484023
2251,-0.0350238,0.0464229
2252,-0.036917,0.0423356
2253,-0.0379283,0.0438044
2254,-0.0347031,0.0436347
2255,-0.0378158,0.0347132
2256,-0.0369931,0.0368528
2257,-0.0360133,0.0412781
2258,-0.0293688,0.0461457
2259,-0.0293688,0.0461457
2260,-0.0461194,0.0394798
2261,-0.042763,0.0397098
2262,-0.038017,0.0429618
2263,-0.0362154,0.038386
2264,-0.0415077,0.0342987
2265,-0.0384782,0.0486879
2266,-0.0434799,0.0369857
2267,-0.0434799,0.0369857
2268,-0.0360639,0.0437037
2269,-0.0322165,0.0478957
2270,-0.0324619,0.0450876
2271,-0.032821,0.0431445
2272,-0.0268463,0.0490814
2273,-0.0277345,0.0475238
2274,-0.0327867,0.0419191
2275,-0.0311388,0.0462323
2276,-0.0416205,0.0382875
2277,-0.0416205,0.0382875
2278,-0.0344605,0.0429245
2279,-0.0355167,0.0420344
2280,-0.044782,0.0345114
2281,-0.0403035,0.0387033
2282,-0.0387901,0.0471107
2283,-0.0393627,0.0406181
2284,-0.0410578,0.0352551
2285,-0.0438424,0.0334923
2286,-0.044874,0.0339657
2287,-0.0435436,0.034552
2288,-0.0435436,0.034552
2289,-0.0450181,0.0281343
2290,-0.0441643,0.0369283
2291,-0.0424651,0.0373489
2292,-0.0423377,0.0352718
2293,-0.0444947,0.0334699
2294,-0.0478096,0.0332446
2295,-0.0478096,0.0332446
2296,-0.051971,0.0296917
2297,-0.0474002,0.0236459
2298,-0.0458298,0.0307065
2299,-0.0458298,0.0307065
2300,-0.0468274,0.0309237
2301,-0.0431916,0.0330859
2302,-0.0488906,0.0291694
2303,-0.0478552,0.0305271
2304,-0.0509027,0.0299039
2305,-0.0539828,0.0302715
2306,-0.0551584,0.0285711
2307,-0.0522233,0.0280527
2308,-0.0442215,0.0307001
2309,-0.0502856,0.0321078
2310,-0.0502856,0.0321078
2311,-0.0532546,0.0331118
2312,-0.0480069,0.034592
2313,-0.0545365,0.0250452
2314,-0.0519086,0.0269151
2315,-0.0504335,0.0290429
2316,-0.0472329,0.0331413
2317,-0.0545529,0.0251929
2318,-0.0561735,0.029663
2319,-0.0466299,0.035726
2320,-0.0423524,0.0419162
2321,-0.0423524,0.0419162
2322,-0.051464,0.0331045
2323,-0.0476938,0.0341503
2324,-0.0471521,0.0349712
2325,-0.0456748,0.0428332
2326,-0.0404928,0.0351246
2327,-0.0480429,0.027633
2328,-0.0405068,0.0356396
2329,-0.0474814,0.0298704
2330,-0.0482414,0.0257401
2331,-0.0483691,0.0314383
2332,-0.0413229,0.0373706
2333,-0.0413229,0.0373706
2334,-0.0478968,0.0320762
2335,-0.0464826,0.0389867
2336,-0.0434167,0.0412809
2337,-0.0508145,0.0358471
2338,-0.0471106,0.0290808
2339,-0.0403779,0.0360209
2340,-0.0373377,0.0369158
2341,-0.0399316,0.0389204
2342,-0.0392538,0.039856
2343,-0.0392538,0.039856
2344,-0.0421196,0.03871
2345,-0.0469528,0.0380277
2346,-0.0425103,0.0380887
2347,-0.0438484,0.0406769
2348,-0.043448,0.043069
2349,-0.0429745,0.0345057
2350,-0.0475468,0.0276406
2351,-0.0437915,0.030547
2352,-0.0501092,0.0341186
2353,-0.0381748,0.0425782
2354,-0.0403896,0.0454637
2355,-0.0439934,0.0446034
2356,-0.0422364,0.0415275
2357,-0.042328,0.0410819
2358,-0.0358214,0.0484773
2359,-0.0320016,0.0467159
2360,-0.0418278,0.0423292
2361,-0.0338357,0.0431874
2362,-0.0361098,0.0403851
2363,-0.0441704,0.0331095
2364,-0.0491098,0.0299328
2365,-0.0385099,0.0406229
2366,-0.0423288,0.0397664
2367,-0.0393469,0.0391161
2368,-0.0357677,0.0383168
2369,-0.0385238,0.0452988
2370,-0.0419129,0.0459302
2371,-0.0419129,0.0459302
2372,-0.0444567,0.0362174
2373,-0.0499043,0.025089
2374,-0.0512236,0.0270699
2375,-0.0465546,0.0299664
2376,-0.0431454,0.030914
2377,-0.0418916,0.0342458
2378,-0.0447545,0.0345483
2379,-0.051047,0.0311488
2380,-0.0493577,0.0231833
2381,-0.0475046,0.0312114
2382,-0.049383,0.0381572
2383,-0.0427572,0.0343573
2384,-0.0427572,0.0343573
2385,-0.0405218,0.0332967
2386,-0.0461321,0.040552
2387,-0.0416874,0.0393938
2388,-0.0373427,0.0424425
2389,-0.0359856,0.0398868
2390,-0.0389033,0.0461019
2391,-0.0388167,0.0390874
2392,-0.0416501,0.0361949
2393,-0.0416501,0.0361949
2394,-0.0416501,0.0361949
2395,-0.0441213,0.0402234
2396,-0.0433542,0.0393229
2397,-0.0456959,0.0375011
2398,-0.0444163,0.037623
2399,-0.0390181,0.0357756
2400,-0.0401948,0.036675
2401,-0.0451198,0.0377321
2402,-0.0372136,0.0405871
2403,-0.0372136,0.0405871
2404,-0.0462218,0.0344789
2405,-0.0522724,0.0339761
2406,-0.0413451,0.0352942
2407,-0.0415344,0.035297
2408,-0.0356758,0.0387349
2409,-0.0450488,0.0311147
2410,-0.0473881,0.035719
2411,-0.0399658,0.0367072
2412,-0.0407061,0.0402458
2413,-0.0434886,0.0345594
2414,-0.033969,0.0384658
2415,-0.0349557,0.044116
2416,-0.0382871,0.0409069
2417,-0.0418526,0.0451261
2418,-0.0322395,0.0498837
2419,-0.0369942,0.0441977
2420,-0.0380973,0.0413841
2421,-0.0395126,0.0381175
2422,-0.0372778,0.0441844
2423,-0.0355929,0.0451662
2424,-0.0385507,0.0418667
2425,-0.0434309,0.0414791
2426,-0.0478486,0.0356892
2427,-0.0412324,0.0357146
2428,-0.0428296,0.0396838
2429,-0.0428296,0.0396838
2430,-0.0478,0.0370277
2431,-0.0485135,0.0324862
2432,-0.0483174,0.0376896
2433,-0.0409267,0.0332885
2434,-0.0417841,0.0398423
2435,-0.0417841,0.0398423
2436,-0.0521221,0.0317088
2437,-0.0464633,0.0389146
2438,-0.0501216,0.0354244
2439,-0.0403158,0.0339515
2440,-0.0476426,0.0402699
2441,-0.0472728,0.0327326
2442,-0.0472728,0.0327326
2443,-0.0458413,0.0353063
2444,-0.0480123,0.0278154
2445,-0.0444249,0.0323873
2446,-0.0453059,0.0310282
2447,-0.0516331,0.031323
2448,-0.0516898,0.0289109
2449,-0.0440099,0.0335467
2450,-0.0440099,0.0335467
2451,-0.0477032,0.029541
2452,-0.0595708,0.0273053
2453,-0.0481393,0.0354259
2454,-0.0539707,0.032424
2455,-0.0539707,0.032424
2456,-0.0539707,0.032424
2457,-0.0539707,0.032424
2458,-0.0504684,0.0320957
2459,-0.0504894,0.0333539
2460,-0.049363,0.0322027
2461,-0.0492247,0.0316182
2462,-0.0428113,0.0336194
2463,-0.0458542,0.0353316
2464,-0.0347978,0.0421467
2465,-0.0401338,0.040104
2466,-0.0434095,0.0385577
2467,-0.0441943,0.0366887
2468,-0.0456553,0.0376103
2469,-0.0425801,0.044009
2470,-0.0428068,0.045487
2471,-0.0399653,0.0386876
2472,-0.0350447,0.0397518
2473,-0.0350447,0.0397518
2474,-0.0350447,0.0397518
2475,-0.0400804,0.0478406
2476,-0.0400804,0.0478406
2477,-0.0374754,0.0426089
2478,-0.0341022,0.0417313
2479,-0.0397806,0.0376079
2480,-0.0393039,0.0436381
2481,-0.0298269,0.0478404
2482,-0.0324331,0.0492524
2483,-0.0324331,0.0492524
2484,-0.0305883,0.051122
2485,-0.0286504,0.0493911
2486,-0.0261488,0.046376
2487,-0.0261488,0.046376
2488,-0.0306801,0.0495555
2489,-0.0320606,0.0496745
2490,-0.0409498,0.040894
2491,-0.0387098,0.0422267
2492,-0.0471241,0.039088
2493,-0.0471241,0.039088
2494,-0.0393512,0.0392906
2495,-0.0363716,0.0413669
2496,-0.0403141,0.0393886
2497,-0.0425334,0.0381511
2498,-0.0369357,0.0471696
2499,-0.0291154,0.0485889
2500,-0.0291154,0.0485889
2501,-0.0279639,0.0454482
2502,-0.0304043,0.0499249
2503,-0.0386531,0.0383935
2504,-0.0425819,0.0293341
2505,-0.0440356,0.0319576
2506,-0.0473824,0.0294979
2507,-0.0360361,0.0384633
2508,-0.0476544,0.0359547
2509,-0.0476544,0.0359547
2510,-0.0476544,0.0359547
2511,-0.0450507,0.0387512
2512,-0.0384216,0.034035
2513,-0.0414407,0.0373118
2514,-0.0381102,0.0481592
2515,-0.0351331,0.0471548
2516,-0.0357797,0.0393345
2517,-0.0454454,0.035906
2518,-0.0454454,0.035906
2519,-0.0510207,0.0275637
2520,-0.0477828,0.0327422
2521,-0.0447951,0.0344255
2522,-0.040104,0.0346521
2523,-0.0394082,0.0351219
2524,-0.0372687,0.0392014
2525,-0.0417401,0.0442264
2526,-0.0417401,0.0442264
2527,-0.050047,0.0373637
2528,-0.050047,0.0373637
2529,-0.0477157,0.0353112
2530,-0.0391203,0.040407
2531,-0.0480453,0.0413863
2532,-0.0421135,0.0335737
2533,-0.0428369,0.0359207
2534,-0.045218,0.0344531
2535,-0.0526423,0.0375216
2536,-0.0410983,0.03257
2537,-0.0395934,0.0344265
2538,-0.050577,0.0290621
2539,-0.0461707,0.0371689
2540,-0.0383167,0.0433045
2541,-0.0382047,0.0441561
2542,-0.0421324,0.0421377
2543,-0.0421324,0.0421377
2544,-0.036168,0.0411629
2545,-0.0403194,0.0413668
2546,-0.0436403,0.038818
2547,-0.0436403,0.038818
2548,-0.0404338,0.0357969
2549,-0.0404338,0.0357969
2550,-0.0475875,0.0327785
2551,-0.0532808,0.0252107
2552,-0.0467863,0.0355864
2553,-0.0444025,0.0329697
2554,-0.0424567,0.031617
2555,-0.0477184,0.0324784
2556,-0.041336,0.0366949
2557,-0.0419532,0.0374638
2558,-0.0387238,0.0417389
2559,-0.0397718,0.0379264
2560,-0.0382963,0.0409456
2561,-0.0328197,0.0463555
2562,-0.0298389,0.0409393
2563,-0.0379982,0.0386231
2564,-0.0401153,0.0388393
2565,-0.0441982,0.0332081
2566,-0.0449961,0.0406678
2567,-0.0342719,0.0437636
2568,-0.0339612,0.042191
2569,-0.0401952,0.0443631
2570,-0.0437735,0.0411556
2571,-0.0449407,0.0465233
2572,-0.0324102,0.0458103
2573,-0.0295784,0.0408356
2574,-0.0322995,0.0437039
2575,-0.0332325,0.0468943
2576,-0.0436184,0.0407077
2577,-0.0486856,0.0345666
2578,-0.0414183,0.0355091
2579,-0.045711,0.0425039
2580,-0.0427406,0.0367148
2581,-0.0417509,0.0420321
2582,-0.0438252,0.0387403
2583,-0.0484535,0.0394484
2584,-0.0459276,0.0396731
2585,-0.0385312,0.0427396
2586,-0.0459132,0.0409898
2587,-0.0373696,0.0384225
2588,-0.0430204,0.0386925
2589,-0.0480747,0.0348428
2590,-0.0477011,0.04422
2591,-0.0400951,0.0413189
2592,-0.042056,0.0361707
2593,-0.0448059,0.0332081
2594,-0.0472539,0.0323427
2595,-0.0567036,0.0275464
2596,-0.0504143,0.0328474
2597,-0.0456555,0.0301305
2598,-0.0490474,0.0348712
2599,-0.0490474,0.0348712
2600,-0.0496618,0.0283291
2601,-0.0488594,0.0310248
2602,-0.0470099,0.0375663
2603,-0.0452857,0.0325537
2604,-0.0464252,0.0323259
2605,-0.0502438,0.0340032
2606,-0.0414064,0.0319785
2607,-0.051862,0.0303905
2608,-0.0453218,0.0317106
2609,-0.0485001,0.0298187
2610,-0.0473569,0.0362575
2611,-0.0503767,0.0305181
2612,-0.0432595,0.0366194
2613,-0.0379101,0.0426561
2614,-0.0444593,0.03494
2615,-0.0480135,0.0373549
2616,-0.054725,0.0285581
2617,-0.0539392,0.0242851
2618,-0.0477909,0.0317042
2619,-0.0518794,0.0322016
2620,-0.0529991,0.0325366
2621,-0.0519397,0.0291341
2622,-0.0593403,0.0301164
2623,-0.0583803,0.0210573
2624,-0.0555137,0.0292507
2625,-0.0591155,0.025619
2626,-0.0505364,0.0230557
2627,-0.0562121,0.0353414
2628,-0.0495527,0.0269428
2629,-0.0591096,0.028117
2630,-0.0586357,0.0266847
2631,-0.0493451,0.0294346
2632,-0.0493451,0.0294346
2633,-0.0547933,0.0302412
2634,-0.0520091,0.0269882
2635,-0.0531634,0.0324357
2636,-0.0471327,0.0333166
2637,-0.041431,0.0289649
2638,-0.0407993,0.0376567
2639,-0.0442191,0.0350211
2640,-0.0431167,0.0400228
2641,-0.031937,0.0422805
2642,-0.035058,0.0432573
2643,-0.0454841,0.0376647
2644,-0.0391831,0.0448937
2645,-0.0465554,0.0342681
2646,-0.047417,0.0366435
2647,-0.048158,0.0356258
2648,-0.0490324,0.0308357
2649,-0.0466768,0.0372471
2650,-0.0466768,0.0372471
2651,-0.0410329,0.0331031
2652,-0.0454674,0.0437028
2653,-0.0420913,0.0369076
2654,-0.0363698,0.0385055
2655,-0.0457321,0.035686
2656,-0.0420531,0.0399793
2657,-0.0459937,0.0364511
2658,-0.0517713,0.0284685
2659,-0.0517713,0.0284685
2660,-0.048424,0.0324048
2661,-0.0488518,0.0364439
2662,-0.0441204,0.0365962
2663,-0.0460201,0.0338235
2664,-0.0404637,0.0377048
2665,-0.0432231,0.036849
2666,-0.0432231,0.036849
2667,-0.0432231,0.036849
2668,-0.0490336,0.0369747
2669,-0.0493913,0.0376067
2670,-0.0434698,0.0302644
2671,-0.0416677,0.0389858
2672,-0.0423334,0.0344195
2673,-0.0492165,0.028393
2674,-0.0388992,0.0391345
2675,-0.0417423,0.0412261
2676,-0.0365521,0.0427311
2677,-0.0416208,0.0408776
2678,-0.0396617,0.0379926
2679,-0.0365739,0.0385893
2680,-0.0472533,0.0294395
2681,-0.0397917,0.0318775
2682,-0.0380558,0.0346352
2683,-0.0462086,0.0375766
2684,-0.0445517,0.0342931
2685,-0.0437727,0.0340166
2686,-0.0452561,0.033753
2687,-0.0501139,0.0313182
2688,-0.0611888,0.0260789
2689,-0.0487918,0.0295293
2690,-0.044363,0.0357527
2691,-0.0437918,0.0367375
2692,-0.0458195,0.0305489
2693,-0.0431461,0.0390575
2694,-0.0492054,0.0333525
2695,-0.0392646,0.0368386
2696,-0.0392646,0.0368386
2697,-0.0462752,0.0397047
2698,-0.0462752,0.0397047
2699,-0.0462752,0.0397047
2700,-0.0462752,0.0397047
2701,-0.0433771,0.0361058
2702,-0.042232,0.0360014
2703,-0.0540881,0.0358611
2704,-0.045278,0.0347461
2705,-0.0467161,0.0386137
2706,-0.0380455,0.0409984
2707,-0.04676,0.0355489
2708,-0.0461498,0.0296457
2709,-0.0435695,0.0286695
2710,-0.0465113,0.0276987
2711,-0.0428139,0.0334019
2712,-0.0534091,0.0334862
2713,-0.0478771,0.0356484
2714,-0.0530834,0.0329555
2715,-0.0479993,0.0308781
2716,-0.0517936,0.0266613
2717,-0.0417627,0.0377466
2718,-0.0476092,0.0380744
2719,-0.0403238,0.0396572
2720,-0.0496236,0.0383124
2721,-0.0346354,0.0395689
2722,-0.0306553,0.0429717
2723,-0.046052,0.039549
2724,-0.0353824,0.0438148
2725,-0.0345777,0.0461764
2726,-0.0318514,0.0460666
2727,-0.0303278,0.0473099
2728,-0.0360562,0.0484136
2729,-0.0326143,0.0482877
2730,-0.0403333,0.0461459
2731,-0.03164,0.0468707
2732,-0.0276274,0.0476366
2733,-0.0305632,0.0469074
2734,-0.0305632,0.0469074
2735,-0.0328326,0.049947
2736,-0.0272903,0.0470549
2737,-0.0311635,0.0507531
2738,-0.0311085,0.0469411
2739,-0.0300225,0.0391368
2740,-0.0400026,0.0386769
2741,-0.0369409,0.0409679
2742,-0.0441658,0.036391
2743,-0.0435435,0.0362374
2744,-0.0427151,0.0396583
2745,-0.0528331,0.0285953
2746,-0.043728,0.0308441
2747,-0.0445093,0.0341225
2748,-0.0463162,0.026401
2749,-0.0498624,0.0307566
2750,-0.0498624,0.0307566
2751,-0.051465,0.03648
2752,-0.0446207,0.0355678
2753,-0.0421209,0.0323015
2754,-0.037228,0.0409854
2755,-0.040038,0.0359357
2756,-0.04366,0.0314273
2757,-0.0479431,0.0354435
2758,-0.0461807,0.0285466
2759,-0.0489283,0.0262216
2760,-0.0471311,0.034121
2761,-0.042184,0.0353302
2762,-0.0500245,0.0319833
2763,-0.0443148,0.0343081
2764,-0.0380126,0.038029
2765,-0.0380126,0.038029
2766,-0.0424722,0.0415087
2767,-0.0467591,0.0332564
2768,-0.0427951,0.0346393
2769,-0.0450822,0.0326035
2770,-0.0475381,0.028799
2771,-0.0546587,0.0336712
2772,-0.05353,0.024758
2773,-0.0540162,0.0259287
2774,-0.054187,0.0248846
2775,-0.0559043,0.0294616
2776,-0.0486453,0.0382328
2777,-0.0410505,0.0397361
2778,-0.0445004,0.0373506
2779,-0.0440107,0.0372256
2780,-0.031277,0.0432787
2781,-0.0340639,0.0418238
2782,-0.0351784,0.0395827
2783,-0.0328525,0.0440041
2784,-0.0382366,0.0418541
2785,-0.0367401,0.0391719
2786,-0.0331655,0.0367392
2787,-0.0331655,0.0367392
2788,-0.0331655,0.0367392
2789,-0.0367054,0.0371201
2790,-0.041901,0.0359062
2791,-0.033444,0.0402819
2792,-0.0422451,0.0387605
2793,-0.0465421,0.0364775
2794,-0.0367514,0.0367433
2795,-0.0330318,0.0441298
2796,-0.0363891,0.0464157
2797,-0.0306768,0.0407124
2798,-0.0310017,0.0426166
2799,-0.0361452,0.0405049
2800,-0.0366398,0.0395744
2801,-0.0371609,0.0397421
2802,-0.04039,0.0402125
2803,-0.0493843,0.0326409
2804,-0.0480174,0.0277117
2805,-0.0388371,0.0321772
2806,-0.0424604,0.0372696
2807,-0.0465747,0.032274
2808,-0.0499374,0.0274227
2809,-0.0482911,0.0272617
2810,-0.0517804,0.0262643
2811,-0.0553872,0.0267874
2812,-0.0471745,0.0260691
2813,-0.0526321,0.0288762
2814,-0.0494283,0.0316339
2815,-0.0459492,0.028497
2816,-0.0501991,0.0310092
2817,-0.0469865,0.0366761
2818,-0.0426871,0.0397478
2819,-0.0508087,0.0354618
2820,-0.0432254,0.0310149
2821,-0.0484761,0.0342261
2822,-0.0478981,0.0378672
2823,-0.0478413,0.0355739
2824,-0.0467915,0.0347344
2825,-0.0429005,0.0325352
2826,-0.0370807,0.0404955
2827,-0.0452025,0.0405844
2828,-0.0455376,0.033334
2829,-0.0479227,0.0392564
2830,-0.0412642,0.0390368
2831,-0.0412642,0.0390368
2832,-0.0412642,0.0390368
2833,-0.0473289,0.0319077
2834,-0.0473934,0.0268781
2835,-0.0340408,0.0369096
2836,-0.048487,0.0282429
2837,-0.0454056,0.0292822
2838,-0.046619,0.0319703
2839,-0.046203,0.0301034
2840,-0.049721,0.0267716
2841,-0.0492523,0.0301341
2842,-0.0544087,0.0292713
2843,-0.0541675,0.0267093
2844,-0.0542094,0.0297501
2845,-0.0547191,0.0232469
2846,-0.0552112,0.0288258
2847,-0.0598035,0.0218071
2848,-0.0550169,0.0232584
2849,-0.0550169,0.0232584
2850,-0.0538228,0.0224416
2851,-0.0522765,0.025343
2852,-0.0531042,0.0297795
2853,-0.0543085,0.0313912
2854,-0.0430433,0.0338709
2855,-0.0416604,0.0354335
2856,-0.0416604,0.0354335
2857,-0.0509486,0.0323206
2858,-0.0470562,0.0350121
2859,-0.0481709,0.0250731
2860,-0.0555609,0.0304764
2861,-0.0411357,0.0394202
2862,-0.0434324,0.035857
2863,-0.0412598,0.0377891
2864,-0.0412598,0.0377891
2865,-0.0435072,0.045992
2866,-0.0435072,0.045992
2867,-0.0435072,0.045992
2868,-0.0376358,0.0444265
2869,-0.0454566,0.0393773
2870,-0.0419081,0.0332195
2871,-0.0407991,0.0367109
2872,-0.0377952,0.0395883
2873,-0.0368621,0.0382132
2874,-0.0384471,0.0402465
2875,-0.0342305,0.0441603
2876,-0.0449526,0.0376667
2877,-0.0453068,0.0359176
2878,-0.0393945,0.0405696
2879,-0.0387075,0.0388977
2880,-0.0501348,0.0326469
2881,-0.0436358,0.0381184
2882,-0.0489951,0.0347451
2883,-0.0457314,0.0259054
2884,-0.0461426,0.0365977
2885,-0.0461426,0.0365977
2886,-0.0383534,0.0376096
2887,-0.036569,0.0418654
2888,-0.0351052,0.050717
2889,-0.0288543,0.0433068
2890,-0.0388771,0.0383331
2891,-0.0447645,0.0398871
2892,-0.0356292,0.0426472
2893,-0.0362011,0.0436042
2894,-0.0333105,0.0404995
2895,-0.0326231,0.0420412
2896,-0.0326231,0.0420412
2897,-0.037524,0.0406159
2898,-0.0325489,0.0476168
2899,-0.0291577,0.0468456
2900,-0.042529,0.0386339
2901,-0.0329217,0.0450142
2902,-0.0382547,0.0415134
2903,-0.0382547,0.0415134
2904,-0.0382547,0.0415134
2905,-0.0337083,0.0424338
2906,-0.0447216,0.0391126
2907,-0.0446714,0.04545
2908,-0.040182,0.0390418
2909,-0.0429088,0.0419504
2910,-0.0341607,0.0386029
2911,-0.0443084,0.0415839
2912,-0.0368999,0.042537
2913,-0.0460044,0.0430733
2914,-0.0389295,0.0396075
2915,-0.0363267,0.0392751
2916,-0.0232235,0.0512673
2917,-0.031902,0.0486241
2918,-0.0397196,0.0399357
2919,-0.0459194,0.0387948
2920,-0.0426471,0.0386742
2921,-0.040622,0.0359167
2922,-0.0417859,0.0364964
2923,-0.0411826,0.0375674
2924,-0.0488459,0.0281964
2925,-0.0442658,0.0286389
2926,-0.045324,0.029574
2927,-0.052178,0.0238799
2928,-0.0497185,0.0279017
2929,-0.0507501,0.0304675
2930,-0.0499182,0.0319096
2931,-0.0486018,0.0318644
2932,-0.0435925,0.0327218
2933,-0.0444206,0.0317848
2934,-0.0466562,0.0340806
2935,-0.045445,0.0394061
2936,-0.0471437,0.0328401
2937,-0.0481883,0.0313784
2938,-0.0481883,0.0313784
2939,-0.0450529,0.0333301
2940,-0.0432822,0.0294159
2941,-0.0393254,0.0292011
2942,-0.0506797,0.0339326
2943,-0.0443238,0.042024
2944,-0.0443238,0.042024
2945,-0.0432703,0.0408972
2946,-0.0419767,0.0403667
2947,-0.0496331,0.0367115
2948,-0.0418951,0.036109
2949,-0.0418951,0.036109
2950,-0.0409563,0.0449971
2951,-0.044357,0.0364923
2952,-0.0435804,0.0335485
2953,-0.0400351,0.0393284
2954,-0.0385938,0.0407046
2955,-0.0460364,0.0362101
2956,-0.0419967,0.0375341
2957,-0.0392919,0.0375801
2958,-0.0437969,0.031026
2959,-0.0442701,0.038669
2960,-0.0432445,0.0354957
2961,-0.0394449,0.0364017
2962,-0.0428223,0.0307337
2963,-0.0356846,0.0383002
2964,-0.0356846,0.0383002
2965,-0.0356846,0.0383002
2966,-0.0356846,0.0383002
2967,-0.0494096,0.0295673
2968,-0.0475991,0.0294555
2969,-0.0433615,0.0376891
2970,-0.0366158,0.0485675
2971,-0.0366158,0.0485675
2972,-0.0420863,0.0421489
2973,-0.038358,0.0384129
2974,-0.0465787,0.0326152
2975,-0.0471865,0.0343355
2976,-0.0370503,0.0386571
2977,-0.0385257,0.0307608
2978,-0.0355134,0.0377067
2979,-0.0383746,0.0385696
2980,-0.0383746,0.0385696
2981,-0.0383746,0.0385696
2982,-0.0363484,0.0431417
2983,-0.0361895,0.0443772
2984,-0.0361838,0.0401929
2985,-0.0474062,0.036953
2986,-0.0435584,0.0305615
2987,-0.0492746,0.0314041
2988,-0.0489803,0.0332064
2989,-0.0511053,0.0323042
2990,-0.0492447,0.0359062
2991,-0.0492447,0.0359062
2992,-0.0492447,0.0359062
2993,-0.0424714,0.0348256
2994,-0.0389064,0.0364552
2995,-0.0421204,0.0369351
2996,-0.038359,0.0408933
2997,-0.038359,0.0408933
2998,-0.0405754,0.0410494
2999,-0.0405754,0.0410494
3000,-0.0430717,0.0417706
3001,-0.0467635,0.0428691
3002,-0.0430488,0.0374881
3003,-0.0424235,0.0379303
3004,-0.0355176,0.0429605
3005,-0.0401887,0.0355385
3006,-0.0376764,0.0423175
3007,-0.0376764,0.0423175
3008,-0.0443527,0.04075
3009,-0.0475871,0.0260662
3010,-0.0464148,0.0239667
3011,-0.0450597,0.0285514
3012,-0.0421347,0.0355813
3013,-0.0453439,0.0362293
3014,-0.0455068,0.033394
3015,-0.0352981,0.0411719
3016,-0.04045,0.0406503
3017,-0.0432461,0.0384315
3018,-0.0437701,0.0346584
3019,-0.0378965,0.0354834
3020,-0.0384418,0.0409115
3021,-0.0441946,0.0359022
3022,-0.0422278,0.0388417
3023,-0.044564,0.0405304
3024,-0.0328552,0.0384299
3025,-0.0455012,0.0329406
3026,-0.047495,0.0299012
3027,-0.0389698,0.0355824
3028,-0.0389698,0.0355824
3029,-0.0460334,0.035349
3030,-0.0457887,0.0365971
3031,-0.0476345,0.0295739
3032,-0.0494441,0.025168
3033,-0.0534326,0.0282358
3034,-0.0394317,0.0342372
3035,-0.0466257,0.0384819
3036,-0.0401859,0.0370532
3037,-0.0467504,0.0282959
3038,-0.0464596,0.0339872
3039,-0.0511836,0.0299037
3040,-0.0511836,0.0299037
3041,-0.0462773,0.0365068
3042,-0.0437062,0.0350963
3043,-0.0487079,0.0327421
3044,-0.0432871,0.0384616
3045,-0.0458819,0.0383001
3046,-0.0458819,0.0383001
3047,-0.0453864,0.0373354
3048,-0.040582,0.0381419
3049,-0.0463183,0.0352702
3050,-0.0443158,0.0284918
3051,-0.0428933,0.0359279
3052,-0.0423247,0.0358476
3053,-0.0478798,0.032777
3054,-0.0420795,0.0334164
3055,-0.0392908,0.0412695
3056,-0.0426281,0.0358774
3057,-0.0426281,0.0358774
3058,-0.0426281,0.0358774
3059,-0.034427,0.0440918
3060,-0.0364641,0.0446526
3061,-0.0364641,0.0446526
3062,-0.0335801,0.0453194
3063,-0.03346,0.0409772
3064,-0.03346,0.0409772
3065,-0.03346,0.0409772
3066,-0.0399421,0.0452548
3067,-0.0400447,0.0385176
3068,-0.0456198,0.0385422
3069,-0.0470822,0.0335061
3070,-0.0466858,0.035835
3071,-0.045455,0.0281179
3072,-0.0417041,0.0367195
3073,-0.0498036,0.0281075
3074,-0.0488595,0.0335035
3075,-0.0496116,0.0292239
3076,-0.05199,0.0301981
3077,-0.0448653,0.0335477
3078,-0.0540652,0.0250667
3079,-0.0436755,0.0307296
3080,-0.0420115,0.029234
3081,-0.0455018,0.0329724
3082,-0.0457966,0.0327067
3083,-0.0472722,0.0311948
3084,-0.0363922,0.0387279
3085,-0.0434152,0.0357695
3086,-0.0424678,0.0390496
3087,-0.0370333,0.0359586
3088,-0.0456296,0.033281
3089,-0.0495636,0.0344292
3090,-0.0511605,0.034858
3091,-0.0471313,0.0331447
3092,-0.0433841,0.0392233
3093,-0.0468039,0.0392806
3094,-0.048795,0.0306326
3095,-0.048795,0.0306326
3096,-0.0505389,0.0317967
3097,-0.04135,0.0344449
3098,-0.0452195,0.0359111
3099,-0.0421969,0.0412166
3100,-0.0391097,0.0495985
3101,-0.0373467,0.0486505
3102,-0.0333715,0.0454526
3103,-0.0412053,0.0467317
3104,-0.0419762,0.0395037
3105,-0.0409752,0.0333479
3106,-0.0420326,0.0369943
3107,-0.0431949,0.035116
3108,-0.0414969,0.0362564
3109,-0.0376655,0.0375978
3110,-0.0327875,0.038738
3111,-0.0398371,0.034604
3112,-0.041416,0.0335521
3113,-0.0358481,0.0356403
3114,-0.0414353,0.0381839
3115,-0.0430183,0.0386116
3116,-0.0424583,0.042564
3117,-0.0424583,0.042564
3118,-0.0424583,0.042564
3119,-0.0424583,0.042564
3120,-0.0444953,0.0360696
3121,-0.0443336,0.0401256
3122,-0.0436967,0.0338788
3123,-0.0419612,0.0350295
3124,-0.0382694,0.0408114
3125,-0.0331998,0.0400357
3126,-0.0319017,0.0417268
3127,-0.0340086,0.040937
3128,-0.0333017,0.0418713
3129,-0.0384568,0.0385179
3130,-0.0371768,0.0381555
3131,-0.0437934,0.0317886
3132,-0.0415538,0.032373
3133,-0.0415538,0.032373
3134,-0.0433473,0.0349757
3135,-0.0422623,0.0398646
3136,-0.0481139,0.0315488
3137,-0.0466094,0.0338881
3138,-0.0520353,0.0357924
3139,-0.0539416,0.0307228
3140,-0.0450904,0.0345446
3141,-0.0450904,0.0345446
3142,-0.040969,0.0374312
3143,-0.0370434,0.0462589
3144,-0.0329376,0.0444459
3145,-0.0360998,0.0416672
3146,-0.0370578,0.0404306
3147,-0.0366622,0.0345835
3148,-0.0410523,0.04151
3149,-0.0401828,0.0438912
3150,-0.0376797,0.0385112
3151,-0.0416975,0.0359468
3152,-0.0416975,0.0359468
3153,-0.0334331,0.049643
3154,-0.0264009,0.0459864
3155,-0.0264009,0.0459864
3156,-0.0311687,0.039774
3157,-0.0281472,0.0496649
3158,-0.0236935,0.044543
3159,-0.0325982,0.0398286
3160,-0.0424632,0.0385413
3161,-0.0372382,0.0454758
3162,-0.0335201,0.0433476
3163,-0.0383159,0.0470971
3164,-0.0356915,0.0430393
3165,-0.0371207,0.0385375
3166,-0.0371207,0.0385375
3167,-0.0305842,0.0477133
3168,-0.0265244,0.050469
3169,-0.0298602,0.0517434
3170,-0.0298602,0.0517434
3171,-0.0298602,0.0517434
3172,-0.0298602,0.0517434
3173,-0.0264326,0.0548611
3174,-0.0342562,0.0470939
3175,-0.0384991,0.0463367
3176,-0.0349803,0.0423218
3177,-0.030126,0.0471254
3178,-0.0329215,0.0471409
3179,-0.0380704,0.0495515
3180,-0.0293083,0.0479219
3181,-0.0357317,0.0482693
3182,-0.0420584,0.0384533
3183,-0.0420584,0.0384533
3184,-0.03506,0.0407565
3185,-0.041125,0.0331983
3186,-0.0429518,0.0371731
3187,-0.0449167,0.0405342
3188,-0.0483513,0.035894
3189,-0.0491616,0.0372851
3190,-0.0432185,0.0372583
3191,-0.0408141,0.0376052
3192,-0.0399947,0.0366162
3193,-0.0469276,0.0338549
3194,-0.0370769,0.0359338
3195,-0.0413044,0.0356705
3196,-0.045671,0.0316136
3197,-0.0425893,0.0366856
3198,-0.0490204,0.0334163
3199,-0.0556488,0.0256687
3200,-0.0612015,0.0207641
3201,-0.0587299,0.0224596
3202,-0.0584818,0.0265615
3203,-0.0546155,0.021869
3204,-0.059685,0.0249147
3205,-0.048212,0.028039
3206,-0.0599708,0.0286588
3207,-0.0505728,0.0271391
3208,-0.0507642,0.0244095
3209,-0.0423364,0.0353632
3210,-0.0429083,0.0324937
3211,-0.0441841,0.0365683
3212,-0.0410372,0.0405135
3213,-0.0435389,0.0333618
3214,-0.039011,0.0344828
3215,-0.0401967,0.0352104
3216,-0.0439505,0.0347359
3217,-0.0439505,0.0347359
3218,-0.0410084,0.0432798
3219,-0.0413415,0.0413737
3220,-0.0374087,0.0339516
3221,-0.0425993,0.0379087
3222,-0.0394494,0.0414317
3223,-0.0372691,0.0415734
3224,-0.0252813,0.0514429
3225,-0.0252813,0.0514429
3226,-0.0252813,0.0514429
3227,-0.0392646,0.0438253
3228,-0.0343116,0.0432892
3229,-0.0388395,0.0450406
3230,-0.0368587,0.0423414
3231,-0.0405695,0.0404628
3232,-0.044731,0.0430275
3233,-0.0373434,0.0385077
3234,-0.0466767,0.035858
3235,-0.0513739,0.0371452
3236,-0.0471018,0.0362488
3237,-0.0451379,0.0365561
3238,-0.0438687,0.0399775
3239,-0.0415744,0.0425371
3240,-0.0416244,0.0339092
3241,-0.0402619,0.0378353
3242,-0.0544493,0.0313195
3243,-0.0456681,0.0377619
3244,-0.0442899,0.0325608
3245,-0.0442899,0.0325608
3246,-0.0510839,0.0316131
3247,-0.0510839,0.0316131
3248,-0.0445757,0.0357792
3249,-0.0398216,0.0350855
3250,-0.0401634,0.0339364
3251,-0.0424997,0.0369041
3252,-0.0424997,0.0369041
3253,-0.0475925,0.0271941
3254,-0.0505161,0.0316933
3255,-0.0418073,0.0327629
3256,-0.0386798,0.0407736
3257,-0.0386798,0.0407736
3258,-0.0373886,0.0376449
3259,-0.0416352,0.0358244
3260,-0.04348,0.0317606
3261,-0.0434811,0.0350194
3262,-0.0409693,0.0339285
3263,-0.0409693,0.0339285
3264,-0.0393904,0.0348107
3265,-0.0423274,0.0416449
3266,-0.0460379,0.0374711
3267,-0.0460379,0.0374711
3268,-0.0443535,0.0385617
3269,-0.0441895,0.0331121
3270,-0.0456629,0.0334125
3271,-0.0436538,0.0367564
3272,-0.0346091,0.0411119
3273,-0.0404739,0.03884
3274,-0.041877,0.0381785
3275,-0.0396593,0.0370653
3276,-0.0472296,0.0304354
3277,-0.0545431,0.0228205
3278,-0.0464123,0.0307971
3279,-0.0436454,0.0351411
3280,-0.0377118,0.0480821
3281,-0.0405841,0.0438136
3282,-0.0405841,0.0438136
3283,-0.0338118,0.0430529
3284,-0.0306224,0.0470796
3285,-0.0303549,0.0523602
3286,-0.0339943,0.0566578
3287,-0.0289258,0.0475301
3288,-0.0289258,0.0475301
3289,-0.0314138,0.0449739
3290,-0.0352638,0.0410774
3291,-0.0393529,0.0397809
3292,-0.0398869,0.0391245
3293,-0.0339486,0.0425955
3294,-0.0358002,0.0371598
3295,-0.0384412,0.0371243
3296,-0.0424288,0.033946
3297,-0.0415759,0.0355836
3298,-0.0384443,0.0360532
3299,-0.0528666,0.0330898
3300,-0.0445525,0.0348752
3301,-0.0494975,0.0355746
3302,-0.039762,0.0328804
3303,-0.040212,0.0334176
3304,-0.0514379,0.0348977
3305,-0.0538956,0.0309195
3306,-0.0516304,0.0281104
3307,-0.04214,0.0321957
3308,-0.04214,0.0321957
3309,-0.0512422,0.0286282
3310,-0.0471028,0.0314436
3311,-0.0487757,0.0299959
3312,-0.0487757,0.0299959
3313,-0.0501732,0.0246961
3314,-0.0499651,0.0290737
3315,-0.0469786,0.0376313
3316,-0.0465231,0.0343832
3317,-0.0550216,0.0363797
3318,-0.048743,0.0336801
3319,-0.0442466,0.0383978
3320,-0.0500525,0.0301946
3321,-0.0469259,0.0402525
3322,-0.0392152,0.0344464
3323,-0.0412051,0.0379415
3324,-0.032337,0.0432915
3325,-0.032337,0.0432915
3326,-0.0325865,0.0513253
3327,-0.033507,0.0497024
3328,-0.0325644,0.0445052
3329,-0.0351485,0.0386594
3330,-0.0351236,0.0405538
3331,-0.0395916,0.0360461
3332,-0.0410166,0.0347657
3333,-0.047181,0.0330339
3334,-0.0518193,0.0300903
3335,-0.0463756,0.0343293
3336,-0.0399257,0.0343708
3337,-0.0374989,0.0378629
3338,-0.0329035,0.0428103
3339,-0.0329035,0.0428103
3340,-0.0279906,0.0495299
3341,-0.0332863,0.0405137
3342,-0.0289755,0.0499104
3343,-0.0371635,0.0490325
3344,-0.0314213,0.0485079
3345,-0.0335477,0.0468955
3346,-0.0350579,0.0440458
3347,-0.0397536,0.0387376
3348,-0.0397536,0.0387376
3349,-0.0361074,0.0447095
3350,-0.0372766,0.0408004
3351,-0.034461,0.0382288
3352,-0.0411006,0.0331138
3353,-0.0431655,0.0365363
3354,-0.0415593,0.0365869
3355,-0.0460365,0.0320635
3356,-0.0547169,0.027479
3357,-0.0395244,0.0367367
3358,-0.0475606,0.0314789
3359,-0.0478553,0.0294653
3360,-0.0552473,0.0265602
3361,-0.0558337,0.0238128
3362,-0.0582499,0.0196133
3363,-0.0570451,0.0246476
3364,-0.0578362,0.0206416
3365,-0.0524728,0.0291318
3366,-0.0506128,0.0203885
3367,-0.0478311,0.0309159
3368,-0.0509635,0.0267309
3369,-0.047665,0.0291081
3370,-0.0481454,0.0323311
3371,-0.0533328,0.0234267
3372,-0.0439763,0.0336635
3373,-0.0439763,0.0336635
3374,-0.0496995,0.0332258
3375,-0.0433346,0.0343165
3376,-0.0443092,0.0341675
3377,-0.0408092,0.0420727
3378,-0.0397123,0.0436586
3379,-0.041588,0.039938
3380,-0.0376304,0.0436632
3381,-0.0436994,0.0473588
3382,-0.0370771,0.0392199
3383,-0.0358006,0.0392819
3384,-0.0370783,0.0440375
3385,-0.0338044,0.0480075
3386,-0.0322022,0.0505343
3387,-0.0334937,0.0486463
3388,-0.0357746,0.0505332
3389,-0.023777,0.0514216
3390,-0.0322181,0.044765
3391,-0.0276189,0.0487615
3392,-0.0232914,0.0522917
3393,-0.0371761,0.0471297
3394,-0.0343054,0.0490291
3395,-0.0308011,0.0452045
3396,-0.0266582,0.0504282
3397,-0.0266582,0.0504282
3398,-0.0322877,0.0528332
3399,-0.0322877,0.0528332
3400,-0.0340733,0.0418336
3401,-0.0308296,0.0426331
3402,-0.0261984,0.046446
3403,-0.0318029,0.0441698
3404,-0.0349971,0.0369496
3405,-0.0370815,0.0353259
3406,-0.0393348,0.0436248
3407,-0.0403975,0.0432773
3408,-0.0298373,0.0471893
3409,-0.0271487,0.0478519
3410,-0.0331769,0.0503075
3411,-0.0303121,0.0454985
3412,-0.0303121,0.0454985
3413,-0.0421302,0.0404005
3414,-0.0326177,0.0410238
3415,-0.0394786,0.0358225
3416,-0.0428247,0.0361495
3417,-0.0428247,0.0361495
3418,-0.0400345,0.0406033
3419,-0.0440996,0.0351624
3420,-0.0455635,0.0359892
3421,-0.0477187,0.0373334
3422,-0.0491393,0.0279731
3423,-0.0410735,0.0356992
3424,-0.0406614,0.0319559
3425,-0.0386743,0.03696
3426,-0.041824,0.0442413
3427,-0.0340495,0.04547
3428,-0.0293038,0.0416857
3429,-0.042153,0.0321095
3430,-0.0448583,0.0318671
3431,-0.0452512,0.0371723
3432,-0.0489275,0.0363292
3433,-0.0378471,0.0404074
3434,-0.0467071,0.0333405
3435,-0.0480564,0.0402094
3436,-0.0478215,0.0322937
3437,-0.0434289,0.0287178
3438,-0.0451705,0.0292845
3439,-0.0451769,0.0342607
3440,-0.045225,0.0344635
3441,-0.0512624,0.0306337
3442,-0.0547599,0.0318806
3443,-0.0588532,0.0280278
3444,-0.0588532,0.0280278
3445,-0.0540959,0.0276229
3446,-0.0559745,0.0247638
3447,-0.0603238,0.0210475
3448,-0.058328,0.0204187
3449,-0.0584712,0.0187796
3450,-0.0569465,0.0233698
3451,-0.0527672,0.0253545
3452,-0.0506051,0.032839
3453,-0.0506051,0.032839
3454,-0.0540502,0.0266458
3455,-0.0484545,0.0319801
3456,-0.0555928,0.0274353
3457,-0.0541738,0.0248973
3458,-0.0553692,0.0320833
3459,-0.060449,0.0275561
3460,-0.0576079,0.0287757
3461,-0.062385,0.0205893
3462,-0.0603025,0.0222355
3463,-0.053921,0.0266019
3464,-0.0537988,0.0247312
3465,-0.0533186,0.0211462
3466,-0.0545334,0.0269186
3467,-0.0516633,0.0248357
3468,-0.0533558,0.0270603
3469,-0.051568,0.0390848
3470,-0.0385459,0.0399578
3471,-0.0463559,0.036241
3472,-0.0421974,0.0385676
3473,-0.0433463,0.0382208
3474,-0.0364384,0.0434474
3475,-0.0364384,0.0434474
3476,-0.032365,0.0424326
3477,-0.0400951,0.0410322
3478,-0.0351106,0.0399318
3479,-0.0332628,0.0447764
3480,-0.0344597,0.0474828
3481,-0.0374443,0.0402314
3482,-0.0459778,0.0330985
3483,-0.0455723,0.0339422
3484,-0.0404932,0.0409832
3485,-0.0419674,0.0367729
3486,-0.0468744,0.0296551
3487,-0.0462798,0.0354599
3488,-0.0403809,0.0349487
3489,-0.0399282,0.034772
3490,-0.0429491,0.0377247
3491,-0.0429491,0.0377247
3492,-0.039346,0.0433421
3493,-0.0427533,0.0404401
3494,-0.0478029,0.0370678
3495,-0.0399958,0.0443359
3496,-0.0360582,0.0401959
3497,-0.0345985,0.0428715
3498,-0.0393511,0.0397473
3499,-0.0369072,0.0401735
3500,-0.0442313,0.035854
