t,e^(-dS)
1,0.926714
2,1.34138
3,1.20442
4,0.976081
5,0.590964
6,0.693988
7,1.15096
8,1.21385
9,1.36848
10,1.42476
11,1.31956
12,1.32817
13,0.571895
14,1.58788
15,1.0591
16,0.581409
17,1.32009
18,1.38763
19,1.18424
20,0.882938
21,1.04726
22,1.95932
23,0.632927
24,0.490122
25,0.64076
26,1.24433
27,0.626254
28,1.62255
29,1.5917
30,1.16381
31,0.933149
32,0.7049
33,1.03383
34,1.18329
35,1.13145
36,0.677463
37,0.9973
38,1.08941
39,0.701664
40,1.16567
41,1.38472
42,1.42533
43,0.899065
44,1.53235
45,0.908192
46,1.20202
47,0.897538
48,1.25571
49,0.712055
50,0.635464
51,1.63166
52,1.10297
53,1.1165
54,0.870663
55,0.624752
56,0.989614
57,1.67397
58,0.671058
59,0.693572
60,1.57822
61,0.472414
62,1.36165
63,0.57822
64,0.935794
65,1.6827
66,0.736608
67,0.957739
68,1.07887
69,0.77082
70,0.825637
71,1.42476
72,0.605258
73,0.509258
74,0.631347
75,1.33683
76,0.816686
77,0.94349
78,0.839121
79,0.535047
80,0.495197
81,1.08104
82,0.836106
83,1.01172
84,2.17385
85,0.589606
86,1.00297
87,1.06451
88,0.755179
89,0.401841
90,0.794216
91,0.985585
92,0.910683
93,0.778022
94,1.07439
95,2.08423
96,0.755481
97,0.944282
98,0.827538
99,0.610547
100,0.978778
101,1.01303
102,0.827787
103,0.961712
104,0.757297
105,0.637692
106,1.33736
107,0.762083
108,0.979572
109,0.50404
110,0.539885
111,0.912434
112,1.34245
113,0.60248
114,1.71412
115,0.567111
116,1.47197
117,1.19578
118,1.34353
119,0.807106
120,0.609144
121,1.04571
122,0.494603
123,1.61559
124,1.19494
125,0.693087
126,0.575567
127,1.38279
128,1.16918
129,1.14924
130,0.72644
131,1.56894
132,1.21908
133,0.767129
134,0.867795
135,1.36479
136,0.777322
137,1.22495
138,1.01743
139,0.887453
140,2.02547
141,1.99551
142,0.609815
143,0.535904
144,1.02412
145,0.909073
146,0.834686
147,1.13338
148,0.950801
149,0.972816
150,0.642878
151,0.608657
152,0.534673
153,0.534887
154,1.39515
155,0.971271
156,1.3527
157,2.25241
158,0.933056
159,1.75558
160,0.932935
161,0.425964
162,1.62012
163,1.47698
164,1.15963
165,0.937236
166,0.628952
167,0.587429
168,0.776157
169,0.565752
170,1.36957
171,1.05064
172,0.643328
173,1.19782
174,0.716627
175,1.63902
176,2.60674
177,1.43104
178,0.738525
179,0.345418
180,1.1402
181,1.54141
182,0.685299
183,1.01056
184,1.09293
185,0.88692
186,1.33162
187,0.574245
188,1.06692
189,0.502731
190,0.858817
191,1.35988
192,0.95572
193,1.3101
194,1.16883
195,1.46053
196,1.54543
197,0.579378
198,0.758813
199,1.27647
200,1.03041
201,0.810017
202,0.825637
203,0.9787
204,0.836775
205,0.693988
206,1.25383
207,0.724119
208,0.740448
209,1.2158
210,0.768665
211,0.646876
212,1.13758
213,1.08373
214,1.25571
215,0.864071
216,1.23652
217,0.643393
218,1.9098
219,1.75172
220,1.45878
221,1.09131
222,0.841727
223,1.34972
224,0.961731
225,1.66546
226,1.29499
227,0.787809
228,1.43247
229,1.49915
230,1.02745
231,0.645261
232,0.778334
233,0.652594
234,1.06954
235,1.39166
236,0.866927
237,1.52531
238,1.66929
239,0.812613
240,1.1136
241,0.565525
242,1.60705
243,0.550791
244,0.734034
245,1.37616
246,0.613485
247,0.741189
248,0.701594
249,0.873192
250,0.819468
251,0.906549
252,1.04292
253,1.15581
254,0.970756
255,1.32923
256,0.922618
257,1.81939
258,0.740152
259,0.923412
260,1.1284
261,1.40973
262,1.28956
263,1.14878
264,0.402243
265,1.00839
266,0.832185
267,0.954211
268,1.01208
269,0.988951
270,1.36684
271,0.879414
272,0.685162
273,1.46448
274,1.55457
275,0.816115
276,1.31154
277,1.12154
278,0.651746
279,1.33016
280,0.740152
281,0.932991
282,0.651355
283,0.808722
284,2.01778
285,1.21823
286,0.806703
287,0.598338
288,1.02031
289,1.02438
290,0.642814
291,0.834519
292,0.835855
293,0.731542
294,1.17621
295,1.19483
296,0.613914
297,1.0329
298,0.786943
299,0.803723
300,0.721589
301,1.26062
302,0.5134
303,1.48944
304,0.654293
305,1.05136
306,1.14775
307,1.11751
308,0.801476
309,1.52638
310,0.823082
311,0.811395
312,1.02012
313,0.705252
314,1.4547
315,0.94729
316,1.06808
317,1.32022
318,0.838618
319,0.906803
320,1.40088
321,1.30343
322,0.496536
323,1.13633
324,0.665777
325,1.32498
326,0.732128
327,0.883733
328,1.74665
329,0.765367
330,0.593808
331,0.758206
332,0.89101
333,2.3575
334,1.38583
335,1.31232
336,1.31969
337,0.89682
338,1.03669
339,0.483405
340,1.43204
341,1.13134
342,1.0191
343,0.767743
344,0.787572
345,1.0298
346,1.03466
347,1.0848
348,0.790413
349,0.609023
350,0.990263
351,1.82577
352,0.702366
353,1.28621
354,1.3925
355,1.51634
356,1.05862
357,0.775537
358,1.17386
359,0.692602
360,0.810098
361,0.83527
362,1.40495
363,1.42476
364,0.99346
365,0.58784
366,1.49795
367,1.65351
368,0.920185
369,0.502681
370,0.844509
371,1.06375
372,0.822259
373,1.54373
374,0.520899
375,0.906585
376,1.05116
377,0.583565
378,0.799635
379,1.19148
380,0.698654
381,0.920204
382,1.01553
383,1.4421
384,1.32525
385,0.53174
386,1.05944
387,0.608901
388,1.17527
389,0.737861
390,0.824812
391,1.53926
392,1.50351
393,0.862086
394,0.634067
395,0.963329
396,1.02409
397,0.792946
398,0.642107
399,1.16079
400,0.942094
401,0.614774
402,0.830689
403,1.21179
404,0.829361
405,0.639224
406,0.919974
407,0.729424
408,0.905716
409,1.03391
410,0.759192
411,1.55628
412,1.2512
413,1.21434
414,0.630653
415,1.26049
416,1.11149
417,0.752993
418,2.1957
419,1.5917
420,1.04183
421,1.27341
422,0.657507
423,1.13837
424,0.802439
425,1.38472
426,0.771437
427,0.627319
428,0.663252
429,0.744159
430,1.23875
431,0.923199
432,0.783409
433,1.17633
434,0.616498
435,0.668646
436,1.00624
437,1.01268
438,1.39208
439,0.945653
440,0.809531
441,1.40973
442,0.58269
443,1.0721
444,0.876078
445,1.12738
446,1.30957
447,1.10683
448,1.27545
449,0.680587
450,0.965441
451,1.14683
452,0.874153
453,0.811476
454,0.764984
455,1.01147
456,0.9412
457,0.566544
458,0.852144
459,1.65202
460,0.825967
461,1.7766
462,0.874852
463,1.15039
464,1.1721
465,1.14889
466,0.958553
467,0.519234
468,1.08812
469,0.843412
470,0.82267
471,0.735062
472,1.06966
473,0.760104
474,0.770358
475,0.863467
476,0.641786
477,0.794375
478,0.671528
479,1.10394
480,0.971523
481,0.704336
482,0.790571
483,0.78435
484,0.817994
485,0.801076
486,0.713695
487,1.60176
488,1.30057
489,0.734768
490,0.861311
491,0.548044
492,0.803804
493,1.0002
494,1.00868
495,1.45543
496,0.689492
497,0.61012
498,2.76489
499,0.931425
500,0.866061
501,1.08567
502,1.09065
503,0.584499
504,1.11784
505,0.783488
506,1.39292
507,1.05055
508,0.696282
509,0.899695
510,1.01084
511,0.839289
512,0.794851
513,1.35364
514,1.70728
515,0.764525
516,1.05164
517,1.31036
518,0.578741
519,0.691011
520,1.28095
521,1.38514
522,1.13576
523,0.795329
524,0.888074
525,1.05747
526,1.07771
527,0.787572
528,0.816442
529,0.617547
530,1.07867
531,1.40326
532,0.628512
533,0.847809
534,1.37465
535,0.936402
536,1.04976
537,1.68691
538,1.39013
539,0.736019
540,1.11539
541,0.475019
542,0.451988
543,0.918724
544,1.10716
545,0.917484
546,1.46624
547,0.426135
548,1.37616
549,1.22201
550,1.39361
551,0.560907
552,0.873105
553,0.937967
554,1.4582
555,1.05048
556,1.1953
557,0.983291
558,0.777789
559,1.09657
560,1.00247
561,1.2203
562,1.07506
563,0.947233
564,1.06972
565,0.956026
566,0.815952
567,1.15812
568,0.919827
569,0.763609
570,1.42404
571,0.420715
572,0.860278
573,0.609388
574,0.681472
575,1.05565
576,0.54129
577,1.30813
578,0.817013
579,1.71326
580,0.946703
581,0.503737
582,1.11483
583,0.782079
584,0.640568
585,1.06364
586,1.37658
587,0.934317
588,0.874328
589,0.538698
590,1.15315
591,0.413127
592,0.818076
593,1.38542
594,0.703491
595,0.552556
596,1.69961
597,1.5005
598,0.921502
599,0.652398
600,0.950165
601,0.857958
602,1.31851
603,0.816115
604,0.770743
605,0.704688
606,1.33056
607,0.996513
608,0.524033
609,1.46477
610,0.760408
611,0.86045
612,1.37823
613,1.44556
614,1.00206
615,0.557273
616,0.678684
617,0.992596
618,1.76438
619,1.07929
620,1.05801
621,1.42946
622,0.995437
623,0.567168
624,0.561075
625,0.773059
626,0.901856
627,0.689768
628,1.54111
629,0.712198
630,1.22238
631,1.25521
632,0.669717
633,0.623192
634,1.44817
635,0.891812
636,0.694127
637,1.00375
638,0.464126
639,1.01687
640,0.703913
641,0.86269
642,0.699912
643,1.10794
644,0.490613
645,0.989228
646,1.27558
647,1.678
648,0.972855
649,0.587429
650,1.19148
651,0.838115
652,1.19806
653,1.0863
654,0.736829
655,2.59063
656,0.636545
657,1.15685
658,0.796284
659,0.600976
660,1.69384
661,1.04541
662,1.04241
663,0.677192
664,0.953086
665,1.14809
666,1.51377
667,1.17586
668,0.414037
669,0.885502
670,0.960069
671,0.418491
672,0.960472
673,1.31758
674,1.23528
675,0.794851
676,0.895924
677,0.499574
678,0.86459
679,0.631347
680,1.40635
681,0.500574
682,1.09347
683,0.983744
684,0.776313
685,1.12367
686,0.490662
687,1.43663
688,1.95053
689,1.25709
690,0.632168
691,0.584616
692,1.02677
693,0.886743
694,1.23899
695,1.1827
696,0.677802
697,0.530678
698,0.866234
699,0.679159
700,0.861225
701,0.96151
702,0.619774
703,1.04838
704,1.07189
705,0.740818
706,0.730665
707,1.55053
708,0.853167
709,1.33349
710,1.00457
711,1.77713
712,0.592088
713,1.40973
714,0.709
715,1.33322
716,0.742821
717,0.756464
718,1.18211
719,0.437359
720,0.666977
721,0.826215
722,0.815625
723,0.843159
724,1.28621
725,0.912424
726,0.735798
727,0.779112
728,0.77275
729,0.634321
730,1.8567
731,0.707654
732,0.842232
733,1.38528
734,0.545965
735,0.788439
736,0.862949
737,1.12637
738,0.54433
739,0.531421
740,1.0982
741,0.609998
742,1.20937
743,0.68571
744,1.20985
745,0.874503
746,1.23837
747,0.492038
748,1.07322
749,0.751714
750,1.0057
751,0.866061
752,0.82961
753,1.00103
754,1.02328
755,0.972953
756,0.939441
757,0.889674
758,0.810827
759,0.459048
760,1.1458
761,1.18235
762,1.3554
763,0.764984
764,1.48706
765,1.24384
766,0.786549
767,0.738968
768,1.66762
769,1.18282
770,0.616498
771,0.42686
772,0.997442
773,0.786392
774,0.602782
775,1.22018
776,1.63788
777,0.915504
778,0.590432
779,1.04032
780,2.16387
781,0.567792
782,1.11127
783,1.40256
784,1.35785
785,1.2214
786,1.24384
787,0.646424
788,0.542645
789,0.689354
790,0.813589
791,0.5293
792,0.90312
793,1.01437
794,1.22018
795,0.539237
796,1.49735
797,1.38085
798,1.19638
799,0.538537
800,1.01429
801,1.33656
802,1.13485
803,1.33109
804,0.927808
805,0.942914
806,0.970407
807,1.15696
808,1.06576
809,0.702929
810,1.15246
811,1.30839
812,0.76193
813,0.954078
814,1.09123
815,0.349588
816,0.603626
817,1.24085
818,0.614467
819,0.778957
820,1.11561
821,0.438498
822,0.867448
823,1.77837
824,0.459416
825,0.956131
826,0.47034
827,0.805735
828,0.708716
829,1.84596
830,0.967606
831,0.652529
832,0.595175
833,0.882762
834,0.996266
835,0.906187
836,1.24795
837,0.94398
838,1.32392
839,0.86988
840,1.02818
841,0.834102
842,0.745276
843,0.863467
844,1.09849
845,1.29162
846,0.904385
847,1.36084
848,1.09203
849,1.07405
850,0.647459
851,0.748488
852,0.839541
853,0.717918
854,1.11316
855,1.21543
856,1.08643
857,1.02254
858,0.989555
859,1.01194
860,0.728549
861,1.82613
862,0.749987
863,1.46888
864,1.05325
865,1.08548
866,1.15189
867,1.28698
868,1.17833
869,0.856758
870,0.601277
871,1.33016
872,0.661861
873,1.32022
874,1.38445
875,0.615451
876,0.875202
877,1.21787
878,0.687771
879,1.42476
880,0.662788
881,0.983645
882,1.04295
883,1.34272
884,0.857872
885,0.756994
886,0.66365
887,1.18673
888,0.929257
889,1.28956
890,1.00152
891,1.33817
892,1.03968
893,0.807187
894,1.38639
895,0.807833
896,0.548482
897,2.4633
898,1.2482
899,0.940776
900,1.00027
901,1.11349
902,0.448162
903,0.599775
904,0.911786
905,0.880558
906,0.725568
907,0.743639
908,2.43051
909,0.956485
910,0.879765
911,1.34851
912,1.16976
913,1.0727
914,1.42832
915,0.721517
916,0.697328
917,1.50275
918,1.40945
919,1.06856
920,1.15835
921,0.78247
922,1.05204
923,0.723033
924,1.08904
925,0.94233
926,0.913575
927,1.17339
928,0.463986
929,1.14993
930,0.934475
931,1.36165
932,1.03717
933,1.11327
934,1.30957
935,1.36629
936,1.04695
937,1.06391
938,1.15685
939,1.01258
940,0.887719
941,0.901947
942,0.830772
943,1.05286
944,1.38972
945,0.501075
946,0.709425
947,0.611586
948,1.13678
949,1.87161
950,1.0595
951,0.553164
952,0.719787
953,0.605803
954,1.03762
955,0.728549
956,0.891099
957,0.850271
958,0.879853
959,1.56612
960,1.00907
961,0.954803
962,0.64076
963,1.29201
964,0.987282
965,1.18046
966,1.16824
967,1.73135
968,0.803322
969,1.07725
970,0.967036
971,0.776701
972,1.5168
973,0.64044
974,1.11918
975,0.755255
976,0.990729
977,1.63346
978,0.877393
979,0.7598
980,1.76756
981,0.996457
982,1.87142
983,1.08145
984,1.57287
985,0.60811
986,0.634511
987,0.596247
988,0.740966
989,0.801156
990,1.23615
991,0.764143
992,1.03544
993,0.549141
994,0.491546
995,0.788991
996,0.643714
997,1.79643
998,1.10705
999,1.74403
1000,0.76155
1001,0.984295
1002,1.3442
1003,0.688734
1004,0.69108
1005,1.62336
1006,1.30748
1007,1.12806
1008,1.25207
1009,1.00129
1010,1.08647
1011,0.725713
1012,0.85573
1013,0.877569
1014,1.213
1015,1.04155
1016,2.16886
1017,1.13406
1018,0.447356
1019,0.664979
1020,0.529724
1021,0.945728
1022,1.15905
1023,0.803081
1024,1.23479
1025,0.601577
1026,1.45397
1027,2.34363
1028,1.04319
1029,0.87197
1030,0.789544
1031,1.14958
1032,0.756843
1033,0.804769
1034,1.23491
1035,0.910993
1036,1.49451
1037,0.593392
1038,2.0699
1039,0.910474
1040,0.530731
1041,1.03086
1042,0.747441
1043,0.487922
1044,0.797798
1045,1.65583
1046,0.700683
1047,1.59201
1048,0.756011
1049,0.663518
1050,0.953334
1051,1.28108
1052,0.751638
1053,0.725351
1054,0.806058
1055,0.937536
1056,0.839877
1057,1.17833
1058,0.588252
1059,0.801957
1060,0.919882
1061,0.696631
1062,1.35513
1063,0.861225
1064,1.27265
1065,0.481861
1066,0.623878
1067,0.800835
1068,0.647718
1069,0.774142
1070,1.1587
1071,0.957854
1072,0.950041
1073,1.54883
1074,0.482488
1075,0.707866
1076,1.05103
1077,0.884264
1078,0.923384
1079,1.79679
1080,0.850271
1081,0.815299
1082,0.859504
1083,0.938164
1084,0.955529
1085,0.796204
1086,1.12176
1087,0.9727
1088,0.572238
1089,0.643393
1090,0.922959
1091,1.41737
1092,0.722022
1093,1.03714
1094,0.860966
1095,1.30539
1096,1.78461
1097,0.569555
1098,0.906395
1099,0.504292
1100,0.703632
1101,0.713481
1102,1.51346
1103,1.19172
1104,0.492727
1105,0.971834
1106,1.30434
1107,1.02095
1108,0.834602
1109,1.19471
1110,1.20418
1111,0.750587
1112,0.72753
1113,0.821519
1114,1.48171
1115,1.68894
1116,1.0192
1117,1.07094
1118,0.645971
1119,0.872057
1120,1.34299
1121,1.35256
1122,1.08581
1123,0.582515
1124,0.637564
1125,1.16859
1126,0.732055
1127,1.63003
1128,1.57051
1129,0.547551
1130,0.901315
1131,0.510431
1132,0.468134
1133,0.763456
1134,1.92034
1135,1.02026
1136,0.920029
1137,1.4249
1138,0.658033
1139,0.586255
1140,0.950212
1141,0.74193
1142,0.513914
1143,1.0535
1144,0.584032
1145,1.68809
1146,1.45354
1147,0.74193
1148,0.589312
1149,0.97915
1150,0.862172
1151,0.527082
1152,1.17
1153,1.40889
1154,0.880029
1155,0.904295
1156,1.36315
1157,1.06557
1158,1.26276
1159,0.766362
1160,0.886123
1161,0.653116
1162,1.21847
1163,1.99013
1164,0.975476
1165,0.681063
1166,1.37851
1167,1.78354
1168,1.69181
1169,1.2532
1170,1.03618
1171,2.17124
1172,0.634511
1173,1.12569
1174,1.46536
1175,0.470152
1176,1.8143
1177,0.605137
1178,1.40116
1179,1.19782
1180,0.817095
1181,0.815218
1182,0.681063
1183,0.738451
1184,0.614344
1185,0.573728
1186,1.05968
1187,1.30213
1188,1.43204
1189,1.33349
1190,1.262
1191,0.989268
1192,1.45616
1193,1.15096
1194,0.953372
1195,0.938587
1196,1.0946
1197,0.764908
1198,1.1065
1199,0.51856
1200,1.05043
1201,1.16044
1202,0.600856
1203,1.80255
1204,0.603445
1205,0.661795
1206,1.093
1207,0.855217
1208,0.794454
1209,0.896372
1210,1.01178
1211,1.56549
1212,1.84301
1213,1.08025
1214,1.57067
1215,0.342666
1216,0.813752
1217,0.848148
1218,1.28197
1219,0.969408
1220,0.838534
1221,1.11695
1222,0.974072
1223,1.41185
1224,1.07324
1225,1.0336
1226,1.06729
1227,0.877218
1228,0.749312
1229,1.05489
1230,1.15801
1231,0.717344
1232,1.12154
1233,0.689768
1234,0.806541
1235,0.68571
1236,0.84139
1237,1.19889
1238,0.989693
1239,0.729205
1240,0.757903
1241,1.52852
1242,0.680655
1243,1.18057
1244,0.674287
1245,1.40088
1246,1.9018
1247,1.86228
1248,0.594996
1249,0.624877
1250,0.546457
1251,0.703069
1252,1.1086
1253,1.16591
1254,1.08004
1255,0.33454
1256,0.454208
1257,0.654948
1258,0.64185
1259,0.845016
1260,0.799235
1261,0.736829
1262,0.73352
1263,0.942867
1264,0.705252
1265,1.4832
1266,1.24234
1267,0.839541
1268,0.95361
1269,0.932683
1270,0.752466
1271,1.1086
1272,1.79876
1273,0.710419
1274,0.798357
1275,1.12784
1276,1.02295
1277,0.957653
1278,1.40678
1279,1.06134
1280,1.04535
1281,0.903843
1282,0.782783
1283,1.11472
1284,0.585962
1285,1.11874
1286,1.47875
1287,1.7519
1288,0.887098
1289,0.639352
1290,1.20792
1291,0.545092
1292,0.852059
1293,1.00106
1294,0.921982
1295,0.801556
1296,0.640312
1297,1.08213
1298,0.890742
1299,0.960386
1300,0.99319
1301,1.97289
1302,1.18922
1303,1.16498
1304,0.756237
1305,1.52715
1306,1.15662
1307,0.826546
1308,1.55613
1309,1.00872
1310,0.5799
1311,0.831603
1312,0.711201
1313,1.60127
1314,0.500975
1315,1.15859
1316,0.697188
1317,0.936421
1318,0.866927
1319,1.38334
1320,0.725859
1321,1.07794
1322,0.523196
1323,1.03913
1324,0.726004
1325,1.62206
1326,0.701173
1327,0.935822
1328,1.05589
1329,0.762083
1330,1.05817
1331,0.902127
1332,0.749912
1333,0.986966
1334,0.696004
1335,0.910055
1336,0.477448
1337,1.22104
1338,0.920959
1339,0.870228
1340,0.729351
1341,1.44253
1342,1.12513
1343,0.749162
1344,1.02982
1345,1.15154
1346,0.661993
1347,1.11572
1348,1.2019
1349,1.22728
1350,0.714909
1351,1.102
1352,0.822423
1353,1.24061
1354,0.742079
1355,0.93778
1356,0.783723
1357,0.965065
1358,0.885237
1359,1.25898
1360,1.02644
1361,1.26706
1362,0.526134
1363,0.61693
1364,0.497928
1365,1.59281
1366,1.67699
1367,1.28415
1368,0.903662
1369,1.11327
1370,0.829029
1371,0.918044
1372,0.927929
1373,1.00963
1374,0.881879
1375,0.727748
1376,0.4278
1377,1.22409
1378,1.5121
1379,0.425453
1380,1.07489
1381,0.879589
1382,1.10493
1383,0.730008
1384,0.804447
1385,0.512425
1386,0.835772
1387,1.25596
1388,0.804528
1389,0.901225
1390,1.19638
1391,1.22679
1392,0.712981
1393,1.43677
1394,1.66996
1395,0.951344
1396,1.56612
1397,0.927447
1398,1.02957
1399,0.694752
1400,0.609083
1401,1.42675
1402,0.722022
1403,0.827455
1404,1.78836
1405,0.723033
1406,1.05096
1407,1.29875
1408,1.12345
1409,1.2789
1410,1.14499
1411,1.06241
1412,1.0369
1413,0.702858
1414,0.884794
1415,0.936693
1416,0.607563
1417,1.12829
1418,0.838115
1419,0.864763
1420,1.09552
1421,1.12829
1422,0.77919
1423,0.987627
1424,1.16766
1425,0.956131
1426,0.950906
1427,0.765061
1428,0.447133
1429,1.13564
1430,0.669717
1431,1.14408
1432,0.760788
1433,1.33069
1434,0.561637
1435,0.807591
1436,0.772827
1437,0.813182
1438,1.61931
1439,0.756994
1440,0.805333
1441,1.2359
1442,0.677463
1443,0.966852
1444,0.908746
1445,1.22998
1446,1.79697
1447,0.94874
1448,1.29434
1449,0.529035
1450,0.737271
1451,0.779502
1452,0.71677
1453,0.809936
1454,0.68839
1455,1.00258
1456,1.25232
1457,0.930168
1458,0.579784
1459,0.953811
1460,1.12019
1461,1.26175
1462,1.4486
1463,0.939911
1464,0.890297
1465,0.59762
1466,0.524033
1467,1.2639
1468,0.994622
1469,0.914754
1470,1.05676
1471,1.34205
1472,1.12367
1473,1.05041
1474,1.01723
1475,0.960175
1476,0.619279
1477,1.13292
1478,1.41086
1479,0.77997
1480,0.88391
1481,0.989179
1482,0.869097
1483,1.19184
1484,1.01522
1485,1.12953
1486,0.816768
1487,1.28634
1488,0.910483
1489,1.85354
1490,0.703069
1491,0.627005
1492,1.21531
1493,0.81636
1494,1.11104
1495,0.946419
1496,0.634067
1497,1.33817
1498,0.66965
1499,0.695169
1500,0.889941
1501,1.87855
1502,1.1193
1503,0.746769
1504,0.9287
1505,1.17234
1506,1.45936
1507,1.35676
1508,0.429686
1509,0.958084
1510,0.447356
1511,0.713623
1512,0.792788
1513,0.922369
1514,0.846877
1515,1.51346
1516,1.01693
1517,0.835354
1518,1.25408
1519,0.891277
1520,1.48424
1521,1.36971
1522,1.02416
1523,1.14809
1524,0.974988
1525,1.41524
1526,0.740152
1527,0.64185
1528,1.03421
1529,0.691287
1530,0.883998
1531,1.12322
1532,1.40593
1533,1.4727
1534,1.39236
1535,0.772286
1536,0.787887
1537,1.06204
1538,0.918411
1539,1.25145
1540,1.17563
1541,1.43778
1542,1.057
1543,0.749012
1544,0.469165
1545,0.797878
1546,1.12401
1547,0.585259
1548,1.51316
1549,0.657244
1550,1.19113
1551,0.841642
1552,0.624378
1553,0.560515
1554,1.02696
1555,0.424731
1556,1.29706
1557,1.13258
1558,0.833768
1559,0.696979
1560,0.602842
1561,0.989238
1562,1.45339
1563,1.26579
1564,0.635527
1565,1.0207
1566,1.11952
1567,0.855217
1568,1.44325
1569,1.04874
1570,0.866667
1571,0.685505
1572,1.01691
1573,0.41979
1574,1.29033
1575,0.795249
1576,0.913246
1577,1.03199
1578,1.31574
1579,0.887187
1580,1.19256
1581,0.863294
1582,0.833018
1583,0.901496
1584,1.04824
1585,1.06491
1586,0.770974
1587,1.01277
1588,1.20466
1589,0.505301
1590,1.27864
1591,0.752917
1592,1.42675
1593,1.36233
1594,0.562817
1595,0.812695
1596,0.525713
1597,1.31548
1598,0.987983
1599,0.768973
1600,1.16288
1601,0.547715
1602,0.901856
1603,0.815299
1604,0.767513
1605,0.97737
1606,0.693642
1607,1.01773
1608,0.934102
1609,1.7463
1610,0.978015
1611,0.61373
1612,1.06931
1613,0.616745
1614,0.970853
1615,0.671326
1616,1.00859
1617,1.05369
1618,1.32963
1619,1.33937
1620,0.489241
1621,1.0092
1622,1.05925
1623,0.625315
1624,1.15385
1625,0.598517
1626,1.09336
1627,0.919174
1628,0.961731
1629,0.890386
1630,0.930475
1631,1.52394
1632,1.27494
1633,1.21604
1634,1.52348
1635,1.22104
1636,1.49272
1637,1.15662
1638,0.977497
1639,0.929313
1640,1.39598
1641,0.900415
1642,0.511862
1643,1.19006
1644,2.36411
1645,1.72151
1646,1.10108
1647,0.911813
1648,0.7736
1649,1.56534
1650,0.712981
1651,0.536977
1652,1.1002
1653,1.14031
1654,0.814892
1655,0.979092
1656,1.52135
1657,1.11494
1658,1.05783
1659,0.845946
1660,0.912151
1661,0.782157
1662,1.18329
1663,0.582981
1664,1.09581
1665,0.518249
1666,1.70353
1667,0.909709
1668,0.849082
1669,1.31745
1670,0.770358
1671,1.28634
1672,0.944868
1673,0.731762
1674,1.45296
1675,0.653443
1676,0.751638
1677,0.641594
1678,0.763379
1679,0.538483
1680,0.647653
1681,1.29602
1682,0.795249
1683,0.770666
1684,1.8541
1685,1.24297
1686,0.487922
1687,0.873803
1688,1.42219
1689,0.775227
1690,1.33616
1691,0.877832
1692,1.79248
1693,0.858473
1694,0.915312
1695,0.48578
1696,0.62313
1697,0.91731
1698,0.867014
1699,0.4679
1700,0.725786
1701,0.841811
1702,0.406285
1703,1.61769
1704,1.12468
1705,1.58772
1706,0.59577
1707,1.36875
1708,0.997931
1709,0.871099
1710,0.610486
1711,1.64362
1712,1.06204
1713,0.455892
1714,1.10661
1715,1.31811
1716,0.924511
1717,1.54311
1718,1.04735
1719,0.837696
1720,1.88231
1721,0.923486
1722,0.623317
1723,1.45383
1724,0.99997
1725,0.82374
1726,0.794295
1727,1.22802
1728,1.23974
1729,0.65521
1730,1.32936
1731,0.754047
1732,0.657638
1733,1.25182
1734,1.16754
1735,1.06747
1736,0.986916
1737,0.77391
1738,0.976081
1739,1.27367
1740,1.04416
1741,0.737566
1742,1.33429
1743,1.92226
1744,1.42262
1745,0.692879
1746,1.34864
1747,1.00938
1748,1.18152
1749,0.717631
1750,1.42177
1751,0.869532
1752,0.812776
1753,1.51695
1754,0.765061
1755,0.712981
1756,1.1505
1757,1.64296
1758,1.76403
1759,1.04904
1760,1.21921
1761,0.57961
1762,0.909137
1763,1.69486
1764,0.674287
1765,0.694197
1766,0.998698
1767,0.647006
1768,1.48201
1769,0.948617
1770,0.494652
1771,0.746694
1772,0.739782
1773,0.534192
1774,1.00671
1775,1.24234
1776,0.786156
1777,0.977927
1778,1.49556
1779,1.02248
1780,0.574647
1781,0.725496
1782,0.752014
1783,0.754123
1784,0.911011
1785,0.853935
1786,0.812857
1787,0.526713
1788,0.753068
1789,0.81302
1790,0.895745
1791,0.867708
1792,0.886211
1793,0.64481
1794,0.981258
1795,1.14706
1796,0.438191
1797,1.05997
1798,0.861655
1799,0.850781
1800,1.43692
1801,1.13871
1802,0.810017
1803,0.762159
1804,0.576143
1805,1.01163
1806,1.03484
1807,0.947707
1808,0.622943
1809,0.785449
1810,0.758206
1811,0.701664
1812,0.594283
1813,0.619774
1814,0.928941
1815,0.810503
1816,0.755935
1817,0.501275
1818,1.60031
1819,1.07194
1820,0.705816
1821,1.58028
1822,1.12513
1823,1.57397
1824,1.38292
1825,1.16032
1826,1.78318
1827,1.18649
1828,0.898256
1829,0.979748
1830,0.684956
1831,0.929601
1832,0.763532
1833,0.741485
1834,1.31337
1835,1.00707
1836,1.80056
1837,1.42875
1838,0.372507
1839,0.623442
1840,0.952791
1841,0.826959
1842,0.782783
1843,1.23689
1844,1.42775
1845,1.38722
1846,1.33589
1847,1.60368
1848,1.47006
1849,0.664381
1850,1.01737
1851,1.42063
1852,0.622694
1853,0.729278
1854,0.92883
1855,1.42547
1856,1.34662
1857,0.713195
1858,1.1284
1859,0.72094
1860,1.29719
1861,0.597202
1862,1.19542
1863,0.544711
1864,0.958994
1865,0.981307
1866,1.37218
1867,0.625315
1868,0.672939
1869,1.1013
1870,2.124
1871,0.657638
1872,1.78015
1873,0.500774
1874,1.08335
1875,0.784193
1876,0.667711
1877,0.575107
1878,0.676854
1879,0.665045
1880,1.35134
1881,0.773368
1882,1.00492
1883,1.59042
1884,1.01931
1885,1.14809
1886,1.65021
1887,0.76399
1888,0.755481
1889,1.36261
1890,0.782939
1891,1.21921
1892,0.977175
1893,0.730811
1894,1.12367
1895,0.649144
1896,1.43476
1897,0.583857
1898,1.02559
1899,0.846538
1900,0.803723
1901,1.2497
1902,1.00105
1903,1.07593
1904,0.818321
1905,0.732201
1906,1.90847
1907,1.34851
1908,1.06407
1909,1.24508
1910,0.863726
1911,1.31838
1912,0.680179
1913,0.995778
1914,0.763532
1915,0.866321
1916,1.01597
1917,0.918586
1918,0.726948
1919,0.983606
1920,1.10628
1921,1.03016
1922,0.815299
1923,0.816033
1924,0.922415
1925,1.64609
1926,0.868837
1927,0.846962
1928,0.920443
1929,0.738673
1930,1.17939
1931,0.754349
1932,0.704477
1933,0.732201
1934,0.971339
1935,0.738304
1936,1.37575
1937,0.646294
1938,1.37575
1939,1.2214
1940,1.67883
1941,0.608171
1942,0.794295
1943,1.35134
1944,1.04107
1945,1.502
1946,0.665844
1947,1.21288
1948,1.37314
1949,0.744829
1950,1.09556
1951,0.754953
1952,0.679635
1953,0.781063
1954,1.10539
1955,0.975954
1956,0.49027
1957,1.12243
1958,0.709638
1959,0.668914
1960,0.950459
1961,0.914681
1962,0.627194
1963,0.868663
1964,0.821437
1965,1.1768
1966,1.04424
1967,0.807914
1968,0.995048
1969,1.30434
1970,0.806138
1971,0.932384
1972,0.754198
1973,0.764602
1974,1.1535
1975,1.11049
1976,0.599176
1977,1.4887
1978,1.09238
1979,1.54419
1980,0.616621
1981,0.298197
1982,0.585611
1983,0.976061
1984,0.489584
1985,0.72354
1986,1.40046
1987,1.08747
1988,0.952829
1989,0.670521
1990,0.973118
1991,0.717846
1992,1.45078
1993,0.862431
1994,1.08438
1995,0.883203
1996,0.614037
1997,1.10497
1998,0.947337
1999,0.91945
2000,1.47197
2001,0.587605
2002,0.90312
2003,0.580596
2004,1.52898
2005,1.35676
2006,0.710988
2007,0.864763
2008,0.955042
2009,1.7498
2010,1.03805
2011,1.02266
2012,0.639352
2013,0.852229
2014,0.640312
2015,1.09347
2016,0.746097
2017,0.603928
2018,0.894849
2019,0.835855
2020,1.41185
2021,1.75804
2022,0.688115
2023,0.885768
2024,1.3875
2025,0.920747
2026,0.973819
2027,0.423374
2028,0.847555
2029,0.755633
2030,0.87197
2031,0.722961
2032,1.1275
2033,0.718636
2034,0.805896
2035,0.806864
2036,1.17715
2037,1.25157
2038,1.64378
2039,1.21555
2040,1.10482
2041,0.655996
2042,1.21385
2043,1.13519
2044,1.28082
2045,0.908328
2046,1.00569
2047,0.585845
2048,0.953467
2049,1.33003
2050,0.557719
2051,1.00089
2052,1.08893
2053,0.689975
2054,0.966862
2055,0.756843
2056,1.1076
2057,1.04854
2058,0.725206
2059,1.45397
2060,0.500774
2061,1.35866
2062,0.83502
2063,1.12221
2064,1.64609
2065,1.01749
2066,1.06285
2067,1.81104
2068,1.09084
2069,1.18353
2070,0.774684
2071,1.39822
2072,0.879238
2073,1.20575
2074,0.639992
2075,1.10319
2076,1.57082
2077,1.04928
2078,0.928217
2079,1.29266
2080,1.17916
2081,1.2857
2082,1.72668
2083,0.547606
2084,2.4056
2085,0.928765
2086,0.514531
2087,0.936637
2088,1.13009
2089,0.456074
2090,1.03865
2091,1.43462
2092,1.05944
2093,0.872232
2094,0.923283
2095,1.89515
2096,0.740078
2097,0.725641
2098,1.18554
2099,0.996005
2100,0.616621
2101,0.812369
2102,0.668914
2103,0.583857
2104,0.656587
2105,0.957931
2106,0.757297
2107,1.4127
2108,1.31167
2109,0.646682
2110,1.04036
2111,0.839709
2112,0.938821
2113,0.751714
2114,0.929508
2115,0.637118
2116,1.05118
2117,0.6023
2118,1.08054
2119,1.03835
2120,1.65054
2121,0.645261
2122,0.968264
2123,0.756389
2124,1.21994
2125,0.900595
2126,1.68776
2127,0.69385
2128,0.748862
2129,0.858817
2130,0.836859
2131,0.982859
2132,1.2821
2133,0.723033
2134,0.664447
2135,0.58943
2136,0.776002
2137,1.00819
2138,1.10794
2139,0.485925
2140,0.576488
2141,0.89476
2142,0.764831
2143,0.819878
2144,0.84747
2145,0.642685
2146,1.02623
2147,1.0397
2148,1.00975
2149,1.06361
2150,1.33817
2151,1.50968
2152,0.868402
2153,0.840381
2154,0.961068
2155,1.11182
2156,0.899155
2157,0.729497
2158,1.2203
2159,1.02581
2160,0.823493
2161,0.521524
2162,1.58852
2163,0.850781
2164,0.978827
2165,0.672872
2166,1.31351
2167,0.877481
2168,1.20744
2169,0.933103
2170,1.53772
2171,0.419287
2172,1.29447
2173,0.507784
2174,1.14374
2175,0.858902
2176,0.675299
2177,1.2084
2178,1.25709
2179,0.660737
2180,0.76155
2181,0.631347
2182,1.11449
2183,0.938146
2184,0.861914
2185,1.53741
2186,0.888074
2187,1.4881
2188,0.810341
2189,0.507733
2190,0.906749
2191,1.02626
2192,0.933168
2193,0.49253
2194,1.05557
2195,0.753444
2196,1.13985
2197,1.00534
2198,0.941708
2199,0.903481
2200,0.639416
2201,0.825637
2202,0.945955
2203,0.867188
2204,1.20998
2205,0.861225
2206,0.711842
2207,0.823246
2208,0.916072
2209,0.936262
2210,0.829859
2211,0.555937
2212,1.33563
2213,1.04516
2214,0.875202
2215,1.51573
2216,0.834102
2217,0.331211
2218,1.21373
2219,0.704125
2220,0.84434
2221,1.24745
2222,1.54172
2223,1.81068
2224,0.608414
2225,0.880205
2226,1.20262
2227,1.04231
2228,1.19901
2229,0.502681
2230,0.857101
2231,1.09814
2232,0.833685
2233,0.794693
2234,0.589312
2235,0.620705
2236,1.06495
2237,0.615882
2238,1.03904
2239,1.18922
2240,1.0104
2241,1.20599
2242,0.840885
2243,1.03504
2244,1.63297
2245,0.981062
2246,0.529882
2247,1.13383
2248,0.96357
2249,0.833435
2250,1.40382
2251,1.22287
2252,0.484518
2253,1.09842
2254,0.723974
2255,0.723612
2256,0.618598
2257,0.815789
2258,0.58485
2259,0.817177
2260,1.1983
2261,1.69774
2262,0.747217
2263,1.5874
2264,0.567225
2265,0.73705
2266,0.835772
2267,0.714052
2268,1.00985
2269,1.88532
2270,0.749237
2271,0.721228
2272,0.838953
2273,0.821191
2274,0.867101
2275,0.848403
2276,0.683656
2277,0.755935
2278,1.29421
2279,1.67716
2280,0.601698
2281,0.72325
2282,1.35459
2283,0.758813
2284,0.780048
2285,0.796522
2286,1.4249
2287,0.836357
2288,0.553109
2289,1.5168
2290,1.18471
2291,0.866667
2292,0.833518
2293,0.899874
2294,1.07313
2295,0.871273
2296,0.713766
2297,1.17304
2298,0.490515
2299,0.56203
2300,0.532592
2301,1.24098
2302,1.37644
2303,0.593273
2304,1.3704
2305,0.777245
2306,0.958841
2307,1.03075
2308,1.09497
2309,1.33176
2310,1.34017
2311,1.25408
2312,1.27099
2313,0.663385
2314,1.04965
2315,0.66671
2316,0.944301
2317,1.5014
2318,0.721517
2319,0.551177
2320,0.633244
2321,1.03431
2322,0.787887
2323,1.15004
2324,0.892883
2325,0.878359
2326,0.87494
2327,0.726149
2328,0.723757
2329,0.679363
2330,1.09831
2331,1.12942
2332,0.967722
2333,0.907275
2334,1.73221
2335,0.939516
2336,0.879326
2337,1.61624
2338,0.596426
2339,0.844678
2340,0.596366
2341,0.797718
2342,0.418407
2343,1.29914
2344,1.05171
2345,1.48083
2346,1.03162
2347,0.815299
2348,1.39097
2349,0.431408
2350,1.0633
2351,0.815055
2352,1.39473
2353,1.65516
2354,1.11182
2355,1.64641
2356,1.10021
2357,0.734768
2358,1.11338
2359,1.47197
2360,0.832352
2361,1.28904
2362,0.824564
2363,0.750137
2364,1.63215
2365,1.25634
2366,1.00756
2367,1.3741
2368,0.926881
2369,0.541669
2370,1.51862
2371,0.636863
2372,0.69684
2373,1.23244
2374,1.04912
2375,1.62629
2376,1.29563
2377,0.610791
2378,1.07915
2379,1.14396
2380,0.925455
2381,0.734621
2382,1.06956
2383,1.42063
2384,1.24682
2385,1.82449
2386,1.06993
2387,0.989031
2388,1.29421
2389,0.74759
2390,0.745426
2391,0.403774
2392,1.78283
2393,0.945851
2394,0.428356
2395,0.828449
2396,2.02243
2397,0.657244
2398,1.13849
2399,1.06388
2400,0.55744
2401,0.715267
2402,1.30395
2403,0.752165
2404,0.784428
2405,0.921383
2406,0.699143
2407,1.33069
2408,1.06546
2409,0.983645
2410,0.851547
2411,0.900685
2412,0.833851
2413,1.09866
2414,1.68102
2415,0.809855
2416,0.744978
2417,1.13803
2418,0.683315
2419,0.862
2420,0.744532
2421,1.19387
2422,1.92399
2423,0.641465
2424,1.07559
2425,0.730957
2426,0.521472
2427,1.14065
2428,1.14202
2429,0.365313
2430,0.822588
2431,1.18994
2432,1.46741
2433,0.786471
2434,0.883557
2435,1.18046
2436,1.0522
2437,1.09609
2438,0.689975
2439,1.00382
2440,1.54837
2441,0.647459
2442,0.819714
2443,0.557886
2444,1.14947
2445,0.800195
2446,1.18294
2447,1.01444
2448,1.66496
2449,1.49302
2450,1.03446
2451,0.969611
2452,0.984265
2453,0.90303
2454,0.739856
2455,1.12547
2456,0.977908
2457,0.709142
2458,0.891455
2459,1.51104
2460,0.605077
2461,1.60785
2462,0.457948
2463,1.18685
2464,0.835354
2465,0.999551
2466,0.754575
2467,0.615082
2468,0.899964
2469,1.02155
2470,0.782548
2471,1.1474
2472,0.885325
2473,0.98336
2474,0.744457
2475,1.34286
2476,1.11684
2477,0.600676
2478,1.0867
2479,1.02156
2480,0.865801
2481,0.619464
2482,0.801797
2483,0.854875
2484,1.2078
2485,1.22336
2486,0.684819
2487,1.22851
2488,0.607684
2489,0.596665
2490,0.784507
2491,0.592799
2492,1.15535
2493,0.542482
2494,0.536172
2495,0.953563
2496,1.49496
2497,0.546074
2498,1.11271
2499,0.863035
2500,1.03713
2501,0.747291
2502,1.24907
2503,0.854619
2504,0.917906
2505,0.814484
2506,1.14385
2507,0.798357
2508,0.775382
2509,1.11394
2510,1.16719
2511,1.385
2512,1.28788
2513,1.53265
2514,0.929982
2515,1.36889
2516,0.926844
2517,0.595056
2518,0.574819
2519,0.883203
2520,0.865715
2521,0.835103
2522,1.40579
2523,0.646424
2524,1.2766
2525,1.10694
2526,1.93518
2527,1.12356
2528,0.802599
2529,0.928811
2530,0.517679
2531,0.664181
2532,0.727312
2533,0.984679
2534,0.669115
2535,1.26985
2536,0.628701
2537,1.35013
2538,1.48587
2539,1.72375
2540,1.05527
2541,1.43821
2542,1.16311
2543,0.953725
2544,0.599715
2545,0.831271
2546,0.593036
2547,0.998039
2548,0.650965
2549,0.736755
2550,0.986995
2551,0.568701
2552,0.686808
2553,0.81172
2554,1.26099
2555,1.03337
2556,1.0715
2557,0.679499
2558,0.722527
2559,1.07626
2560,1.20732
2561,1.42447
2562,1.45179
2563,0.557106
2564,1.30669
2565,0.459737
2566,1.74473
2567,1.10583
2568,1.11807
2569,0.988576
2570,0.478404
2571,0.631852
2572,0.918962
2573,1.38002
2574,0.78036
2575,0.830108
2576,1.2789
2577,1.01247
2578,0.811801
2579,1.08184
2580,1.34044
2581,0.731982
2582,1.78997
2583,0.840549
2584,0.852996
2585,0.76575
2586,0.562142
2587,0.954966
2588,0.876253
2589,0.718852
2590,0.760941
2591,0.81302
2592,1.00575
2593,0.994386
2594,1.47713
2595,1.04221
2596,0.929582
2597,1.4987
2598,1.27328
2599,0.937086
2600,1.23701
2601,1.15419
2602,0.977565
2603,0.505605
2604,0.748488
2605,1.05327
2606,0.904204
2607,0.856672
2608,0.92502
2609,0.708787
2610,0.96603
2611,0.405271
2612,0.917603
2613,0.555104
2614,1.12592
2615,0.847724
2616,1.80128
2617,0.861914
2618,1.03971
2619,0.52545
2620,0.916686
2621,0.713837
2622,1.0865
2623,1.12592
2624,1.13168
2625,0.799955
2626,0.818403
2627,1.27762
2628,1.11371
2629,0.804608
2630,0.489877
2631,0.75707
2632,1.53572
2633,0.968613
2634,1.00599
2635,1.47491
2636,1.04889
2637,0.494405
2638,1.14065
2639,0.463059
2640,1.58487
2641,1.25684
2642,0.808156
2643,0.404299
2644,0.569612
2645,1.48974
2646,1.42276
2647,1.16369
2648,0.732714
2649,2.42735
2650,0.852996
2651,0.892704
2652,0.592147
2653,1.13985
2654,1.17269
2655,0.666044
2656,1.54558
2657,1.43233
2658,1.12795
2659,1.48023
2660,0.891544
2661,1.06066
2662,0.664912
2663,1.62726
2664,1.21519
2665,0.808318
2666,1.81848
2667,0.359874
2668,0.808237
2669,0.7226
2670,1.40172
2671,1.11728
2672,1.40889
2673,1.20466
2674,1.02174
2675,0.700333
2676,0.492924
2677,0.885414
2678,1.24085
2679,1.07696
2680,1.11818
2681,1.20527
2682,0.768973
2683,1.05262
2684,1.1814
2685,1.16311
2686,0.732714
2687,0.769357
2688,1.04545
2689,1.00838
2690,1.63902
2691,0.557775
2692,0.727821
2693,1.11672
2694,1.53005
2695,1.06765
2696,0.590196
2697,0.572181
2698,0.954297
2699,1.01931
2700,1.3918
2701,1.06186
2702,1.30213
2703,0.73993
2704,0.727312
2705,0.960261
2706,0.955137
2707,1.01522
2708,1.43118
2709,2.19789
2710,0.779892
2711,0.667177
2712,1.09229
2713,1.98298
2714,0.774219
2715,1.02691
2716,1.65732
2717,1.0319
2718,1.31864
2719,1.33817
2720,1.50471
2721,0.880205
2722,0.571723
2723,0.720867
2724,1.06624
2725,0.723033
2726,1.0776
2727,0.801877
2728,0.890386
2729,1.13055
2730,0.631284
2731,0.862776
2732,0.733814
2733,0.95887
2734,1.69723
2735,1.61511
2736,1.01489
2737,0.894134
2738,0.659482
2739,0.776313
2740,0.586197
2741,1.06446
2742,1.1971
2743,1.13598
2744,0.33689
2745,0.751112
2746,0.860966
2747,0.539615
2748,0.891099
2749,0.515509
2750,1.18602
2751,1.15882
2752,0.548976
2753,0.742004
2754,1.08056
2755,1.2049
2756,1.05902
2757,1.35391
2758,0.626692
2759,0.777089
2760,1.5594
2761,1.80074
2762,0.704618
2763,0.928217
2764,0.833018
2765,1.41737
2766,0.714838
2767,0.991625
2768,0.946409
2769,1.21058
2770,1.19113
2771,0.889585
2772,1.52196
2773,1.75453
2774,0.674084
2775,0.836775
2776,1.30944
2777,0.888163
2778,0.797798
2779,0.676989
2780,0.56819
2781,1.10816
2782,1.21252
2783,0.959791
2784,0.943508
2785,1.69114
2786,1.15847
2787,1.00913
2788,0.685642
2789,0.752842
2790,0.940908
2791,1.43994
2792,1.52196
2793,0.866667
2794,1.37108
2795,1.04841
2796,1.09831
2797,0.694544
2798,1.42561
2799,1.9515
2800,0.752014
2801,1.36588
2802,1.8223
2803,1.08042
2804,0.737492
2805,0.857186
2806,1.07384
2807,0.604412
2808,0.768665
2809,0.822177
2810,1.51286
2811,1.32273
2812,1.23294
2813,0.89682
2814,1.07754
2815,0.966224
2816,0.707371
2817,0.939667
2818,1.33202
2819,0.721661
2820,1.49063
2821,2.03033
2822,0.653051
2823,1.50863
2824,0.988714
2825,1.43893
2826,1.22409
2827,1.0608
2828,0.658033
2829,1.27074
2830,0.900865
2831,1.04608
2832,2.16387
2833,1.35785
2834,0.967819
2835,1.747
2836,0.700683
2837,1.08558
2838,0.981052
2839,0.627633
2840,0.814077
2841,1.06505
2842,0.60811
2843,0.731762
2844,0.917714
2845,0.838283
2846,0.727457
2847,1.36302
2848,0.494109
2849,1.39794
2850,0.736902
2851,0.961481
2852,0.7598
2853,1.27749
2854,0.788203
2855,0.763074
2856,0.746171
2857,1.13372
2858,0.800755
2859,0.845946
2860,0.6472
2861,1.98675
2862,0.586021
2863,0.566431
2864,0.785606
2865,1.07178
2866,0.911412
2867,0.568758
2868,1.05098
2869,0.802358
2870,0.887187
2871,0.753444
2872,0.922277
2873,1.15731
2874,0.970776
2875,0.645907
2876,1.04754
2877,1.14419
2878,0.885591
2879,1.43749
2880,0.529512
2881,1.48305
2882,0.917989
2883,0.986926
2884,0.71177
2885,1.41044
2886,1.3046
2887,1.01817
2888,0.719211
2889,1.13906
2890,1.23924
2891,0.559227
2892,0.907429
2893,0.80751
2894,0.560178
2895,0.864936
2896,0.477066
2897,0.564565
2898,0.791124
2899,1.63886
2900,1.00202
2901,0.995379
2902,0.547989
2903,0.725133
2904,1.00646
2905,0.610486
2906,0.82374
2907,0.921963
2908,0.960626
2909,1.45688
2910,1.56753
2911,0.87713
2912,1.12987
2913,1.4829
2914,0.843496
2915,1.21701
2916,1.1721
2917,0.822177
2918,0.712554
2919,1.07609
2920,1.39487
2921,0.700683
2922,1.08863
2923,1.12536
2924,0.971018
2925,1.54837
2926,0.461211
2927,0.861225
2928,0.656587
2929,1.10218
2930,1.06045
2931,1.18128
2932,0.858645
2933,0.491153
2934,1.54868
2935,0.911722
2936,0.608718
2937,1.09339
2938,0.684683
2939,0.9095
2940,1.55535
2941,1.44701
2942,0.994749
2943,1.15812
2944,0.988773
2945,1.87124
2946,1.12288
2947,0.785449
2948,1.72737
2949,0.898166
2950,0.87713
2951,1.53618
2952,0.355226
2953,0.599955
2954,0.694127
2955,0.901225
2956,0.799715
2957,0.824317
2958,1.00669
2959,0.81914
2960,0.778022
2961,0.365313
2962,1.25709
2963,1.21531
2964,0.582515
2965,0.687289
2966,1.29953
2967,1.08582
2968,0.687908
2969,1.40467
2970,1.52638
2971,0.710846
2972,1.33256
2973,0.781297
2974,0.945218
2975,0.8063
2976,1.21921
2977,1.26985
2978,0.627256
2979,0.737861
2980,1.26884
2981,1.54435
2982,0.809693
2983,1.18625
2984,0.808399
2985,1.04395
2986,1.11717
2987,0.961712
2988,0.875115
2989,1.09757
2990,0.688596
2991,0.763456
2992,0.673343
2993,1.11583
2994,1.17246
2995,0.521107
2996,0.809531
2997,0.594461
2998,1.33162
2999,1.19662
3000,1.09811
3001,0.901766
3002,0.44557
3003,0.842063
3004,1.13587
3005,0.861741
3006,0.607137
3007,0.621326
3008,0.868576
3009,0.652007
3010,0.878974
3011,0.942311
3012,1.52944
3013,2.50628
3014,1.1916
3015,0.782313
3016,0.697397
3017,0.78036
3018,0.870837
3019,1.00773
3020,0.679567
3021,0.905688
3022,0.777945
3023,1.14225
3024,0.849251
3025,0.928644
3026,0.605137
3027,1.2517
3028,0.373514
3029,1.41058
3030,1.05173
3031,0.703702
3032,2.01053
3033,0.782157
3034,1.5445
3035,0.689699
3036,2.03643
3037,0.68311
3038,0.990924
3039,0.614959
3040,1.25045
3041,1.1361
3042,1.23862
3043,0.609449
3044,1.21252
3045,0.999786
3046,0.90303
3047,1.38279
3048,0.94605
3049,0.770743
3050,0.791362
3051,1.10181
3052,1.09993
3053,0.634511
3054,1.69401
3055,0.946126
3056,0.825802
3057,1.10617
3058,0.596307
3059,0.700263
3060,0.622321
3061,1.29201
3062,1.35391
3063,0.593867
3064,1.09241
3065,0.976305
3066,2.71747
3067,0.701805
3068,0.737345
3069,0.729643
3070,0.948627
3071,0.88232
3072,0.993563
3073,0.547277
3074,0.881174
3075,1.32445
3076,0.989634
3077,0.515458
3078,0.786471
3079,1.26352
3080,0.46538
3081,0.508292
3082,0.871447
3083,0.596009
3084,1.37603
3085,0.926863
3086,1.02036
3087,0.590255
3088,1.29992
3089,0.551728
3090,1.04392
3091,0.583623
3092,0.962193
3093,1.34972
3094,0.80276
3095,0.74245
3096,1.08276
3097,0.756843
3098,1.15108
3099,0.651095
3100,0.889496
3101,1.12772
3102,1.80507
3103,0.628449
3104,0.989763
3105,0.431883
3106,1.41807
3107,1.02895
3108,0.812207
3109,0.638266
3110,0.890119
3111,0.691356
3112,1.21957
3113,1.1859
3114,1.48899
3115,0.658231
3116,1.45049
3117,0.59268
3118,0.58019
3119,1.06165
3120,0.859676
3121,1.05203
3122,0.509106
3123,1.15142
3124,1.53281
3125,1.0182
3126,1.48528
3127,0.661795
3128,1.64938
3129,1.06113
3130,0.634892
3131,1.18341
3132,1.01911
3133,0.839205
3134,0.468743
3135,1.19113
3136,1.31877
3137,0.492038
3138,2.5628
3139,0.786549
3140,0.97414
3141,0.70624
3142,1.24346
3143,1.00289
3144,0.999592
3145,0.823658
3146,1.30813
3147,0.761854
3148,1.0146
3149,0.697816
3150,1.01791
3151,0.653116
3152,1.51998
3153,0.689216
3154,1.42789
3155,0.842232
3156,0.700052
3157,1.38833
3158,0.760408
3159,1.0162
3160,0.834018
3161,1.55317
3162,0.891901
3163,0.635464
3164,0.520742
3165,0.857701
3166,0.738156
3167,0.920397
3168,0.848827
3169,1.41016
3170,1.23986
3171,0.928718
3172,0.798836
3173,0.750662
3174,0.755784
3175,1.30018
3176,1.49691
3177,1.37671
3178,0.550791
3179,1.10031
3180,1.08825
3181,0.673141
3182,0.778645
3183,1.14843
3184,0.94167
3185,1.49138
3186,1.06211
3187,1.12569
3188,0.681881
3189,0.672334
3190,0.694891
3191,0.783174
3192,1.42219
3193,0.647524
3194,0.869271
3195,1.06907
3196,0.423416
3197,0.700753
3198,1.08755
3199,0.748413
3200,0.9495
3201,1.00095
3202,0.726294
3203,1.07058
3204,0.72957
3205,0.705534
3206,1.36138
3207,1.08518
3208,0.929712
3209,1.12356
3210,1.20202
3211,0.628198
3212,1.08924
3213,1.46228
3214,1.4027
3215,1.19148
3216,1.36602
3217,0.586431
3218,1.01985
3219,0.900775
3220,0.999356
3221,0.770435
3222,1.08236
3223,0.784428
3224,0.97031
3225,0.735283
3226,0.889941
3227,1.41935
3228,0.818731
3229,0.534833
3230,1.34366
3231,1.04762
3232,0.548647
3233,0.659944
3234,1.30278
3235,1.78015
3236,1.47329
3237,1.34743
3238,1.10617
3239,0.905118
3240,0.558389
3241,0.47114
3242,0.528507
3243,0.684135
3244,1.16766
3245,0.685985
3246,0.761626
3247,1.19626
3248,0.699213
3249,0.440211
3250,0.98062
3251,0.783958
3252,0.883822
3253,0.833185
3254,0.898616
3255,1.13758
3256,0.816115
3257,1.15096
3258,0.931341
3259,0.907438
3260,0.838366
3261,0.845523
3262,1.88156
3263,1.00457
3264,1.02727
3265,0.83502
3266,0.609023
3267,0.798357
3268,1.99232
3269,0.998868
3270,0.628512
3271,0.658362
3272,1.56565
3273,0.716842
3274,1.0074
3275,0.860192
3276,1.19973
3277,0.719283
3278,1.03616
3279,1.3527
3280,0.598098
3281,1.1344
3282,0.796921
3283,0.640504
3284,1.64099
3285,0.817504
3286,0.577989
3287,0.628764
3288,1.07881
3289,0.780126
3290,0.827869
3291,1.00405
3292,1.20877
3293,0.455299
3294,0.981199
3295,1.45907
3296,0.717129
3297,0.93673
3298,0.591141
3299,0.468368
3300,0.984639
3301,0.592088
3302,0.737935
3303,0.75707
3304,0.959608
3305,0.566884
3306,0.445214
3307,0.718708
3308,0.946996
3309,2.07674
3310,1.03569
3311,1.41722
3312,0.521524
3313,0.844678
3314,0.5498
3315,0.780516
3316,1.54759
3317,0.510635
3318,0.713338
3319,0.945293
3320,0.994541
3321,1.34528
3322,0.634385
3323,1.08921
3324,2.11214
3325,0.97613
3326,0.565186
3327,0.650119
3328,0.897628
3329,0.965084
3330,0.684477
3331,0.626817
3332,1.28415
3333,0.525765
3334,1.16754
3335,0.83845
3336,1.31969
3337,0.774839
3338,1.22458
3339,0.691356
3340,0.997858
3341,1.60127
3342,1.70063
3343,0.860622
3344,1.29758
3345,0.697258
3346,0.517731
3347,1.08344
3348,0.782939
3349,0.740226
3350,0.495444
3351,1.05747
3352,0.639288
3353,0.510584
3354,0.880469
3355,0.987746
3356,0.92188
3357,2.20516
3358,0.714552
3359,1.13655
3360,0.755859
3361,0.952972
3362,1.54697
3363,1.20575
3364,1.33496
3365,0.499924
3366,0.728404
3367,0.88568
3368,0.872843
3369,0.82572
3370,1.19017
3371,1.02495
3372,0.92576
3373,0.806461
3374,1.28249
3375,0.93176
3376,0.879326
3377,0.683383
3378,1.15812
3379,1.0546
3380,1.31508
3381,0.710917
3382,0.736608
3383,0.660274
3384,0.638969
3385,1.262
3386,1.30944
3387,1.59568
3388,0.490907
3389,0.982102
3390,1.20998
3391,1.27303
3392,0.959484
3393,0.400196
3394,0.975437
3395,1.55255
3396,0.891099
3397,0.601096
3398,1.08166
3399,0.672334
3400,0.800915
3401,1.22618
3402,0.835103
3403,0.954517
3404,0.576316
3405,0.936946
3406,0.957222
3407,1.00511
3408,0.587605
3409,1.96718
3410,0.965721
3411,1.38002
3412,0.917301
3413,0.767053
3414,0.722383
3415,1.37685
3416,0.749462
3417,1.73968
3418,0.805816
3419,1.00147
3420,0.641273
3421,0.965663
3422,0.939019
3423,0.857015
3424,0.489045
3425,1.0786
3426,0.79255
3427,1.10264
3428,0.732714
3429,0.526239
3430,0.434178
3431,1.0748
3432,1.18093
3433,0.934223
3434,1.20442
3435,0.776701
3436,1.26972
3437,0.971679
3438,0.996397
3439,0.743713
3440,1.15731
3441,0.765443
3442,0.728695
3443,0.920802
3444,1.1203
3445,1.61107
3446,1.155
3447,0.646553
3448,1.12255
3449,1.43462
3450,0.899784
3451,1.6056
3452,0.649534
3453,0.607623
3454,1.12738
3455,0.839457
3456,0.816523
3457,1.2043
3458,1.08856
3459,0.701103
3460,0.689837
3461,1.05618
3462,0.678277
3463,0.856843
3464,0.717846
3465,0.803402
3466,0.759648
3467,1.15535
3468,1.16988
3469,2.1806
3470,1.2186
3471,0.674489
3472,0.54433
3473,1.20852
3474,0.504342
3475,1.61672
3476,1.90294
3477,1.32194
3478,0.744606
3479,0.863639
3480,0.697816
3481,0.573097
3482,0.819632
3483,0.964698
3484,1.06934
3485,0.703702
3486,0.637182
3487,0.898975
3488,0.785527
3489,1.29486
3490,0.803884
3491,1.02234
3492,1.34743
3493,1.42006
3494,1.09611
3495,0.807187
3496,1.11896
3497,0.832602
3498,1.19542
3499,0.811963
3500,1.20816
