ReTr(L),ImTr(L)
-0.120159,0.97565
-0.230757,0.958475
-0.203162,0.965125
-0.26368,0.951292
-0.26368,0.951292
-0.275568,0.945825
-0.380253,0.9107
-0.407126,0.89815
-0.410888,0.892567
-0.457294,0.87155
-0.411417,0.8961
-0.410468,0.899983
-0.391798,0.906875
-0.315182,0.937708
-0.311526,0.938175
-0.373802,0.913992
-0.231633,0.958367
-0.239832,0.957983
-0.298557,0.941575
-0.397157,0.904217
-0.420953,0.893383
-0.454557,0.87755
-0.325452,0.932408
-0.234188,0.959517
-0.110111,0.980567
0.0551246,0.987658
0.133404,0.979892
0.0495219,0.988333
0.0427453,0.986733
0.0231891,0.983767
0.0953558,0.981467
0.295466,0.939775
0.373221,0.914175
0.45577,0.876
0.40665,0.90035
0.40665,0.90035
0.349106,0.924417
0.317458,0.934217
0.330228,0.931042
0.287254,0.943733
0.394778,0.907733
0.393805,0.905108
0.412311,0.896317
0.487641,0.856875
0.53918,0.828149
0.586587,0.79397
0.509466,0.845017
0.517702,0.841242
0.561836,0.812438
0.427473,0.889517
0.544782,0.824528
0.376007,0.915025
0.43172,0.886008
0.501241,0.844158
0.501241,0.844158
0.414504,0.894458
0.296398,0.9439
0.316123,0.9358
0.302883,0.940183
0.413782,0.897975
0.435478,0.887575
0.483473,0.857042
0.293874,0.942683
0.413674,0.898817
0.305211,0.94055
0.410756,0.897808
0.574217,0.803274
0.591725,0.78891
0.660263,0.731952
0.664145,0.727819
0.637772,0.751591
0.670891,0.722688
0.670891,0.722688
0.554131,0.814024
0.530713,0.831422
0.530713,0.831422
0.529301,0.832304
0.604524,0.777726
0.604524,0.777726
0.604524,0.777726
0.615068,0.768137
0.615068,0.768137
0.642324,0.751766
0.686678,0.705356
0.608573,0.777126
0.603942,0.783005
0.491097,0.854242
0.491097,0.854242
0.491097,0.854242
0.628642,0.76431
0.593143,0.787035
0.520697,0.837325
0.417987,0.894633
0.493058,0.854742
0.386329,0.908175
0.375955,0.912575
0.3477,0.924192
0.348156,0.925075
0.348156,0.925075
0.324625,0.9317
0.308977,0.934642
0.286272,0.944408
0.392994,0.906167
0.37522,0.913583
0.37522,0.913583
0.413519,0.899983
0.482396,0.858725
0.555315,0.812724
0.555315,0.812724
0.552567,0.816187
0.640065,0.751181
0.558728,0.814576
0.558728,0.814576
0.617172,0.766122
0.631307,0.750869
0.601569,0.780737
0.556408,0.814973
0.458415,0.873092
0.407682,0.898258
0.536568,0.827698
0.456714,0.876583
0.456714,0.876583
0.398245,0.901567
0.487772,0.8614
0.521153,0.838767
0.521153,0.838767
0.586713,0.795933
0.604867,0.780285
0.649032,0.745959
0.589263,0.790517
0.568172,0.80925
0.640868,0.753538
0.581724,0.79788
0.581724,0.79788
0.638509,0.753395
0.638509,0.753395
0.636815,0.751907
0.701742,0.694631
0.776173,0.615564
0.837742,0.51938
0.640625,0.753815
0.640625,0.753815
0.50692,0.844008
0.388276,0.908825
0.295897,0.943683
0.330385,0.93045
0.300287,0.941758
0.40591,0.900642
0.410997,0.898983
0.428142,0.890158
0.428142,0.890158
0.353671,0.9223
0.587817,0.793861
0.599562,0.78181
0.547493,0.820415
0.699743,0.69685
0.670745,0.726626
0.592398,0.789268
0.682803,0.712057
0.739208,0.654054
0.696898,0.697569
0.745899,0.64852
0.582504,0.796698
0.596608,0.784298
0.609401,0.774886
0.609401,0.774886
0.609401,0.774886
0.489669,0.857067
0.489669,0.857067
0.471747,0.865858
0.63576,0.754927
0.683882,0.708702
0.695051,0.697468
0.636738,0.754178
0.633881,0.755049
0.566951,0.805474
0.439323,0.882833
0.434208,0.886983
0.460626,0.874683
0.341948,0.924
0.271934,0.951008
0.316045,0.937833
0.258527,0.952983
0.174015,0.969067
0.29918,0.942625
0.313098,0.936192
0.347591,0.924267
0.421117,0.889158
0.444818,0.880233
0.444818,0.880233
0.45067,0.878042
0.343622,0.925475
0.423455,0.8925
0.359178,0.919075
0.499325,0.850892
0.551034,0.819816
0.462428,0.872308
0.435192,0.885625
0.471309,0.865275
0.480596,0.863417
0.367088,0.916792
0.231659,0.958683
0.245876,0.953158
0.172991,0.970683
0.172991,0.970683
0.236288,0.958175
0.236288,0.958175
0.129502,0.978158
0.06788,0.984967
-0.0768448,0.983483
-0.0684053,0.9867
0.131917,0.979583
0.281341,0.949342
0.214742,0.963683
0.214742,0.963683
0.117373,0.978267
0.0962575,0.980975
0.196791,0.968467
0.173302,0.970242
0.105943,0.979908
0.113154,0.979367
0.228393,0.957417
0.338052,0.927208
0.379947,0.908758
0.460831,0.874067
0.515572,0.840867
0.491209,0.856233
0.577265,0.800109
0.571892,0.804233
0.536872,0.82792
0.536872,0.82792
0.401954,0.90115
0.389102,0.905892
0.398602,0.903058
0.377511,0.912075
0.468317,0.87
0.487032,0.860767
0.491054,0.856042
0.497961,0.854833
0.603694,0.781199
0.510369,0.845683
0.513931,0.843333
0.666913,0.727183
0.639838,0.745702
0.640302,0.751342
0.640302,0.751342
0.640302,0.751342
0.635976,0.753214
0.668574,0.724883
0.608368,0.773027
0.636953,0.751344
0.740986,0.650406
0.703804,0.691976
0.850408,0.502601
0.843117,0.51012
0.843117,0.51012
0.813603,0.557683
0.791199,0.587007
0.758215,0.630328
0.748918,0.638822
0.645393,0.749198
0.527633,0.833775
0.5257,0.834575
0.555677,0.816512
0.600618,0.784308
0.600618,0.784308
0.7374,0.656789
0.694931,0.701153
0.801589,0.576823
0.678524,0.715102
0.762433,0.623357
0.762433,0.623357
0.765185,0.621257
0.760929,0.627692
0.740631,0.651413
0.773718,0.612885
0.808664,0.56237
0.876058,0.455399
0.826722,0.537477
0.760263,0.626296
0.714513,0.676121
0.714513,0.676121
0.698019,0.69724
0.780743,0.605245
0.848158,0.50709
0.877533,0.448372
0.877533,0.448372
0.865692,0.472713
0.901208,0.403743
0.875617,0.45429
0.851967,0.49975
0.856975,0.494379
0.895483,0.417632
0.907683,0.380126
0.890775,0.418408
0.890775,0.418408
0.899667,0.406829
0.874233,0.451393
0.874233,0.451393
0.904208,0.395534
0.925017,0.347928
0.923083,0.352423
0.952075,0.261413
0.972767,0.168562
0.960633,0.226213
0.948817,0.264257
0.959358,0.229018
0.906,0.395423
0.9068,0.390573
0.92525,0.345484
0.912033,0.378837
0.867917,0.470429
0.837208,0.523855
0.836067,0.528683
0.836067,0.528683
0.892958,0.42319
0.862458,0.480224
0.862492,0.481741
0.862492,0.481741
0.857967,0.491947
0.889275,0.426118
0.834942,0.527565
0.860708,0.482315
0.841708,0.517474
0.781249,0.609585
0.714082,0.682544
0.714082,0.682544
0.796013,0.581735
0.836192,0.528385
0.836192,0.528385
0.801029,0.578217
0.799226,0.580493
0.828015,0.541047
0.78795,0.590683
0.769609,0.620573
0.88785,0.437093
0.90255,0.397918
0.905092,0.391043
0.905092,0.391043
0.849683,0.504073
0.92845,0.334747
0.9608,0.229513
0.9608,0.229513
0.9608,0.229513
0.942325,0.287937
0.973808,0.169366
0.938008,0.309832
0.947075,0.269173
0.9703,0.182763
0.979067,0.124604
0.984175,-0.00403033
0.982683,-0.0261939
0.977258,-0.115992
0.938733,-0.312263
0.941392,-0.295145
0.946525,-0.283552
0.9715,-0.175707
0.947858,-0.271384
0.960308,-0.232712
0.972692,-0.145172
0.967617,-0.192523
0.944875,-0.290022
0.895425,-0.404701
0.846467,-0.504101
0.846467,-0.504101
0.865283,-0.479637
0.873942,-0.457656
0.895058,-0.41697
0.887508,-0.431265
0.784793,-0.598409
0.814484,-0.555819
0.84245,-0.513302
0.878617,-0.451002
0.878617,-0.451002
0.807061,-0.567148
0.763642,-0.625243
0.700305,-0.696807
0.63289,-0.757105
0.700524,-0.690762
0.77082,-0.617756
0.770003,-0.617811
0.754424,-0.636912
0.736657,-0.657476
0.826785,-0.543318
0.75403,-0.636687
0.590753,-0.788134
0.590753,-0.788134
0.72171,-0.673352
0.636758,-0.751959
0.588204,-0.791684
0.630412,-0.762828
0.719648,-0.669924
0.685326,-0.70976
0.685326,-0.70976
0.745227,-0.648184
0.700148,-0.697061
0.718972,-0.673609
0.718972,-0.673609
0.637903,-0.749293
0.675933,-0.718017
0.635995,-0.752582
0.594435,-0.787022
0.526671,-0.835008
0.55037,-0.819257
0.502409,-0.848
0.538464,-0.827313
0.626557,-0.760402
0.701379,-0.693214
0.741731,-0.650154
0.808758,-0.565142
0.835458,-0.522521
0.874717,-0.457975
0.846825,-0.508384
0.943992,-0.293781
0.968133,-0.173627
0.986008,-0.0560336
0.985967,0.0329284
0.976733,0.143755
0.956642,0.245438
0.970583,0.180506
0.960642,0.225035
0.985675,0.0641572
0.978367,0.128086
0.978367,0.128086
0.986408,0.0847425
0.987142,-0.0190443
0.987142,-0.0190443
0.984192,0.0564066
0.9747,0.148103
0.98655,0.0460383
0.987125,-0.0162912
0.9826,-0.0812537
0.980983,-0.107778
0.986417,-0.065634
0.985517,0.0522942
0.9853,0.0788222
0.985325,0.0726612
0.983142,0.107976
0.98105,0.12133
0.98105,0.12133
0.957425,0.248682
0.967825,0.193932
0.967042,0.190298
0.977325,0.141889
0.970917,0.176353
0.982875,0.0472202
0.988525,-0.0176376
0.985733,-0.0547718
0.979908,-0.125786
0.982275,0.0783922
0.983283,0.0608023
0.973183,0.146248
0.977742,0.118013
0.980175,0.117411
0.968183,0.187808
0.96105,0.227472
0.946525,0.284561
0.988175,0.0535794
0.979583,0.125457
0.981283,0.132288
0.981075,0.117756
0.986333,-0.0222467
0.985083,0.0365023
0.973208,0.174872
0.941842,0.285659
0.976333,0.13354
0.976333,0.13354
0.978383,0.114659
0.973233,0.146517
0.973233,0.146517
0.947725,0.274794
0.92005,0.354652
0.867333,0.472828
0.789514,0.582954
0.870525,0.457845
0.870525,0.457845
0.821433,0.541057
0.821433,0.541057
0.801685,0.572051
0.757047,0.635893
0.726177,0.667204
0.642334,0.748655
0.580374,0.798269
0.654625,0.737523
0.643312,0.746894
0.643312,0.746894
0.60696,0.774247
0.5699,0.803572
0.5699,0.803572
0.634871,0.748314
0.634871,0.748314
0.690728,0.701698
0.781763,0.604172
0.748141,0.643358
0.676408,0.718587
0.654863,0.741637
0.616586,0.764937
0.674921,0.719629
0.743669,0.649032
0.64511,0.748215
0.534377,0.832525
0.569113,0.806148
0.569113,0.806148
0.505966,0.846542
0.55267,0.817778
0.408437,0.896592
0.395305,0.904258
0.395305,0.904258
0.395305,0.904258
0.499335,0.852708
0.588268,0.797038
0.448807,0.881775
0.47031,0.869617
0.394049,0.904633
0.394049,0.904633
0.328466,0.931442
0.348742,0.923725
0.21909,0.9639
0.204616,0.964025
0.227612,0.958683
0.153478,0.974442
0.23194,0.95945
0.304277,0.941467
0.211888,0.964675
0.361637,0.917425
0.288399,0.944442
0.323254,0.931092
0.264033,0.950942
0.264033,0.950942
0.345676,0.923758
0.460685,0.874392
0.319877,0.934733
0.457658,0.874275
0.495188,0.855033
0.477542,0.8632
0.53271,0.831217
0.616753,0.767872
0.605067,0.779575
0.587263,0.793438
0.482394,0.862583
0.482685,0.862492
0.482685,0.862492
0.583215,0.794572
0.65126,0.74168
0.538386,0.824791
0.485595,0.859917
0.485595,0.859917
0.552434,0.814761
0.404143,0.9033
0.301684,0.938742
0.360951,0.918175
0.355592,0.921983
0.355592,0.921983
0.346891,0.924867
0.11964,0.981292
0.208681,0.967767
0.226343,0.961725
0.191639,0.967342
0.347814,0.923475
0.202568,0.965392
0.292537,0.943558
0.398678,0.904875
0.491208,0.860125
0.489127,0.856458
0.489127,0.856458
0.356685,0.920775
0.396402,0.9055
0.305097,0.938242
0.305097,0.938242
0.385294,0.912192
0.385294,0.912192
0.385162,0.910283
0.251631,0.9547
0.272324,0.9477
0.272446,0.948458
0.272446,0.948458
0.202137,0.967175
0.208727,0.96205
0.118727,0.980633
0.240706,0.95505
0.240706,0.95505
0.265248,0.951375
0.256662,0.953208
0.539835,0.825762
0.580777,0.795203
0.581908,0.796123
0.597229,0.78632
0.597229,0.78632
0.590562,0.791193
0.567106,0.806487
0.511861,0.8432
0.511861,0.8432
0.485975,0.859358
0.561193,0.812501
0.561193,0.812501
0.635158,0.756404
0.435912,0.885208
0.407732,0.897117
0.417687,0.893608
0.452825,0.877717
0.452825,0.877717
0.422567,0.8893
0.41928,0.893367
0.434162,0.889242
0.329092,0.932925
0.353103,0.922767
0.340056,0.92705
0.366972,0.917583
0.218319,0.961133
0.218319,0.961133
0.133493,0.97575
0.188884,0.968642
0.0774476,0.98045
0.158849,0.971267
0.158849,0.971267
0.174719,0.97185
0.133117,0.981683
0.0570068,0.984525
0.1681,0.974
0.14963,0.977242
0.15844,0.97395
0.166648,0.971042
0.166648,0.971042
0.166648,0.971042
0.0624648,0.981308
0.0502695,0.9846
0.0502695,0.9846
0.100873,0.981867
0.118798,0.981208
0.0604456,0.98455
0.0589291,0.98675
0.0589291,0.98675
0.346961,0.923525
0.359196,0.920133
0.258997,0.949875
0.173475,0.970092
0.146662,0.97725
0.146662,0.97725
0.129374,0.978758
0.120443,0.977058
0.120069,0.979967
0.120069,0.979967
-0.0320001,0.987092
-0.0320001,0.987092
0.00113977,0.987367
0.109552,0.980108
0.15313,0.97785
0.135335,0.979267
0.135335,0.979267
0.308435,0.934375
0.313799,0.936525
0.301815,0.937767
0.483288,0.862967
0.549202,0.820172
0.493158,0.858683
0.589557,0.793438
0.630817,0.762987
0.587395,0.793588
0.499625,0.848633
0.537205,0.827276
0.570924,0.809157
0.444398,0.879492
0.541345,0.826836
0.440616,0.882525
0.217852,0.961292
0.320751,0.935533
0.368873,0.914608
0.368873,0.914608
0.433269,0.886658
0.436837,0.88785
0.436837,0.88785
0.456939,0.877883
0.481578,0.864792
0.550294,0.822022
0.561307,0.810316
0.55669,0.813787
0.55669,0.813787
0.55669,0.813787
0.562638,0.809598
0.48952,0.85735
0.614487,0.774658
0.555992,0.815163
0.513643,0.843025
0.513643,0.843025
0.491753,0.857667
0.491753,0.857667
0.337992,0.92835
0.250723,0.955233
0.0436321,0.987833
0.0436321,0.987833
-0.0522883,0.984425
0.00375317,0.987383
0.0675529,0.984725
0.193793,0.966133
0.204911,0.965
0.204911,0.965
0.233178,0.959467
0.348252,0.922617
0.348252,0.922617
0.219123,0.962225
0.237016,0.9565
0.282988,0.944625
0.391588,0.902267
0.566753,0.807338
0.505254,0.847108
0.480079,0.863925
0.454745,0.874008
0.526151,0.8336
0.468257,0.868317
0.378956,0.907
0.446885,0.8785
0.446885,0.8785
0.559653,0.814981
0.559653,0.814981
0.441985,0.879367
0.43621,0.886592
0.514232,0.844733
0.599855,0.784589
0.599855,0.784589
0.599855,0.784589
0.576441,0.801288
0.602461,0.778113
0.602461,0.778113
0.355481,0.919058
0.235948,0.959917
0.235948,0.959917
0.153578,0.976508
0.268283,0.949325
0.310997,0.935558
0.435,0.884067
0.435,0.884067
0.435,0.884067
0.441879,0.884108
0.495253,0.852342
0.484731,0.861217
0.502971,0.848775
0.521385,0.835708
0.492744,0.853392
0.492744,0.853392
0.385353,0.909292
0.477282,0.863733
0.60811,0.777188
0.60811,0.777188
0.662029,0.733083
0.741868,0.651746
0.715547,0.680773
0.715547,0.680773
0.848025,0.506898
0.783728,0.604137
0.803463,0.576563
0.803463,0.576563
0.844683,0.51303
0.77103,0.616668
0.88365,0.433967
0.846908,0.505115
0.822717,0.549191
0.822717,0.549191
0.854767,0.492498
0.854767,0.492498
0.874442,0.456283
0.934933,0.319443
0.981033,0.0941533
0.9676,0.204367
0.967033,0.190352
0.987233,0.0729753
0.987475,0.000631282
0.987475,0.000631282
0.986858,-0.0561993
0.982433,0.0937392
0.986692,-0.0234339
0.98455,0.0703356
0.988533,0.0279356
0.979617,0.103084
0.987042,0.0634825
0.9853,0.0712682
0.98615,0.0398854
0.972208,0.154531
0.972783,0.162307
0.978408,0.118843
0.981992,0.112093
0.982958,0.0900975
0.987742,0.00585749
0.98715,0.0418534
0.979692,-0.131393
0.988975,0.0266058
0.967892,0.200027
0.967892,0.200027
0.967892,0.200027
0.970025,0.186754
0.982217,0.0914025
0.977733,0.146793
0.973133,0.159124
0.96685,0.19986
0.955867,0.249348
0.955867,0.249348
0.893917,0.409966
0.967567,0.197128
0.949642,0.266786
0.949642,0.266786
0.969608,0.191903
0.962733,0.220378
0.983092,0.0943408
0.98185,0.100106
0.986417,0.0665266
0.983525,0.0898833
0.981442,0.0976267
0.952133,0.263118
0.924058,0.349895
0.924058,0.349895
0.947758,0.273039
0.94815,0.274943
0.94815,0.274943
0.959542,0.228607
0.972575,0.182689
0.972575,0.182689
0.972575,0.182689
0.984275,0.0807929
0.984275,0.0807929
0.98185,-0.111284
0.981758,-0.0650866
0.9787,0.106223
0.987233,-0.0104105
0.975683,0.146963
0.975892,0.143787
0.987925,0.0253693
0.987925,0.0253693
0.979208,-0.132148
0.981008,-0.0685776
0.986883,-0.0173732
0.983483,-0.0809461
0.973325,-0.177151
0.9883,-0.00816277
0.983492,-0.0383076
0.983725,-0.09339
0.987667,-0.00077324
0.988175,-0.0148829
0.9866,-0.0266017
0.981533,-0.104284
0.983867,-0.078835
0.980933,-0.0940908
0.979667,-0.129894
0.952483,-0.254563
0.933792,-0.319927
0.9265,-0.346454
0.946617,-0.279099
0.950842,-0.265453
0.943283,-0.291362
0.910817,-0.372498
0.847308,-0.503885
0.847308,-0.503885
0.771249,-0.613155
0.771249,-0.613155
0.78496,-0.593683
0.720761,-0.673867
0.713929,-0.6792
0.708904,-0.68525
0.600882,-0.78097
0.668571,-0.724518
0.738516,-0.649797
0.738516,-0.649797
0.696778,-0.696704
0.696778,-0.696704
0.787059,-0.590629
0.794596,-0.582822
0.886708,-0.432912
0.767523,-0.620953
0.821211,-0.546532
0.840108,-0.516004
0.870892,-0.459601
0.837083,-0.522818
0.883425,-0.438037
0.710602,-0.682893
0.738198,-0.652726
0.748606,-0.642179
0.748606,-0.642179
0.726979,-0.669666
0.687711,-0.710004
0.672473,-0.720868
0.776546,-0.610964
0.829826,-0.534853
0.787608,-0.59489
0.729423,-0.662942
0.732608,-0.663292
0.69752,-0.696943
0.707183,-0.685783
0.754983,-0.636343
0.760061,-0.630788
0.78833,-0.590456
0.797052,-0.583955
0.821423,-0.546393
0.736708,-0.658878
0.773982,-0.611301
0.747248,-0.642569
0.681081,-0.7155
0.700458,-0.698608
0.736733,-0.652822
0.774636,-0.614015
0.830483,-0.528642
0.837683,-0.52142
0.863233,-0.469567
0.87085,-0.461368
0.87085,-0.461368
0.90725,-0.391237
0.867433,-0.46861
0.877792,-0.450251
0.816037,-0.552101
0.816037,-0.552101
0.918242,-0.371702
0.930658,-0.329808
0.937358,-0.308808
0.938342,-0.312748
0.928142,-0.337406
0.96615,-0.182813
0.925017,-0.342152
0.925017,-0.342152
0.925017,-0.342152
0.949008,-0.276278
0.902867,-0.400527
0.877183,-0.45652
0.882858,-0.444257
0.798101,-0.580506
0.748463,-0.639399
0.75693,-0.63573
0.695909,-0.698012
0.558963,-0.81129
0.558963,-0.81129
0.562793,-0.810177
0.488017,-0.858275
0.602612,-0.778996
0.635622,-0.754093
0.746638,-0.64639
0.781419,-0.601891
0.841833,-0.51658
0.899383,-0.401509
0.907475,-0.383062
0.83765,-0.52374
0.82992,-0.532957
0.833967,-0.526817
0.8624,-0.480277
0.877942,-0.450365
0.88825,-0.430112
0.920008,-0.36118
0.9137,-0.372263
0.930158,-0.336215
0.930158,-0.336215
0.898017,-0.414303
0.898017,-0.414303
0.927258,-0.338742
0.89,-0.425816
0.925817,-0.332701
0.925817,-0.332701
0.908742,-0.381098
0.908742,-0.381098
0.905842,-0.390518
0.953575,-0.257959
0.946042,-0.281512
0.969258,-0.198306
0.929592,-0.33397
0.938417,-0.30702
0.938675,-0.304076
0.936125,-0.310932
0.924408,-0.336682
0.921833,-0.349587
0.91335,-0.36869
0.907133,-0.389237
0.909542,-0.379064
0.910258,-0.382986
0.910258,-0.382986
0.873792,-0.461334
0.915742,-0.373028
0.922125,-0.351611
0.962592,-0.216781
0.98335,-0.0973608
0.982542,0.0871333
0.982542,0.0871333
0.977017,0.121431
0.986092,-0.0357829
0.959642,-0.236609
0.958558,-0.238334
0.941992,-0.297168
0.929458,-0.33328
0.952308,-0.243631
0.954925,-0.264054
0.91715,-0.359843
0.955742,-0.251543
0.955742,-0.251543
0.970475,-0.190551
0.972808,-0.163428
0.972808,-0.163428
0.980825,-0.13336
0.973583,-0.168623
0.97985,-0.128917
0.97985,-0.128917
0.9818,-0.104576
0.983117,-0.0732597
0.983475,-0.0635748
0.986217,-0.0454287
0.982483,-0.0754065
0.975967,-0.139064
0.975967,-0.139064
0.966183,-0.187876
0.982517,-0.0496943
0.982517,-0.0496943
0.981842,0.0812988
0.986342,0.013516
0.985367,0.0275285
0.966858,0.203648
0.958367,0.241718
0.9842,0.049828
0.978508,0.109351
0.978508,0.109351
0.971292,0.184412
0.978267,0.131178
0.983242,0.100445
0.936058,0.312141
0.905092,0.393043
0.950725,0.273661
0.950725,0.273661
0.920742,0.359167
0.902375,0.39922
0.908133,0.385546
0.915617,0.369783
0.90355,0.391768
0.971158,0.16437
0.986875,0.0262437
0.984892,0.0589333
0.97825,0.152814
0.9871,0.0493058
0.984983,-0.091045
0.9825,-0.0783887
0.987192,-0.0575878
0.988567,0.034738
0.988567,0.034738
0.989175,0.014868
0.9843,-0.0701978
0.988825,0.0258346
0.988825,0.0258346
0.976542,0.151554
0.961808,0.216442
0.961808,0.216442
0.95535,0.249616
0.966875,0.204068
0.966875,0.204068
0.965575,0.207724
0.92465,0.338913
0.92465,0.338913
0.937817,0.306069
0.937817,0.306069
0.922233,0.348197
0.954317,0.259962
0.976783,0.150235
0.984775,0.0854958
0.987592,0.0454547
0.986542,-0.00356707
0.986542,-0.00356707
0.987858,0.0332597
0.986833,-0.000469197
0.9854,0.0541693
0.9854,0.0541693
0.981558,0.0949442
0.972342,-0.167608
0.97975,-0.115103
0.988192,-0.0285487
0.986483,0.0472957
0.986483,0.0472957
0.986483,0.0472957
0.980442,0.131495
0.978375,0.137011
0.979242,0.128931
0.9833,0.039443
0.982792,0.0534268
0.982925,-0.0520871
0.967383,-0.186681
0.908158,-0.384052
0.954617,-0.259283
0.930767,-0.331927
0.904083,-0.397096
0.924392,-0.343133
0.963308,-0.218922
0.947642,-0.278842
0.954467,-0.257346
0.95415,-0.252059
0.918383,-0.361536
0.856517,-0.489581
0.8709,-0.463307
0.843483,-0.510829
0.844558,-0.506117
0.798839,-0.572479
0.660957,-0.729255
0.537839,-0.828488
0.525372,-0.837258
0.57976,-0.795384
0.601142,-0.776016
0.561072,-0.812853
0.600337,-0.786224
0.658294,-0.735867
0.658294,-0.735867
0.713168,-0.681405
0.713168,-0.681405
0.775502,-0.608863
0.775502,-0.608863
0.849925,-0.506582
0.858108,-0.489586
0.906792,-0.394199
0.891242,-0.426993
0.893025,-0.415988
0.815604,-0.555751
0.815604,-0.555751
0.868658,-0.468866
0.867567,-0.471633
0.820493,-0.545583
0.820493,-0.545583
0.828997,-0.536269
0.796423,-0.578994
0.848492,-0.498746
0.744252,-0.645439
0.71793,-0.677097
0.71793,-0.677097
0.654746,-0.738685
0.605747,-0.781954
0.416014,-0.896017
0.579732,-0.797258
0.548504,-0.817234
0.493222,-0.856783
0.368153,-0.916925
0.485109,-0.8594
0.445117,-0.882583
0.35345,-0.924367
0.365579,-0.917767
0.365579,-0.917767
0.481364,-0.865175
0.600352,-0.785027
0.558177,-0.814296
0.415519,-0.89825
0.434995,-0.888708
0.480919,-0.860317
0.492333,-0.860525
0.492333,-0.860525
0.492333,-0.860525
0.544201,-0.823697
0.597929,-0.782911
0.619336,-0.770122
0.515537,-0.840367
0.618161,-0.763483
0.711816,-0.681963
0.745948,-0.646643
0.673008,-0.717551
0.748485,-0.644326
0.673482,-0.722217
0.735123,-0.655396
0.699612,-0.696039
0.577924,-0.800949
0.561986,-0.80674
0.612056,-0.774894
0.612056,-0.774894
0.639301,-0.748752
0.720136,-0.674432
0.830769,-0.530034
0.830769,-0.530034
0.816858,-0.550647
0.823666,-0.543067
0.819289,-0.544936
0.851267,-0.498195
0.915867,-0.365269
0.929233,-0.339921
0.906175,-0.384606
0.90585,-0.383043
0.882858,-0.438874
0.84915,-0.503357
0.838608,-0.521797
0.871533,-0.466093
0.934392,-0.323043
0.873475,-0.456032
0.850158,-0.504532
0.888633,-0.424516
0.8934,-0.42308
0.8934,-0.42308
0.880408,-0.443773
0.875917,-0.453068
0.839167,-0.519438
0.846583,-0.505482
0.85995,-0.484398
0.85995,-0.484398
0.796896,-0.580279
0.87185,-0.463721
0.848525,-0.505697
0.923967,-0.353904
0.915925,-0.374432
0.832564,-0.531857
0.837117,-0.526613
0.9104,-0.383156
0.900083,-0.403574
0.88055,-0.441117
0.846825,-0.508879
0.809827,-0.561921
0.867033,-0.470236
0.875617,-0.457567
0.892517,-0.423782
0.892517,-0.423782
0.885958,-0.435688
0.947175,-0.276825
0.947175,-0.276825
0.940058,-0.300727
0.93165,-0.31984
0.93165,-0.31984
0.942458,-0.290178
0.949442,-0.262663
0.943592,-0.286827
0.892817,-0.41304
0.9415,-0.300513
0.882442,-0.444973
0.935617,-0.314037
0.940175,-0.297958
0.939208,-0.304628
0.873775,-0.457682
0.954592,-0.234923
0.939908,-0.303958
0.894592,-0.41407
0.900667,-0.402865
0.946525,-0.277377
0.966875,-0.216468
0.9226,-0.348716
0.847417,-0.509713
0.879642,-0.452221
0.855575,-0.487687
0.857675,-0.484877
0.770387,-0.615953
0.770387,-0.615953
0.861575,-0.481597
0.856675,-0.488017
0.856675,-0.488017
0.884433,-0.436307
0.884433,-0.436307
0.794969,-0.584115
0.819915,-0.551139
0.86855,-0.476499
0.891008,-0.427284
0.880025,-0.449034
0.8567,-0.491121
0.8567,-0.491121
0.922442,-0.354372
0.943983,-0.292996
0.9584,-0.229562
0.952942,-0.254346
0.973975,-0.152703
0.949992,-0.258078
0.963642,-0.212252
0.963642,-0.212252
0.963642,-0.212252
0.963642,-0.212252
0.963642,-0.212252
0.886925,-0.433048
0.923983,-0.350693
0.909458,-0.384559
0.909458,-0.384559
0.909458,-0.384559
0.8982,-0.408388
0.923117,-0.353399
0.957167,-0.249048
0.9777,-0.132711
0.977208,-0.129958
0.980067,-0.0951325
0.987758,-0.048878
0.987758,-0.048878
0.983992,-0.0699274
0.972792,-0.148053
0.972792,-0.148053
0.980767,-0.131642
0.96055,-0.215316
0.940892,-0.29083
0.935183,-0.311546
0.911242,-0.379998
0.9035,-0.399176
0.880683,-0.44264
0.920892,-0.358002
0.900383,-0.407083
0.889825,-0.426442
0.871283,-0.461901
0.886575,-0.438553
0.879725,-0.45441
0.894808,-0.418793
0.861425,-0.483042
0.846608,-0.503234
0.790286,-0.591274
0.708174,-0.68797
0.701581,-0.697316
0.592879,-0.790789
0.642957,-0.750717
0.642957,-0.750717
0.651129,-0.743792
0.651129,-0.743792
0.622428,-0.766359
0.699786,-0.697016
0.699786,-0.697016
0.758392,-0.631756
0.756741,-0.634356
0.736951,-0.662553
0.755599,-0.639203
0.787663,-0.592747
0.799392,-0.581481
0.794125,-0.585023
0.810242,-0.559965
0.733054,-0.664316
0.733054,-0.664316
0.672753,-0.724795
0.598251,-0.78485
0.615579,-0.773153
0.588622,-0.794625
0.604923,-0.778111
0.498395,-0.850833
0.356665,-0.92195
0.356665,-0.92195
0.227936,-0.961325
0.228569,-0.959025
0.351605,-0.9221
0.341047,-0.921633
0.528142,-0.832558
0.528142,-0.832558
0.501243,-0.850408
0.431887,-0.886558
0.339997,-0.926033
0.339997,-0.926033
0.317307,-0.9373
0.355946,-0.922217
0.281182,-0.946808
0.446486,-0.885383
0.486633,-0.859492
0.457174,-0.87605
0.457174,-0.87605
0.544765,-0.825585
0.528717,-0.830693
0.528717,-0.830693
0.645704,-0.748607
0.645704,-0.748607
0.674992,-0.719828
0.678119,-0.717468
0.662349,-0.731232
0.667331,-0.726992
0.53246,-0.830696
0.525368,-0.832938
0.523876,-0.836058
0.477667,-0.862892
0.444012,-0.882233
0.292201,-0.944408
0.339143,-0.926375
0.489954,-0.858225
0.396672,-0.906192
0.311958,-0.937808
0.310735,-0.938208
0.333303,-0.9284
0.222538,-0.963308
0.279877,-0.947108
0.455039,-0.877508
0.432247,-0.889433
0.436781,-0.887158
0.436781,-0.887158
0.400635,-0.900883
0.454082,-0.875167
0.515022,-0.841967
0.475188,-0.865983
0.564887,-0.807406
0.564887,-0.807406
0.530718,-0.836033
0.456198,-0.876108
0.414807,-0.897408
0.575098,-0.802326
0.69181,-0.703392
0.746101,-0.643665
0.725742,-0.671128
0.752742,-0.63872
0.815965,-0.555412
0.791236,-0.591012
0.884317,-0.435052
0.94685,-0.282772
0.940325,-0.297307
0.940325,-0.297307
0.965225,-0.195642
0.937658,-0.309793
0.95645,-0.245366
0.967333,-0.201591
0.9207,-0.354872
0.912125,-0.372723
0.884925,-0.433169
0.864825,-0.474929
0.864825,-0.474929
0.864825,-0.474929
0.851642,-0.497956
0.843325,-0.505763
0.835783,-0.524229
0.770127,-0.616482
0.777263,-0.611653
0.768001,-0.619242
0.839683,-0.511088
0.852342,-0.499962
0.848625,-0.500058
0.816235,-0.556412
0.816235,-0.556412
0.869242,-0.470587
0.9149,-0.375383
0.959767,-0.240535
0.961025,-0.208673
0.971958,-0.164655
0.981458,-0.0633197
0.988867,0.00600696
0.988867,0.00600696
0.984583,0.060121
0.986183,0.0385138
0.977742,0.141981
0.983458,0.085015
0.967633,0.194274
0.944983,0.290307
0.870208,0.467337
0.870208,0.467337
0.871958,0.461164
0.855925,0.482331
0.855925,0.482331
0.889275,0.43188
0.883775,0.441669
0.856692,0.489953
0.910683,0.380412
0.941,0.286773
0.941,0.286773
0.943475,0.280517
0.963008,0.211282
0.96,0.229582
0.972392,0.175219
0.982442,0.0763622
0.982442,0.0763622
0.979808,0.10683
0.9739,0.156393
0.986192,-0.0108468
0.986192,-0.0108468
0.982883,0.0802078
0.982883,0.0802078
0.986858,0.0566944
0.970133,0.189181
0.96365,0.210888
0.964458,0.217555
0.928675,0.333219
0.980175,0.1375
0.987342,-0.00576533
0.9775,-0.138398
0.965658,-0.19268
0.986775,-0.0010553
0.983083,0.0934808
0.974808,0.155675
0.939442,0.296936
0.947633,0.276394
0.947633,0.276394
0.892642,0.418203
0.930158,0.327665
0.937967,0.310172
0.956408,0.243217
0.961567,0.229536
0.947333,0.277988
0.928125,0.341358
0.924208,0.344274
0.924208,0.344274
0.945533,0.286092
0.974975,0.155968
0.971583,0.17314
0.983308,0.0967017
0.98525,-0.0521611
0.950467,-0.275432
0.950467,-0.275432
0.956833,-0.250499
0.974567,-0.14686
0.986517,0.000523372
0.982325,0.0372713
0.981675,-0.107771
0.986967,0.0109956
0.980675,-0.102329
0.966933,-0.192816
0.94105,-0.296517
0.948825,-0.270544
0.948825,-0.270544
0.862225,-0.476738
0.906533,-0.391228
0.932308,-0.320668
0.925067,-0.344915
0.950717,-0.262179
0.941167,-0.294096
0.912267,-0.37281
0.879892,-0.444624
0.8348,-0.526448
0.831784,-0.528611
0.855208,-0.489008
0.903917,-0.399687
0.923242,-0.343181
0.923242,-0.343181
0.890175,-0.421291
0.809624,-0.564133
0.9302,-0.329093
0.952033,-0.261294
0.970317,-0.174522
0.980567,-0.0987767
0.98445,-0.0373817
0.981092,0.107492
0.981092,0.107492
0.984708,0.0584142
0.984325,-0.0109029
0.986942,0.0111379
0.986942,0.0111379
0.985383,-0.054868
0.982775,0.108474
0.981242,0.104406
0.959817,0.223096
0.959817,0.223096
0.9538,0.252753
0.9538,0.252753
0.946,0.287672
0.9465,0.283264
0.919233,0.353383
0.889675,0.430124
0.887125,0.430225
0.899958,0.409906
0.891433,0.421138
0.903517,0.399256
0.956425,0.240506
0.952083,0.258508
0.94675,0.28053
0.951508,0.245821
0.980208,0.0851158
0.9765,0.123993
0.986833,0.0283161
0.98,0.0438132
0.973058,0.160776
0.979042,0.108706
0.972758,0.176312
0.951267,0.254582
0.884058,0.436649
0.870775,0.467753
0.884333,0.437088
0.889367,0.431485
0.918025,0.369592
0.974725,0.163437
0.987117,0.0285876
0.977442,0.13919
0.96655,0.186024
0.982,0.0750124
0.981525,-0.0308453
0.986108,-0.0478605
0.982575,-0.0862192
0.982575,-0.0862192
0.975492,-0.158537
0.946933,-0.282933
0.935508,-0.317989
0.914208,-0.376709
0.934742,-0.31917
0.930925,-0.322133
0.930925,-0.322133
0.903833,-0.394306
0.903833,-0.394306
0.8811,-0.444235
0.8811,-0.444235
0.920175,-0.357862
0.900133,-0.40443
0.900133,-0.40443
0.900133,-0.40443
0.949033,-0.266524
0.943517,-0.286084
0.91965,-0.359917
0.922808,-0.356001
0.877525,-0.450916
0.808468,-0.56734
0.849733,-0.503319
0.865358,-0.467048
0.856242,-0.489761
0.9446,-0.288772
0.860983,-0.479722
0.860983,-0.479722
0.897542,-0.409547
0.92635,-0.351079
0.93815,-0.306973
0.986608,-0.0493503
0.9872,-0.0259932
0.982975,0.0745644
0.970667,0.174852
0.978283,0.136576
0.979508,0.123524
0.977258,0.139737
0.956483,0.236322
0.985692,0.0503132
0.985108,0.0388018
0.986058,-0.0597546
0.988058,-0.0209476
0.986342,-0.0719547
0.969042,-0.190314
0.969042,-0.190314
0.88255,-0.443611
0.852317,-0.49633
0.902075,-0.400803
0.902892,-0.407911
0.902892,-0.407911
0.929408,-0.338598
0.875883,-0.453712
0.919367,-0.360318
0.921467,-0.358758
0.932358,-0.31772
0.914517,-0.371946
0.9386,-0.303672
0.961433,-0.224014
0.961433,-0.224014
0.964358,-0.220177
0.9525,-0.254263
0.9525,-0.254263
0.908975,-0.383847
0.952242,-0.259652
0.941575,-0.285694
0.893217,-0.413586
0.963725,-0.20787
0.982375,-0.0733294
0.972742,-0.161823
0.97855,-0.12325
0.97855,-0.12325
0.982025,-0.0705887
0.985342,-0.0518187
0.96355,-0.191453
0.978842,0.117613
0.985933,0.0596192
0.982983,0.0444692
0.983567,-0.0741023
0.989292,-0.00205518
0.98105,-0.118327
0.98105,-0.118327
0.985842,-0.0568532
0.976708,-0.127553
0.943458,-0.295644
0.957633,-0.241534
0.986625,-0.0606514
0.9869,-0.0187629
0.982792,0.076898
0.977467,0.0964592
0.970842,0.185048
0.972733,0.172773
0.983617,-0.0776738
0.953367,-0.262637
0.960225,-0.225058
0.981658,-0.103336
0.9874,-0.0466775
0.974067,-0.165518
0.974067,-0.165518
0.964208,-0.219864
0.979583,-0.129561
0.985442,-0.0361839
0.985333,-0.013608
0.974975,0.146753
0.9708,0.177782
0.983725,0.0693263
0.977417,0.123297
0.977417,0.123297
0.988442,-0.00478606
0.98685,-0.00893183
0.981508,-0.0969833
0.985725,0.00799188
0.984233,0.0486618
0.987,-0.054283
0.984758,0.0641408
0.972067,0.180842
0.979425,0.142712
0.979425,0.142712
0.984325,0.0597504
0.971167,0.177334
0.96185,0.218429
0.96185,0.218429
0.986517,0.0308972
0.986517,-0.0485013
0.987867,-0.00259377
0.980142,-0.117552
0.926558,-0.335507
0.906683,-0.392074
0.879692,-0.454347
0.939608,-0.305967
0.945892,-0.282816
0.936917,-0.31512
0.958,-0.235737
0.97185,-0.172913
0.980842,-0.114592
0.959717,-0.237608
0.945583,-0.290841
0.932692,-0.322446
0.94765,-0.271892
0.94765,-0.271892
0.935958,-0.309124
0.957792,-0.239622
0.957792,-0.239622
0.910733,-0.383157
0.942983,-0.28691
0.942983,-0.28691
0.973258,-0.151079
0.982142,-0.105722
0.988508,-0.0172288
0.988508,-0.0172288
0.964517,-0.221845
0.964517,-0.221845
0.964517,-0.221845
0.964517,-0.221845
0.979783,-0.125805
0.9828,-0.0943717
0.985042,-0.0871742
0.9858,0.0422254
0.9858,0.0422254
0.985425,0.0458088
0.986792,-0.0406878
0.9803,-0.122325
0.985383,-0.0663448
0.980317,-0.0952967
0.9846,-0.0349579
0.9846,-0.0349579
0.9846,-0.0349579
0.987408,-0.0158715
0.985158,0.0855442
0.967908,0.199818
0.970217,0.167268
0.980575,0.107524
0.986025,0.0153829
0.987025,-0.0163049
0.989783,0.0074544
0.985108,0.085605
0.988767,-0.0101207
0.987925,0.0113578
0.960433,0.219221
0.944425,0.272907
0.927775,0.338018
0.8969,0.4114
0.8969,0.4114
0.864717,0.472338
0.882083,0.442022
0.882083,0.442022
0.889483,0.423284
0.959342,0.228579
0.95045,0.272057
0.95175,0.26748
0.879075,0.452809
0.896475,0.413032
0.887792,0.428733
0.832453,0.524466
0.815418,0.546523
0.712158,0.683197
0.606349,0.780689
0.449534,0.880625
0.470006,0.864325
0.532923,0.830993
0.52934,0.831258
0.545261,0.820402
0.653647,0.739995
0.685092,0.710733
0.687792,0.708697
0.746965,0.645595
0.728688,0.661468
0.539702,0.825511
0.558948,0.815197
0.583396,0.794762
0.615489,0.772182
0.692465,0.701462
0.706281,0.689497
0.784073,0.601548
0.817934,0.555382
0.850092,0.503999
0.915417,0.371217
0.915417,0.371217
0.915417,0.371217
0.951217,0.27437
0.934658,0.324689
0.946058,0.287359
0.899617,0.410385
0.912533,0.37824
0.904283,0.39759
0.915542,0.368885
0.915542,0.368885
0.923142,0.354517
0.9284,0.338493
0.9284,0.338493
0.907375,0.390477
0.899733,0.409828
0.969567,0.178072
0.943092,0.284271
0.9591,0.231574
0.93305,0.321098
0.93305,0.321098
0.93305,0.321098
0.830867,0.529794
0.885092,0.438097
0.886783,0.436871
0.875825,0.461055
0.875825,0.461055
0.875825,0.461055
0.856758,0.491719
0.834233,0.528777
0.739732,0.653012
0.783258,0.602305
0.690421,0.700035
0.690421,0.700035
0.696891,0.701531
0.847408,0.504791
0.847408,0.504791
0.87695,0.4508
0.837333,0.521909
0.843425,0.514424
0.817006,0.554478
0.782609,0.601389
0.782609,0.601389
0.824328,0.538662
0.827902,0.535981
0.843383,0.51676
0.812704,0.564033
0.882708,0.437891
0.854767,0.489555
0.829516,0.529743
0.792017,0.586457
0.792017,0.586457
0.83193,0.532625
0.83193,0.532625
0.769339,0.622932
0.769339,0.622932
0.770071,0.62034
0.770071,0.62034
0.842625,0.513844
0.82909,0.534986
0.890975,0.423025
0.922567,0.351174
0.867542,0.471707
0.730708,0.661969
0.697891,0.698997
0.628558,0.764802
0.529658,0.832308
0.627183,0.761461
0.560842,0.810635
0.544481,0.822942
0.544481,0.822942
0.446419,0.878933
0.395528,0.903258
0.395528,0.903258
0.459842,0.8748
0.496787,0.854025
0.652162,0.740216
0.558165,0.814665
0.558165,0.814665
0.564484,0.808532
0.567531,0.803441
0.567531,0.803441
0.443406,0.880842
0.537708,0.825602
0.607048,0.777253
0.522212,0.836017
0.453703,0.877842
0.395742,0.904317
0.253311,0.956908
0.340314,0.9285
0.395153,0.906817
0.572285,0.803031
0.483372,0.8636
0.519685,0.838617
0.61242,0.771801
0.569613,0.806098
0.586583,0.788944
0.722153,0.669725
0.727374,0.663983
0.727374,0.663983
0.795421,0.588473
0.795421,0.588473
0.766364,0.621598
0.766364,0.621598
0.894175,0.4202
0.881342,0.441502
0.843525,0.515818
0.843525,0.515818
0.818245,0.555127
0.880317,0.447089
0.865367,0.475959
0.852425,0.501358
0.803224,0.576862
0.803224,0.576862
0.798442,0.578747
0.798442,0.578747
0.822307,0.545002
0.775648,0.613399
0.815964,0.556054
0.815964,0.556054
0.876008,0.457033
0.868358,0.474037
0.816264,0.554285
0.857125,0.484356
0.839842,0.520481
0.870675,0.468251
0.890792,0.425321
0.887833,0.427431
0.946267,0.275563
0.940283,0.300964
0.901417,0.402575
0.893008,0.420069
0.879425,0.445622
0.871133,0.467494
0.905183,0.39598
0.883617,0.434184
0.858025,0.481867
0.764135,0.619441
0.743265,0.651632
0.743265,0.651632
0.701957,0.695014
0.719717,0.674425
0.730866,0.661678
0.701758,0.693586
0.567839,0.80216
0.43561,0.881533
0.369157,0.911825
0.244116,0.955758
0.229041,0.961983
0.199148,0.96615
0.217608,0.960983
0.294385,0.940825
0.203821,0.96685
0.182936,0.971475
0.182936,0.971475
0.182936,0.971475
0.156247,0.97655
0.256832,0.951433
0.281645,0.9439
0.277673,0.944408
0.279353,0.947067
0.368666,0.911858
0.368666,0.911858
0.353172,0.919583
0.380067,0.910958
0.368281,0.915508
0.367371,0.915783
0.410312,0.898108
0.410312,0.898108
0.465054,0.871217
0.54762,0.820572
0.54762,0.820572
0.54762,0.820572
0.473458,0.86425
0.525745,0.831671
0.491339,0.857075
0.487651,0.8608
0.487651,0.8608
0.556761,0.817339
0.54359,0.825507
0.527056,0.832318
0.527056,0.832318
0.563958,0.811268
0.688023,0.708788
0.791312,0.590043
0.723082,0.673292
0.723082,0.673292
0.723276,0.674457
0.6917,0.703185
0.662657,0.731438
0.645784,0.749117
0.598247,0.784329
0.598247,0.784329
0.609918,0.777118
0.608908,0.778056
0.669481,0.725916
0.669481,0.725916
0.507229,0.8473
0.446528,0.879775
0.38823,0.908458
0.396468,0.9041
0.266459,0.9515
0.266459,0.9515
0.329672,0.930467
0.08584,0.983442
0.117728,0.9834
0.185743,0.969967
0.0264623,0.982833
-0.0643941,0.985358
-0.03697,0.985633
-0.03697,0.985633
-0.205776,0.965325
-0.144342,0.976367
-0.264153,0.948533
-0.402746,0.899808
-0.49548,0.849783
-0.404792,0.900775
-0.39682,0.905958
-0.447522,0.878108
-0.464342,0.869783
-0.327954,0.9288
-0.254736,0.954708
-0.261824,0.952058
-0.287373,0.94415
-0.287373,0.94415
-0.0999867,0.980075
-0.0373541,0.983675
-0.0468984,0.986408
-0.0102156,0.988792
-0.0194465,0.988292
-0.0665387,0.982575
-0.169899,0.972492
-0.0708783,0.982992
-0.200912,0.965175
-0.246658,0.955683
-0.262885,0.951892
-0.306217,0.936308
-0.184705,0.968775
0.082846,0.985983
0.100608,0.980492
0.287851,0.943683
0.287851,0.943683
0.137199,0.978408
0.137199,0.978408
-0.0318745,0.987283
-0.0778897,0.985358
-0.0347978,0.985125
-0.0923833,0.984233
-0.118301,0.982008
-0.128681,0.979875
-0.0581337,0.987592
0.144869,0.976267
0.144869,0.976267
0.21516,0.963025
0.21516,0.963025
0.375428,0.911975
0.375428,0.911975
0.267861,0.9484
0.308695,0.939175
0.229621,0.963825
0.214838,0.960833
0.221907,0.961692
0.229064,0.96055
0.194468,0.970808
0.187118,0.970308
0.0949967,0.982083
-0.0164567,0.987867
-0.0164567,0.987867
0.112929,0.98165
0.112929,0.98165
0.301357,0.939983
0.301357,0.939983
0.104184,0.983225
0.0515124,0.986325
0.168133,0.972083
0.127187,0.979892
0.223116,0.961325
0.226612,0.9617
0.233668,0.959433
0.353595,0.92135
0.377124,0.910733
0.315431,0.935033
0.337536,0.929075
0.275492,0.947183
0.341754,0.925733
0.337612,0.928442
0.307675,0.937133
0.209451,0.9633
0.337187,0.925058
0.496133,0.853717
0.496133,0.853717
0.658836,0.736407
0.662221,0.734386
0.584519,0.795101
0.511727,0.841925
0.48135,0.859358
0.526485,0.832212
0.601083,0.781329
0.505747,0.84715
0.521895,0.836425
0.521895,0.836425
0.556327,0.816996
0.473368,0.864617
0.585392,0.795123
0.601876,0.785588
0.597472,0.786671
0.583612,0.794643
0.685654,0.712928
0.645341,0.746287
0.648215,0.744684
0.648215,0.744684
0.712388,0.684059
0.712153,0.684104
0.747826,0.639684
0.700612,0.691522
0.740402,0.653471
0.658116,0.737703
0.630543,0.759065
0.72946,0.667536
0.64973,0.744115
0.725376,0.670682
0.628435,0.757241
0.604368,0.778607
0.679083,0.714492
0.661757,0.732554
0.738198,0.654784
0.693459,0.700615
0.689662,0.706765
0.771436,0.615234
0.771436,0.615234
0.704071,0.691219
0.702392,0.696077
0.763836,0.623182
0.780284,0.605462
0.815436,0.554009
0.86275,0.482306
0.86275,0.482306
0.9133,0.379154
0.890842,0.425605
0.857525,0.490039
0.857525,0.490039
0.834775,0.52517
0.824958,0.541766
0.824958,0.541766
0.824958,0.541766
0.818489,0.55211
0.818489,0.55211
0.89825,0.407004
0.869008,0.465803
0.869008,0.465803
0.8616,0.479117
0.838742,0.515581
0.856208,0.494457
0.841192,0.514795
0.789635,0.594818
0.843008,0.508403
0.902275,0.394265
0.942208,0.282402
0.935317,0.313861
0.958042,0.240436
0.936833,0.31407
0.959133,0.231991
0.859042,0.483408
0.918975,0.35946
0.918467,0.369437
0.92,0.360733
0.850092,0.502058
0.850092,0.502058
0.850092,0.502058
0.850092,0.502058
0.928617,0.330917
0.932083,0.327429
0.890833,0.421593
0.870775,0.469558
0.870775,0.469558
0.821006,0.550535
0.781209,0.605466
0.776662,0.608462
0.784817,0.601616
0.784817,0.601616
0.805563,0.572129
0.83625,0.524458
0.83625,0.524458
0.839783,0.515178
0.755677,0.634704
0.802327,0.577392
0.803231,0.572443
0.903192,0.398104
0.869308,0.472405
0.721337,0.672256
0.73589,0.661209
0.747545,0.642713
0.747545,0.642713
0.771583,0.617246
0.716297,0.679567
0.619966,0.763741
0.766574,0.617671
0.758068,0.63549
0.8411,0.512247
0.833608,0.521142
0.865408,0.477554
0.846017,0.507229
0.820002,0.550654
0.820002,0.550654
0.818013,0.552431
0.809719,0.560757
0.828222,0.541923
0.794255,0.587805
0.757961,0.632222
0.802202,0.57404
0.846908,0.505385
0.846908,0.505385
0.848225,0.5034
0.848225,0.5034
0.84425,0.50869
0.841808,0.511132
0.80713,0.565943
0.80731,0.566852
0.751883,0.639663
0.751883,0.639663
0.68939,0.709825
0.68939,0.709825
0.590324,0.790478
0.571207,0.803532
0.571207,0.803532
0.653184,0.743165
0.785119,0.593441
0.791076,0.586955
0.792517,0.584518
0.792517,0.584518
0.70712,0.685085
0.756791,0.632437
0.820451,0.544967
0.820451,0.544967
0.907225,0.383429
0.9061,0.395859
0.94995,0.276855
0.976792,0.144941
0.975725,0.134569
0.979283,0.139848
0.986208,0.0385524
0.970575,0.184872
0.970575,0.177982
0.970575,0.177982
0.939108,0.292534
0.931183,0.323666
0.926975,0.326341
0.926975,0.326341
0.948075,0.267536
0.980108,0.117396
0.984692,0.0784523
0.984692,0.0784523
0.9845,-0.00631012
0.972142,-0.167927
0.98515,-0.0232915
0.977892,0.123289
0.977892,0.123289
0.977892,0.123289
0.97845,0.123565
0.971442,0.157078
0.971442,0.157078
0.940158,0.309562
0.936275,0.311978
0.884267,0.438105
0.8792,0.442386
0.871442,0.458527
0.84085,0.520278
0.843683,0.512335
0.87505,0.453335
0.88435,0.440417
0.895975,0.411444
0.939858,0.297814
0.961425,0.220029
0.943017,0.28484
0.907383,0.386354
0.8789,0.453021
0.926467,0.338942
0.945042,0.275963
0.922783,0.34384
0.917108,0.354403
0.907658,0.377033
0.951225,0.252677
0.951225,0.252677
0.969633,0.159034
0.98395,0.0616985
0.957825,0.229591
0.973758,0.156691
0.963383,0.214302
0.973675,0.162247
0.981375,0.128617
0.980733,0.0916925
0.973125,0.170238
0.976108,0.158356
0.984792,0.069433
0.978317,0.149911
0.97665,0.142503
0.97665,0.142503
0.982333,0.100414
0.9851,0.0803843
0.9851,0.0803843
0.98155,0.116081
0.970917,0.179218
0.98585,0.0509542
0.985042,0.09178
0.967833,0.192677
0.98145,0.0982692
0.983517,-0.0711215
0.983517,-0.0711215
0.967092,-0.197538
0.971775,-0.182392
0.971808,-0.174552
0.971125,-0.167834
0.971125,-0.167834
0.951683,-0.265374
0.979717,-0.143962
0.9764,-0.151523
0.961892,-0.226108
0.961892,-0.226108
0.97985,-0.0976875
0.985617,-0.0674832
0.984842,-0.0397313
0.9843,0.0663062
0.987442,-0.00994475
0.987442,-0.00994475
0.987492,-0.0377624
0.985292,-0.0577123
0.983392,-0.0542894
0.977858,-0.104725
0.977858,-0.104725
0.984808,-0.0762558
0.985208,-0.0825495
0.988358,-0.0527193
0.988483,-0.00444838
0.968817,-0.185905
0.974542,-0.141941
0.97515,-0.148312
0.962692,-0.201641
0.958642,-0.236984
0.958642,-0.236984
0.958642,-0.236984
0.958642,-0.236984
0.9681,-0.18832
0.988067,-0.00904342
0.9878,-0.0501765
0.987558,0.0257567
0.983908,-0.0511854
0.984433,0.0794607
0.987908,0.0127276
0.986217,0.0379321
0.982933,0.0662669
0.974075,0.153792
0.970558,0.173159
0.945442,0.280939
0.945442,0.280939
0.8513,0.495484
0.846875,0.507672
0.881242,0.449194
0.843925,0.517528
0.813756,0.558656
0.858775,0.485662
0.804322,0.567895
0.802725,0.574746
0.802725,0.574746
0.795193,0.584252
0.823272,0.541096
0.823272,0.541096
0.841358,0.514859
0.856358,0.492906
0.773487,0.611959
0.818096,0.549554
0.869108,0.466122
0.828654,0.536986
0.804836,0.56818
0.804836,0.56818
0.753706,0.637232
0.807562,0.569218
0.74167,0.652792
0.640412,0.753738
0.704619,0.689869
0.639497,0.750036
0.639497,0.750036
0.683734,0.708808
0.683734,0.708808
0.570103,0.805624
0.535738,0.82568
0.455214,0.875842
0.595379,0.787843
0.671542,0.723032
0.754675,0.636936
0.8776,0.45177
0.881717,0.443503
0.853933,0.49251
0.871058,0.464801
0.896375,0.416392
0.835783,0.524001
0.755736,0.634069
0.547336,0.822854
0.547336,0.822854
0.676155,0.720841
0.685619,0.706783
0.707803,0.687402
0.755395,0.633259
0.82922,0.532833
0.809347,0.559863
0.714565,0.679314
0.706193,0.685333
0.784553,0.600151
0.881733,0.444102
0.910408,0.379573
0.891758,0.421273
0.904175,0.396518
0.904175,0.396518
0.905242,0.386628
0.915642,0.376163
0.9473,0.282892
0.95465,0.2454
0.8981,0.405058
0.9252,0.340346
0.954875,0.247494
0.914517,0.36767
0.9085,0.39062
0.892817,0.423432
0.824526,0.54674
0.8353,0.527989
0.893392,0.424063
0.80072,0.579558
0.80571,0.568938
0.772132,0.615132
0.77944,0.603733
0.804902,0.571887
0.755735,0.636209
0.703566,0.690297
0.756666,0.633985
0.756666,0.633985
0.756666,0.633985
0.738871,0.654397
0.757528,0.627278
0.757528,0.627278
0.590365,0.789532
0.565413,0.81036
0.689875,0.708381
0.645767,0.74303
0.695994,0.702495
0.695994,0.702495
0.691698,0.701891
0.687388,0.710377
0.726521,0.672776
0.836217,0.523523
0.779667,0.60673
0.799979,0.576187
0.795331,0.582627
0.795331,0.582627
0.823626,0.540456
0.814749,0.556589
0.854417,0.493074
0.842542,0.513787
0.8674,0.472608
0.867458,0.47261
0.867458,0.47261
0.874917,0.458688
0.835533,0.522609
0.809438,0.564383
0.851383,0.495114
0.851383,0.495114
0.899508,0.400076
0.899508,0.400076
0.899508,0.400076
0.915683,0.359247
0.794767,0.582686
0.794767,0.582686
0.843775,0.509561
0.83775,0.523729
0.895475,0.412432
0.895475,0.412432
0.804281,0.569959
0.832272,0.530327
0.769234,0.621254
0.744632,0.647687
0.647608,0.747649
0.61614,0.771268
0.652551,0.74337
0.666797,0.730612
0.666797,0.730612
0.666797,0.730612
0.585577,0.796719
0.587867,0.793602
0.714042,0.682235
0.643325,0.750152
0.666401,0.728109
0.74774,0.646339
0.723912,0.671958
0.798592,0.58053
0.734363,0.661336
0.744667,0.649637
0.674335,0.723837
0.750396,0.640532
0.757677,0.636596
0.757677,0.636596
0.794616,0.580723
0.804467,0.566959
0.804467,0.566959
0.853158,0.497688
0.853158,0.497688
0.800778,0.584247
0.808226,0.565922
0.847592,0.504084
0.847592,0.504084
0.832571,0.533064
0.821343,0.549902
0.805658,0.570264
0.805098,0.5709
0.879308,0.454664
0.806176,0.572963
0.761798,0.626597
0.761798,0.626597
0.731289,0.659833
0.734182,0.658968
0.703545,0.694672
0.690224,0.708538
0.714718,0.686062
0.666497,0.72921
0.545116,0.823612
0.500034,0.851933
0.575334,0.802191
0.604982,0.780952
0.500641,0.851183
0.457266,0.876767
0.449111,0.878517
0.449111,0.878517
0.353649,0.9202
0.392,0.908742
0.366943,0.915483
0.327409,0.933175
0.327409,0.933175
0.283866,0.944083
0.476871,0.8639
0.440576,0.881475
0.440576,0.881475
0.397482,0.903683
0.262489,0.952983
0.29235,0.941992
0.226503,0.959858
0.234732,0.960725
0.299376,0.939325
0.197826,0.967733
0.0471381,0.988008
-0.102185,0.981783
-0.0413586,0.986258
0.0365805,0.987483
0.0186107,0.9855
0.0624262,0.982067
0.0458409,0.9848
0.194828,0.966342
0.00551114,0.983592
-0.130111,0.9788
-0.121674,0.98105
0.0258297,0.98635
0.0753147,0.985542
0.0753147,0.985542
-0.0297147,0.987567
-0.078819,0.983858
-0.1226,0.980725
-0.112503,0.981008
-0.112503,0.981008
-0.0384533,0.987417
-0.000505986,0.987633
-0.106413,0.981817
-0.219238,0.961508
-0.219238,0.961508
-0.233984,0.958925
-0.233984,0.958925
-0.317934,0.934017
-0.295346,0.9436
-0.284797,0.944658
-0.296604,0.941808
-0.326382,0.933158
-0.253513,0.95435
0.0203489,0.986767
0.000803721,0.987342
0.0594848,0.986092
0.176594,0.971975
0.0670641,0.984975
0.200482,0.963733
0.196955,0.970367
0.196955,0.970367
0.158663,0.975417
0.159421,0.976125
-0.038159,0.989642
-0.0380689,0.985833
-0.0380689,0.985833
-0.147537,0.978692
-0.10048,0.984358
-0.10048,0.984358
-0.110777,0.980942
-0.286597,0.9432
-0.150088,0.973683
-0.219365,0.961108
-0.204093,0.967292
-0.204093,0.967292
-0.0337397,0.988075
-0.00337589,0.985192
0.0106437,0.988675
-0.0630983,0.982333
-0.206503,0.966758
-0.156115,0.972383
-0.0448545,0.985342
-0.00125973,0.985658
0.0169278,0.987158
0.0851,0.982958
0.0404023,0.987117
0.0929592,0.985083
0.0303899,0.988717
0.0303899,0.988717
0.0329601,0.985475
-0.03336,0.984117
0.132782,0.977883
0.223903,0.964933
0.200465,0.966875
0.15109,0.974617
0.0888158,0.983408
0.0470241,0.986583
0.0470241,0.986583
0.16841,0.971833
0.16841,0.971833
0.419257,0.892508
0.447873,0.878967
0.427553,0.889258
0.427553,0.889258
0.319772,0.933642
0.371281,0.915842
0.582888,0.795402
0.651906,0.740452
0.655273,0.738723
0.719496,0.676267
0.749455,0.642067
0.695804,0.70083
0.607909,0.774807
0.660462,0.732698
0.523366,0.833725
0.708997,0.690406
0.723827,0.674346
0.677212,0.720338
0.571323,0.804438
0.562236,0.811162
0.470576,0.869708
0.39716,0.905117
0.36406,0.918167
0.327241,0.931308
0.356815,0.921142
0.310541,0.936475
0.211791,0.96
0.211791,0.96
0.227995,0.961267
0.227995,0.961267
0.245146,0.958092
0.225969,0.960525
0.33961,0.92855
0.308646,0.936442
0.371525,0.913192
0.419494,0.894225
0.450418,0.878933
0.450418,0.878933
0.574993,0.803362
0.505069,0.849217
0.472371,0.867925
0.312644,0.936367
0.356167,0.92455
0.329049,0.929033
0.456388,0.875142
0.457009,0.871917
0.457009,0.871917
0.364765,0.9162
0.327033,0.92655
0.367105,0.913508
0.279309,0.9454
0.265487,0.951242
0.267039,0.951592
0.267039,0.951592
0.182976,0.973075
0.182976,0.973075
0.105406,0.980692
-0.117675,0.981367
-0.151004,0.976642
-0.119504,0.978575
-0.0436851,0.986367
0.175992,0.972175
0.284164,0.945625
0.307042,0.936367
0.219808,0.963933
0.115856,0.980892
0.115856,0.980892
0.0275303,0.986658
-0.0518684,0.988133
-0.0565723,0.9861
-0.227994,0.958233
-0.302677,0.940158
-0.225214,0.96455
-0.109012,0.981583
-0.14881,0.975292
-0.130293,0.979592
-0.0590664,0.986083
0.113453,0.982475
0.113453,0.982475
0.197292,0.9683
0.184203,0.970508
0.332594,0.928158
0.327408,0.93
0.327408,0.93
0.45686,0.875242
0.349103,0.921833
0.290805,0.943767
0.362303,0.916525
0.315352,0.936667
0.418997,0.89195
0.448913,0.881308
0.474884,0.866133
0.5384,0.828341
0.601669,0.781647
0.630152,0.761538
0.725569,0.673791
0.699396,0.701442
0.750672,0.639316
0.750672,0.639316
0.829123,0.534009
0.820739,0.545238
0.837917,0.524458
0.826672,0.542124
0.801819,0.576903
0.876775,0.452821
0.914058,0.372345
0.932958,0.321733
0.932958,0.321733
0.950508,0.267772
0.973333,0.165123
0.932675,0.329217
0.954883,0.245862
0.954883,0.245862
0.954883,0.245862
0.954883,0.245862
0.963883,0.224762
0.926658,0.329846
0.947583,0.267263
0.9349,0.312073
0.927542,0.334561
0.932592,0.319349
0.938408,0.299662
0.954567,0.245752
0.925292,0.34574
0.954567,0.262479
0.9021,0.400267
0.8595,0.483885
0.88505,0.437516
0.867117,0.473162
0.858933,0.48352
0.89565,0.411684
0.88565,0.432796
0.905942,0.387568
0.870917,0.462987
0.807456,0.567922
0.78751,0.594685
0.803323,0.572312
0.766731,0.619548
0.759238,0.629232
0.763984,0.62227
0.730003,0.664595
0.845658,0.509713
0.859325,0.485056
0.859325,0.485056
0.798805,0.57269
0.796177,0.584339
0.796177,0.584339
0.84635,0.510508
0.844708,0.506664
0.797016,0.579498
0.807187,0.569966
0.862242,0.483577
0.852275,0.489327
0.915258,0.361056
0.915258,0.361056
0.938767,0.305746
0.942,0.295099
0.925658,0.346407
0.9207,0.347996
0.897817,0.411232
0.897817,0.411232
0.856433,0.490539
0.851925,0.500136
0.855817,0.490881
0.798017,0.578165
0.793086,0.587303
0.815307,0.556948
0.847308,0.514123
0.876258,0.449896
0.876258,0.449896
0.911875,0.379285
0.8884,0.433223
0.885675,0.43663
0.8893,0.424376
0.893667,0.42051
0.905242,0.396916
0.890767,0.421859
0.876933,0.453763
0.849175,0.503095
0.906467,0.389912
0.865825,0.471963
0.817195,0.555763
0.8476,0.508185
0.9099,0.382534
0.904467,0.394737
0.913233,0.365688
0.861183,0.484739
0.788612,0.595735
0.676079,0.719547
0.703453,0.694635
0.703453,0.694635
0.7601,0.629868
0.763278,0.630722
0.840967,0.522061
0.919683,0.358051
0.939542,0.306246
0.910883,0.382178
0.878183,0.449974
0.845083,0.508548
0.876558,0.453232
0.854258,0.493342
0.888167,0.431017
0.889375,0.435264
0.781273,0.604328
0.781273,0.604328
0.850633,0.500667
0.794752,0.585688
0.766163,0.623058
0.734419,0.654881
0.676471,0.714137
0.670491,0.723735
0.660062,0.735724
0.699935,0.695977
0.813275,0.560536
0.772,0.61461
0.806105,0.5713
0.854558,0.490997
0.748516,0.641101
0.717423,0.679099
0.777675,0.603352
0.860175,0.480702
0.86035,0.481561
0.719211,0.675332
0.636838,0.755188
0.774809,0.613372
0.659695,0.732493
0.634753,0.756872
0.597677,0.783344
0.56237,0.808743
0.598126,0.783597
0.528684,0.83495
0.627361,0.761233
0.710177,0.683922
0.781497,0.598179
0.931475,0.327143
0.9126,0.369179
0.896558,0.410886
0.895233,0.410837
0.843717,0.513142
0.783077,0.601272
0.817038,0.554338
0.740566,0.65114
0.677391,0.714633
0.656309,0.735023
0.572428,0.805563
0.592482,0.788323
0.680209,0.715561
0.818878,0.554063
0.8654,0.475125
0.848992,0.503573
0.859475,0.488691
0.910275,0.38228
0.91895,0.360762
0.901583,0.40103
0.930383,0.333
0.930383,0.333
0.930383,0.333
0.925467,0.339735
0.911667,0.379382
0.932417,0.32851
0.958875,0.236083
0.922692,0.357166
0.949333,0.265034
0.917158,0.36287
0.917158,0.36287
0.94295,0.291119
0.94295,0.291119
0.974833,0.163501
0.972217,0.165106
0.982667,0.0572208
0.982667,0.0572208
0.986967,0.00871458
0.986967,0.00871458
0.985508,-0.0502159
0.984308,0.0806618
0.984817,0.0812683
0.981325,0.126195
0.986817,0.0354645
0.986817,0.0354645
0.972142,0.17903
0.972142,0.17903
0.943442,0.293152
0.926325,0.344111
0.926325,0.344111
0.899992,0.407682
0.849508,0.50015
0.86065,0.480098
0.800616,0.576177
0.772989,0.614829
0.839067,0.519302
0.785975,0.595802
0.711298,0.687464
0.738631,0.650936
0.816361,0.557368
0.774806,0.61233
0.770967,0.617447
0.790495,0.593875
0.73442,0.663598
0.701639,0.694733
0.713985,0.680078
0.713985,0.680078
0.72634,0.664999
0.769413,0.617071
0.593883,0.785866
0.593883,0.785866
0.598296,0.784767
0.503498,0.84815
0.656977,0.732504
0.606457,0.775987
0.456513,0.8768
0.456513,0.8768
0.325167,0.933208
0.325167,0.933208
0.365319,0.919108
0.365319,0.919108
0.350747,0.925192
0.20121,0.966025
0.212465,0.9648
0.212465,0.9648
0.338865,0.926508
0.273066,0.9516
0.226653,0.958733
0.326988,0.931075
0.535397,0.831953
0.623008,0.768421
0.609273,0.776002
0.685983,0.705627
0.665767,0.724312
0.650452,0.741153
0.6365,0.752306
0.68956,0.705733
0.5838,0.795257
0.524647,0.833028
0.547024,0.820039
0.615967,0.775403
0.702012,0.694366
0.717159,0.675992
0.63854,0.757242
0.590541,0.792245
0.613224,0.77716
0.563057,0.8108
0.563682,0.810478
0.536655,0.828636
0.592629,0.791388
0.592629,0.791388
0.661871,0.732406
0.695678,0.69865
0.643175,0.748393
0.643175,0.748393
0.557454,0.814577
0.684959,0.713445
0.706942,0.693305
0.769216,0.6203
0.803992,0.575979
0.803992,0.575979
0.730269,0.664373
0.828003,0.538432
0.879508,0.452533
0.875892,0.461495
0.855258,0.495337
0.848375,0.500402
0.882458,0.435287
0.912983,0.369316
0.860967,0.485509
0.814829,0.555554
0.814829,0.555554
0.796311,0.584257
0.804771,0.570213
0.804771,0.570213
0.804771,0.570213
0.668107,0.726852
0.544672,0.822857
0.476643,0.865458
0.442993,0.880592
0.484652,0.860833
0.409368,0.899075
0.462124,0.872858
0.486345,0.860317
0.415378,0.895542
0.312268,0.937667
0.312268,0.937667
0.312268,0.937667
0.331151,0.926183
0.283598,0.947308
0.358667,0.918825
0.665684,0.725269
0.53131,0.830538
0.53131,0.830538
0.481253,0.861025
0.494279,0.852075
0.461487,0.869233
0.515751,0.840642
0.509966,0.849467
0.672293,0.721288
0.672293,0.721288
0.592694,0.791047
0.668392,0.723982
0.565976,0.809113
0.519144,0.840817
0.381213,0.910025
0.276395,0.949742
0.299718,0.943217
0.333495,0.93065
0.445508,0.882967
0.337206,0.928458
0.248971,0.955233
0.248971,0.955233
0.248971,0.955233
0.248971,0.955233
0.16184,0.973517
0.141666,0.975442
0.141666,0.975442
0.154427,0.974267
0.154427,0.974267
0.0633757,0.983475
0.0243918,0.983692
0.00828427,0.986075
0.15227,0.9746
0.157048,0.974008
0.261766,0.950792
0.29564,0.943942
0.418788,0.892467
0.391616,0.906667
0.391616,0.906667
0.449124,0.88305
0.373005,0.914758
0.441626,0.883258
0.488723,0.857625
0.509738,0.843483
0.482579,0.856133
0.374743,0.909717
0.374743,0.909717
0.504537,0.849992
0.548199,0.82238
0.467882,0.868683
0.477293,0.866217
0.43237,0.888458
0.493668,0.850392
0.365924,0.914408
0.437532,0.884708
0.437532,0.884708
0.490155,0.853042
0.40951,0.894017
0.596857,0.788618
0.596857,0.788618
0.652019,0.741586
0.642193,0.746798
0.741617,0.653232
0.639373,0.747271
0.676277,0.719748
0.713832,0.683203
0.718893,0.669946
0.810535,0.557715
0.848592,0.507079
0.899058,0.411048
0.899058,0.411048
0.886983,0.433078
0.906975,0.385416
0.914908,0.361816
0.881642,0.439822
0.827572,0.537614
0.918267,0.361117
0.918267,0.361117
0.949108,0.272118
0.948358,0.276869
0.961408,0.21102
0.951492,0.253892
0.968717,0.179373
0.982733,0.10017
0.986208,0.0694839
0.953408,0.256093
0.934908,0.321039
0.936775,0.313713
0.953383,0.246238
0.953383,0.246238
0.953383,0.246238
0.953383,0.246238
0.980225,0.104971
0.983283,0.0343063
0.947925,0.283492
0.977833,0.139823
0.977833,0.139823
0.97615,0.143689
0.98045,0.124297
0.960167,0.221692
0.96135,0.201398
0.98135,0.0691502
0.973108,0.145262
0.9837,-0.0289538
0.986242,-0.0500369
0.983617,-0.104913
0.969992,-0.186598
0.981492,-0.0947367
0.981492,-0.0947367
0.984267,-0.0954283
0.977458,-0.145071
0.959883,-0.220097
0.959883,-0.220097
0.95145,-0.258591
0.934525,-0.303749
0.847167,-0.504587
0.840408,-0.518014
0.809536,-0.567744
0.802864,-0.575048
0.815563,-0.554204
0.782991,-0.598802
0.899658,-0.407198
0.899658,-0.407198
0.893067,-0.415684
0.911533,-0.378156
0.89715,-0.409185
0.94555,-0.28742
0.865825,-0.473982
0.857558,-0.488916
0.9204,-0.359602
0.9204,-0.359602
0.917367,-0.364702
0.949767,-0.268688
0.928692,-0.340458
0.931725,-0.322094
0.926492,-0.337077
0.912958,-0.37266
0.945542,-0.285011
0.937333,-0.315882
0.9373,-0.312264
0.973567,-0.156872
0.98545,-0.0336082
0.959925,-0.218782
0.967025,-0.193757
0.897475,-0.409061
0.8834,-0.44245
0.92705,-0.333991
0.913267,-0.375522
0.913267,-0.375522
0.913267,-0.375522
0.911908,-0.377319
0.899408,-0.404993
0.920367,-0.354724
0.947608,-0.267648
0.98295,-0.0889025
0.980517,-0.105193
0.974658,-0.163247
0.971183,-0.174579
0.983308,-0.0642004
0.975975,-0.148849
0.947342,-0.277172
0.938692,-0.300645
0.913875,-0.3736
0.925617,-0.335013
0.888625,-0.425296
0.888625,-0.425296
0.900683,-0.404398
0.944775,-0.282858
0.957917,-0.238797
0.974183,-0.157511
0.98675,-0.00196906
0.979433,0.136773
0.979433,0.136773
0.979192,-0.092515
0.982208,-0.104178
0.972175,-0.174972
0.979475,-0.112706
0.9405,-0.293791
0.838433,-0.520667
0.825573,-0.537074
0.891883,-0.423533
0.9293,-0.332702
0.891358,-0.428194
0.835025,-0.523904
0.835025,-0.523904
0.845083,-0.511346
0.867483,-0.472582
0.954692,-0.251643
0.974875,-0.158911
0.974875,-0.158911
0.978533,-0.121062
0.979425,-0.117104
0.9541,-0.241913
0.9541,-0.241913
0.968092,-0.179254
0.986267,0.0635679
0.966833,0.201096
0.966833,0.201096
0.962667,0.215428
0.95065,0.263891
0.978992,0.131768
0.986075,-0.0230717
0.986183,-0.0195353
0.985633,0.0167436
0.985633,0.0167436
0.98115,-0.0593812
0.981083,-0.0391954
0.982208,-0.0896475
0.9832,-0.0693204
0.983725,-0.0850808
0.981883,-0.0891192
0.977058,-0.126773
0.978333,-0.13743
0.959208,-0.235397
0.987508,0.0550917
0.984958,-0.0630713
0.984667,0.0830193
0.985958,0.012073
0.987667,0.0303458
0.976567,0.141702
0.976567,0.141702
0.976567,0.141702
0.982658,0.0908175
0.976842,0.131687
0.984667,0.0531418
0.984667,0.0531418
0.988217,0.0374763
0.988217,0.0374763
0.982725,0.0573345
0.976158,0.137299
0.972933,0.168675
0.976925,0.14934
0.981783,0.0950367
0.985617,0.0518218
0.987533,-0.0441829
0.989025,0.0359354
0.985667,0.0794055
0.972983,0.175066
0.981417,0.0882375
0.9778,0.141588
0.976933,0.131876
0.958808,0.241174
0.963192,0.219768
0.9434,0.287443
0.967242,0.183906
0.920975,0.352818
0.934783,0.323572
0.917208,0.360075
0.917208,0.360075
0.951625,0.255443
0.939008,0.302723
0.981333,0.090285
0.981358,0.101371
0.987075,0.0361575
0.975817,0.137082
0.964542,0.196384
0.964542,0.196384
0.964542,0.196384
0.9419,0.291703
0.979008,0.120248
0.979008,0.120248
0.985067,-0.0328802
0.9869,0.0441725
0.9855,-0.0644932
0.9766,0.147773
0.9638,0.196015
0.940967,0.296736
0.851367,0.494547
0.866983,0.467572
0.874683,0.457898
0.845925,0.505447
0.900292,0.402057
0.96845,0.19148
0.956733,0.236071
0.956733,0.236071
0.960067,0.218632
0.960067,0.218632
0.953567,0.242863
0.87195,0.456813
0.838733,0.518033
0.838733,0.518033
0.885475,0.440094
0.729538,0.666891
0.729538,0.666891
0.700612,0.695227
0.707099,0.691252
0.646826,0.744311
0.563462,0.812585
0.483359,0.862583
0.415805,0.894383
0.436599,0.885533
0.540599,0.826082
0.577895,0.801839
0.639681,0.753196
0.608367,0.778382
0.737165,0.656936
0.741827,0.644432
0.741827,0.644432
0.889175,0.429528
0.929058,0.328977
0.916433,0.371412
0.941542,0.294325
0.879,0.448645
0.908825,0.388045
0.908825,0.388045
0.873017,0.460465
0.873017,0.460465
0.81509,0.558638
0.666794,0.729602
0.726773,0.669326
0.761433,0.629746
0.761433,0.629746
0.707056,0.690818
0.707056,0.690818
0.642037,0.751163
0.676861,0.717709
0.7208,0.67349
0.747992,0.646546
0.747992,0.646546
0.769206,0.620239
0.769206,0.620239
0.709218,0.683883
0.645705,0.747843
0.667696,0.729365
0.667696,0.729365
0.579703,0.802131
0.690246,0.707113
0.721522,0.673322
0.661486,0.734958
0.661486,0.734958
0.750234,0.641433
0.725745,0.667947
0.751153,0.64
0.641767,0.749767
0.595172,0.784016
0.432477,0.88845
0.432477,0.88845
0.432477,0.88845
0.432477,0.88845
0.432477,0.88845
0.376499,0.913483
0.281958,0.94535
0.345555,0.922192
0.345555,0.922192
0.444252,0.880567
0.420117,0.893458
0.420117,0.893458
0.432436,0.885408
0.416736,0.894317
0.218014,0.964192
0.131881,0.977525
0.0620053,0.985608
-0.17275,0.971375
-0.205817,0.9621
-0.193142,0.965292
-0.14265,0.971108
0.163727,0.9692
0.15478,0.970992
0.174328,0.9699
0.113006,0.98095
0.160586,0.976617
0.160586,0.976617
0.160586,0.976617
0.179482,0.97015
0.0922092,0.981367
0.149992,0.976675
0.0875292,0.984608
0.0972225,0.9829
0.0972225,0.9829
-0.011397,0.988092
-0.011397,0.988092
0.00168318,0.987808
-0.0159092,0.986733
0.0605854,0.988067
0.0605854,0.988067
0.123012,0.980525
-0.0484311,0.985625
-0.0165863,0.984475
-0.0686408,0.9839
-0.0686408,0.9839
-0.0686408,0.9839
-0.112424,0.981142
-0.182283,0.971242
-0.152889,0.977308
-0.212794,0.964517
-0.218553,0.959758
-0.235882,0.952808
-0.235882,0.952808
-0.210454,0.963525
-0.227718,0.956392
-0.25846,0.949883
-0.317575,0.933158
-0.341674,0.925458
-0.333101,0.930908
-0.377054,0.912642
-0.110393,0.981242
-0.0854158,0.982817
-0.19935,0.967933
-0.143748,0.972017
-0.0247063,0.985558
0.0777982,0.983008
0.0910908,0.982508
-0.0744528,0.98305
-0.100482,0.979408
-0.100482,0.979408
-0.232456,0.960475
-0.232456,0.960475
-0.333648,0.9273
-0.278938,0.94415
-0.232765,0.959092
-0.14027,0.978242
-0.146876,0.976525
-0.155704,0.974875
-0.0747501,0.983892
-0.0549267,0.987258
-0.0575543,0.984558
-0.19347,0.966108
-0.132289,0.979717
-0.120964,0.979858
-0.102316,0.982825
-0.141713,0.977083
-0.214964,0.962025
-0.342054,0.923567
-0.231733,0.960492
-0.155539,0.971667
-0.324972,0.930108
-0.492388,0.856392
-0.434769,0.887458
-0.434769,0.887458
-0.55934,0.815695
-0.55934,0.815695
-0.600217,0.782859
-0.524838,0.833093
-0.524838,0.833093
-0.469068,0.86805
-0.469068,0.86805
-0.507433,0.843733
-0.553832,0.818857
-0.627062,0.763136
-0.785595,0.598777
-0.814246,0.559779
-0.841292,0.51574
-0.896258,0.417921
-0.826427,0.543174
-0.802996,0.576212
-0.84945,0.504523
-0.844083,0.514115
-0.871775,0.459604
-0.862867,0.472417
-0.797169,0.580579
-0.829483,0.533068
-0.828443,0.538702
-0.802487,0.574283
-0.756805,0.63238
-0.729408,0.668023
-0.729408,0.668023
-0.652177,0.740607
-0.633506,0.755911
-0.773901,0.610086
-0.725488,0.671243
-0.691218,0.704755
-0.800196,0.580129
-0.75513,0.639723
-0.658932,0.736318
-0.627903,0.763735
-0.737568,0.658036
-0.685439,0.713336
-0.719592,0.674242
-0.787885,0.595505
-0.717866,0.673869
-0.717866,0.673869
-0.791936,0.590176
-0.740063,0.655147
-0.706437,0.690557
-0.724452,0.669917
-0.765585,0.625387
-0.821076,0.548334
-0.72925,0.666218
-0.699541,0.697332
-0.771673,0.60874
-0.855025,0.490836
-0.89465,0.418121
-0.89215,0.422065
-0.89215,0.422065
-0.89215,0.422065
-0.803362,0.57433
-0.798438,0.580714
-0.746036,0.648038
-0.832997,0.526048
-0.752526,0.636233
-0.821231,0.546574
-0.849433,0.498446
-0.807523,0.562085
-0.855767,0.492256
-0.868517,0.468527
-0.861292,0.480396
-0.85485,0.491522
-0.85485,0.491522
-0.866092,0.471258
-0.858742,0.484403
-0.809036,0.560851
-0.775026,0.611167
-0.784506,0.593175
-0.784506,0.593175
-0.84655,0.508908
-0.81142,0.55777
-0.8469,0.507068
-0.839025,0.514423
-0.831483,0.531984
-0.850883,0.500472
-0.850883,0.500472
-0.850883,0.500472
-0.853342,0.489646
-0.854708,0.492117
-0.825557,0.540187
-0.77691,0.613561
-0.768913,0.619351
-0.768913,0.619351
-0.771589,0.615857
-0.853617,0.494079
-0.89055,0.424417
-0.855033,0.496397
-0.855908,0.490397
-0.867825,0.467667
-0.886258,0.426969
-0.846608,0.504132
-0.916825,0.366853
-0.889517,0.424657
-0.910942,0.381971
-0.934792,0.321713
-0.934792,0.321713
-0.909717,0.387511
