MDTU,|Tr(Lx)|
1,0.0346322
2,0.0265351
3,0.0314261
4,0.0314261
5,0.0611663
6,0.0683065
7,0.0415055
8,0.0428142
9,0.0332494
10,0.0241673
11,0.0659164
12,0.0326573
13,0.0469556
14,0.0354452
15,0.0829344
16,0.0318249
17,0.0486779
18,0.00763334
19,0.045473
20,0.0437931
21,0.0403657
22,0.0531186
23,0.0698805
24,0.0195005
25,0.0306997
26,0.0105487
27,0.0532983
28,0.0293067
29,0.0478174
30,0.0175198
31,0.020909
32,0.0162385
33,0.031235
34,0.0391571
35,0.0683912
36,0.0371067
37,0.031457
38,0.031457
39,0.0332344
40,0.00315085
41,0.0455451
42,0.029523
43,0.00850409
44,0.0136201
45,0.0267603
46,0.0631714
47,0.00864885
48,0.00864885
49,0.0561913
50,0.0561913
51,0.0411021
52,0.0411021
53,0.035502
54,0.061075
55,0.0353874
56,0.0386171
57,0.0140325
58,0.0483499
59,0.0803309
60,0.019765
61,0.00619826
62,0.00619826
63,0.0743062
64,0.035337
65,0.00805789
66,0.030491
67,0.030491
68,0.0298892
69,0.058152
70,0.0186429
71,0.0297144
72,0.0328084
73,0.0328084
74,0.0268826
75,0.0199612
76,0.0487299
77,0.0408656
78,0.0400479
79,0.0400479
80,0.0397779
81,0.0393598
82,0.0141346
83,0.0141346
84,0.0370117
85,0.0578484
86,0.0092032
87,0.0403194
88,0.0196032
89,0.0465657
90,0.01895
91,0.01895
92,0.0393121
93,0.0393665
94,0.0174921
95,0.0121846
96,0.0437365
97,0.0314846
98,0.00578439
99,0.0226104
100,0.0515072
101,0.0281112
102,0.0421372
103,0.0242923
104,0.0242923
105,0.0242923
106,0.0242923
107,0.0467013
108,0.0525969
109,0.0574206
110,0.0746817
111,0.0557214
112,0.0343978
113,0.0618
114,0.0146966
115,0.0146966
116,0.0146966
117,0.0146966
118,0.0146966
119,0.0379944
120,0.0507877
121,0.0536905
122,0.0536905
123,0.026279
124,0.026279
125,0.0851973
126,0.0851973
127,0.0851973
128,0.0851973
129,0.0851973
130,0.0851973
131,0.0835021
132,0.0958914
133,0.0958914
134,0.00763453
135,0.00763453
136,0.0157676
137,0.0358407
138,0.0949805
139,0.0244917
140,0.0261135
141,0.0301524
142,0.00600765
143,0.0307219
144,0.0808456
145,0.0167864
146,0.0272686
147,0.0256789
148,0.0594972
149,0.0594972
150,0.0594972
151,0.0594972
152,0.0594972
153,0.0216588
154,0.0216588
155,0.0225673
156,0.0225673
157,0.0614907
158,0.0749357
159,0.0379559
160,0.0425246
161,0.0236054
162,0.0180572
163,0.0468711
164,0.0468711
165,0.0138038
166,0.0151656
167,0.0151656
168,0.0370144
169,0.0370144
170,0.0203116
171,0.0310263
172,0.0514564
173,0.0514564
174,0.0514652
175,0.016127
176,0.0243294
177,0.0463233
178,0.0701362
179,0.028666
180,0.0608496
181,0.0608496
182,0.0454212
183,0.035064
184,0.035064
185,0.0187338
186,0.0348446
187,0.0221739
188,0.0221739
189,0.00585309
190,0.00585309
191,0.0493135
192,0.025724
193,0.025724
194,0.0134345
195,0.046963
196,0.069585
197,0.0286005
198,0.0756181
199,0.0756181
200,0.00487082
201,0.0427142
202,0.0427142
203,0.0427142
204,0.0599099
205,0.0599099
206,0.0305957
207,0.0305957
208,0.0305957
209,0.0343596
210,0.00793178
211,0.0465208
212,0.0503493
213,0.0447861
214,0.0150598
215,0.0653204
216,0.0454907
217,0.0454907
218,0.0454907
219,0.0454907
220,0.0454907
221,0.0454907
222,0.0513149
223,0.0513149
224,0.0513149
225,0.021539
226,0.021539
227,0.0239576
228,0.0471812
229,0.0224244
230,0.0412676
231,0.0412676
232,0.0491827
233,0.0261361
234,0.0190107
235,0.0678586
236,0.0277499
237,0.0428655
238,0.0414365
239,0.0113896
240,0.0406773
241,0.0225538
242,0.0291965
243,0.0490781
244,0.0119958
245,0.0575116
246,0.0575116
247,0.0685529
248,0.0685529
249,0.0152649
250,0.0302635
251,0.0234698
252,0.0234698
253,0.0234698
254,0.0234698
255,0.0443112
256,0.0290419
257,0.03793
258,0.0428786
259,0.034101
260,0.0311787
261,0.0171672
262,0.0171672
263,0.0138736
264,0.0138736
265,0.0138736
266,0.0138736
267,0.0251109
268,0.0251109
269,0.0556973
270,0.0556973
271,0.0153958
272,0.0270218
273,0.0270218
274,0.0270218
275,0.0360373
276,0.0360373
277,0.00876205
278,0.0151614
279,0.0406869
280,0.0406869
281,0.0273862
282,0.0273862
283,0.0273862
284,0.0282005
285,0.0282005
286,0.0313641
287,0.0029595
288,0.0246288
289,0.0246288
290,0.027757
291,0.028105
292,0.014141
293,0.014141
294,0.014141
295,0.0141782
296,0.0141782
297,0.0141782
298,0.0141782
299,0.0141782
300,0.0464092
301,0.0196263
302,0.0889438
303,0.0306461
304,0.0520363
305,0.0520363
306,0.0354626
307,0.0409086
308,0.0165829
309,0.0165829
310,0.0121115
311,0.0537724
312,0.0537724
313,0.0537724
314,0.0577343
315,0.0577343
316,0.0884826
317,0.0239459
318,0.0225148
319,0.0225148
320,0.0225148
321,0.0225148
322,0.0565444
323,0.0565444
324,0.0565444
325,0.0372845
326,0.0406867
327,0.0406867
328,0.0443815
329,0.0170765
330,0.0475205
331,0.0475205
332,0.0179362
333,0.0179362
334,0.0225926
335,0.00420881
336,0.044805
337,0.0205355
338,0.0653126
339,0.0444024
340,0.0409076
341,0.0259163
342,0.0608911
343,0.0192527
344,0.0192527
345,0.0404861
346,0.0267416
347,0.0267416
348,0.0117961
349,0.0397084
350,0.0472228
351,0.0432931
352,0.0432931
353,0.0322024
354,0.0535788
355,0.0535788
356,0.0535788
357,0.0535788
358,0.0387061
359,0.0539928
360,0.0539928
361,0.0595666
362,0.0595666
363,0.0595666
364,0.0107768
365,0.0107768
366,0.0166077
367,0.0166077
368,0.0541082
369,0.0541082
370,0.0541082
371,0.0364048
372,0.0454178
373,0.0210916
374,0.0210916
375,0.0638523
376,0.0568442
377,0.0568442
378,0.0568442
379,0.0222021
380,0.0323532
381,0.0323533
382,0.0339896
383,0.0323661
384,0.0323661
385,0.0351461
386,0.0351461
387,0.0351461
388,0.0653351
389,0.0312365
390,0.0165636
391,0.0515809
392,0.0515809
393,0.0515809
394,0.0274408
395,0.0275373
396,0.0275373
397,0.0248233
398,0.0248233
399,0.0412431
400,0.0645642
401,0.0340881
402,0.0340881
403,0.0187105
404,0.00704519
405,0.0209265
406,0.0209265
407,0.0504191
408,0.020308
409,0.0312458
410,0.0312458
411,0.0310246
412,0.0310246
413,0.0310246
414,0.0524493
415,0.044952
416,0.044952
417,0.0190184
418,0.0240492
419,0.0240492
420,0.0527019
421,0.0527019
422,0.106594
423,0.0858994
424,0.0858994
425,0.0547618
426,0.0226874
427,0.0415248
428,0.0619178
429,0.0424851
430,0.0424851
431,0.0424851
432,0.0435179
433,0.0622994
434,0.0701404
435,0.0270693
436,0.0373272
437,0.0636543
438,0.0181244
439,0.0438275
440,0.0438275
441,0.0290547
442,0.0239703
443,0.0274667
444,0.013224
445,0.013224
446,0.0421092
447,0.0421092
448,0.0421092
449,0.00536209
450,0.00536209
451,0.0297032
452,0.0297032
453,0.0198084
454,0.0292103
455,0.0522938
456,0.0212163
457,0.0497861
458,0.0412319
459,0.0280322
460,0.0422337
461,0.0558603
462,0.05484
463,0.0203407
464,0.0187503
465,0.0367132
466,0.0150215
467,0.0310271
468,0.0503653
469,0.0189633
470,0.0189633
471,0.0795562
472,0.0344596
473,0.00721438
474,0.0414135
475,0.0502144
476,0.0689192
477,0.0346589
478,0.0284809
479,0.0219627
480,0.0532849
481,0.0420277
482,0.0581562
483,0.0120403
484,0.0120403
485,0.0120403
486,0.0120403
487,0.0287234
488,0.0287234
489,0.0287234
490,0.0351772
491,0.0427653
492,0.0427653
493,0.0427653
494,0.0403441
495,0.040922
496,0.0267523
497,0.0448554
498,0.0284571
499,0.0331551
500,0.0505554
501,0.0505554
502,0.0136277
503,0.0136277
504,0.0141259
505,0.0160816
506,0.0415809
507,0.0415809
508,0.0415809
509,0.0415809
510,0.0266332
511,0.0266331
512,0.0442914
513,0.0628656
514,0.0628656
515,0.0628656
516,0.0716458
517,0.0561374
518,0.0206577
519,0.0418184
520,0.0418184
521,0.0407818
522,0.0516144
523,0.0190532
524,0.0190532
525,0.0190532
526,0.0104976
527,0.0552875
528,0.0145891
529,0.0145891
530,0.0145891
531,0.0521926
532,0.00707263
533,0.00707263
534,0.026275
535,0.0143359
536,0.0143359
537,0.0185567
538,0.0201032
539,0.0201032
540,0.0545695
541,0.0490864
542,0.0416587
543,0.0524856
544,0.0524856
545,0.0291639
546,0.0521648
547,0.0416325
548,0.049547
549,0.034624
550,0.0378616
551,0.0261792
552,0.0261792
553,0.0261792
554,0.0164314
555,0.0164314
556,0.0164314
557,0.0175803
558,0.056813
559,0.056813
560,0.0279744
561,0.0385793
562,0.0189167
563,0.0277265
564,0.0352001
565,0.0352001
566,0.0273803
567,0.0226309
568,0.0312811
569,0.0312811
570,0.0483501
571,0.0840539
572,0.0421369
573,0.0246713
574,0.0246713
575,0.0510568
576,0.0287046
577,0.0366435
578,0.0103304
579,0.0121562
580,0.029252
581,0.044846
582,0.0264565
583,0.0215007
584,0.0476426
585,0.0476426
586,0.0476426
587,0.0476426
588,0.0345538
589,0.0298058
590,0.0445635
591,0.0744719
592,0.0924919
593,0.0343185
594,0.0361144
595,0.0361144
596,0.0234583
597,0.0263435
598,0.0526176
599,0.0526176
600,0.0314984
601,0.0314985
602,0.0314985
603,0.0158041
604,0.101457
605,0.0505957
606,0.0123817
607,0.0503845
608,0.0303878
609,0.0303878
610,0.0303878
611,0.0693308
612,0.0313711
613,0.0183378
614,0.0188411
615,0.0144341
616,0.0280895
617,0.0844609
618,0.0537746
619,0.0252482
620,0.0473018
621,0.0473018
622,0.0473018
623,0.0164701
624,0.0164701
625,0.0303629
626,0.058718
627,0.058718
628,0.058718
629,0.0246929
630,0.0557233
631,0.0229969
632,0.0467545
633,0.0272361
634,0.0367506
635,0.0748883
636,0.0391446
637,0.0391446
638,0.0391446
639,0.0247364
640,0.0185294
641,0.0375794
642,0.0401935
643,0.0504173
644,0.0504173
645,0.0180696
646,0.0317722
647,0.0660763
648,0.0456401
649,0.0456401
650,0.0775339
651,0.0203017
652,0.0203017
653,0.0203017
654,0.0130505
655,0.0497167
656,0.0497167
657,0.0384369
658,0.0384369
659,0.0384369
660,0.0384369
661,0.0384369
662,0.021847
663,0.0212418
664,0.0212418
665,0.0465578
666,0.0465578
667,0.0613446
668,0.0613446
669,0.0237927
670,0.0237927
671,0.0237927
672,0.0237927
673,0.0327209
674,0.0269491
675,0.0777283
676,0.0418801
677,0.0418801
678,0.0418801
679,0.0335307
680,0.0335307
681,0.031055
682,0.031055
683,0.031055
684,0.031055
685,0.0116733
686,0.0405695
687,0.0368204
688,0.00994638
689,0.0532225
690,0.00884568
691,0.0373544
692,0.0203603
693,0.0273168
694,0.0608656
695,0.0473265
696,0.0473265
697,0.0282698
698,0.0173012
699,0.0173012
700,0.0572994
701,0.0572994
702,0.0630233
703,0.0313405
704,0.0555204
705,0.0522484
706,0.0533052
707,0.0540708
708,0.00698777
709,0.0432961
710,0.0145426
711,0.0175009
712,0.0175009
713,0.0175009
714,0.0175009
715,0.0633017
716,0.0633017
717,0.0408866
718,0.0249543
719,0.0670438
720,0.0397753
721,0.0371891
722,0.0365999
723,0.0365999
724,0.015806
725,0.031983
726,0.031983
727,0.0626874
728,0.0311939
729,0.0552459
730,0.0552459
731,0.0552459
732,0.0109944
733,0.0109944
734,0.0267223
735,0.0228955
736,0.0394505
737,0.0199608
738,0.0201811
739,0.0201811
740,0.0624474
741,0.0315201
742,0.0315201
743,0.0574139
744,0.0574139
745,0.016344
746,0.019666
747,0.0726987
748,0.0170038
749,0.0812228
750,0.0177215
751,0.0177215
752,0.0384166
753,0.0524701
754,0.0154963
755,0.0136999
756,0.0758125
757,0.0758125
758,0.0263863
759,0.0263863
760,0.0263863
761,0.0263863
762,0.0772611
763,0.039001
764,0.039001
765,0.039001
766,0.0450818
767,0.0450818
768,0.0450818
769,0.0180472
770,0.0180472
771,0.0465957
772,0.00580258
773,0.00580258
774,0.00580258
775,0.00580258
776,0.0473469
777,0.00723178
778,0.0247598
779,0.0358306
780,0.0626506
781,0.0626506
782,0.0316647
783,0.018259
784,0.0361906
785,0.0292267
786,0.0292267
787,0.0398403
788,0.0552307
789,0.0552307
790,0.0509318
791,0.0511192
792,0.0586631
793,0.0644538
794,0.046299
795,0.0285859
796,0.0633968
797,0.0275208
798,0.0249689
799,0.0602927
800,0.0602927
801,0.0602927
802,0.0337737
803,0.036217
804,0.036217
805,0.036217
806,0.0670151
807,0.0670151
808,0.0212112
809,0.0212112
810,0.0778078
811,0.0271246
812,0.0271246
813,0.0801834
814,0.0343775
815,0.0343775
816,0.0343775
817,0.0164563
818,0.0164563
819,0.024243
820,0.024243
821,0.0539324
822,0.0525254
823,0.02306
824,0.0184323
825,0.0292844
826,0.0145125
827,0.0614436
828,0.0241279
829,0.0355957
830,0.0355957
831,0.0355957
832,0.019464
833,0.0476179
834,0.0476179
835,0.085853
836,0.0505371
837,0.0505371
838,0.0505371
839,0.0256292
840,0.0408509
841,0.0408509
842,0.0315081
843,0.0315081
844,0.0394449
845,0.0368971
846,0.0264555
847,0.0264555
848,0.0591151
849,0.0591151
850,0.0438613
851,0.041666
852,0.041666
853,0.0111594
854,0.11841
855,0.0824024
856,0.0824024
857,0.027081
858,0.027081
859,0.0771497
860,0.0771497
861,0.0771497
862,0.0463508
863,0.056717
864,0.0774898
865,0.0155485
866,0.0394061
867,0.0394061
868,0.0466478
869,0.0466478
870,0.0275219
871,0.025415
872,0.0495669
873,0.00888694
874,0.00888694
875,0.00888694
876,0.054585
877,0.0375941
878,0.0493053
879,0.0493053
880,0.0170997
881,0.0170997
882,0.0368544
883,0.0212352
884,0.0212352
885,0.0112114
886,0.0112114
887,0.0438681
888,0.0438681
889,0.0438681
890,0.0294578
891,0.013856
892,0.0270729
893,0.02192
894,0.00536625
895,0.00536625
896,0.0648652
897,0.0390172
898,0.0390172
899,0.0513944
900,0.0513944
901,0.04173
902,0.04173
903,0.04173
904,0.0557424
905,0.0557424
906,0.0526534
907,0.0526534
908,0.0526534
909,0.0526534
910,0.0297872
911,0.0297872
912,0.0297872
913,0.0556982
914,0.0556982
915,0.0556982
916,0.0556982
917,0.0501008
918,0.0487628
919,0.0302665
920,0.0466606
921,0.0466606
922,0.0511713
923,0.0475982
924,0.0193795
925,0.0218883
926,0.0615321
927,0.0538598
928,0.048271
929,0.0527407
930,0.0337087
931,0.0590741
932,0.0590741
933,0.0590741
934,0.0575783
935,0.0194163
936,0.0194163
937,0.0825631
938,0.0825631
939,0.0853566
940,0.0853566
941,0.0269349
942,0.0269349
943,0.033064
944,0.051048
945,0.0672685
946,0.00344681
947,0.00344681
948,0.0572033
949,0.0572033
950,0.0790669
951,0.0790669
952,0.0790669
953,0.0830892
954,0.0248941
955,0.0248941
956,0.0132181
957,0.0301652
958,0.0228768
959,0.0228768
960,0.0240182
961,0.000711179
962,0.0496765
963,0.0496765
964,0.0525613
965,0.0525613
966,0.0432982
967,0.0432982
968,0.0432982
969,0.0432982
970,0.0432982
971,0.0432982
972,0.0488902
973,0.0177573
974,0.0623954
975,0.0247512
976,0.0247512
977,0.0252112
978,0.0352413
979,0.076658
980,0.0583644
981,0.0359028
982,0.04596
983,0.0235841
984,0.0417424
985,0.0100392
986,0.0100392
987,0.0167743
988,0.0481393
989,0.0481393
990,0.0481393
991,0.0481393
992,0.0481393
993,0.0453354
994,0.0229655
995,0.0435883
996,0.0897563
997,0.0897563
998,0.0261442
999,0.0372722
1000,0.0376118
1001,0.011918
1002,0.0820115
1003,0.0820115
1004,0.0215619
1005,0.0202993
1006,0.0162117
1007,0.0148527
1008,0.0404213
1009,0.0388196
1010,0.0311597
1011,0.0311597
1012,0.0186058
1013,0.0188993
1014,0.0188993
1015,0.0640859
1016,0.061843
1017,0.061843
1018,0.061843
1019,0.0151338
1020,0.0196739
1021,0.0242938
1022,0.0526243
1023,0.0526243
1024,0.0595468
1025,0.00924888
1026,0.0282913
1027,0.0212181
1028,0.0526991
1029,0.0280954
1030,0.017101
1031,0.0497242
1032,0.0302388
1033,0.0302388
1034,0.0302388
1035,0.00405673
1036,0.0354601
1037,0.0354601
1038,0.0300848
1039,0.0388117
1040,0.0435678
1041,0.0435678
1042,0.0552752
1043,0.0611127
1044,0.0373685
1045,0.0373685
1046,0.0293751
1047,0.0353694
1048,0.0353694
1049,0.0634945
1050,0.0710122
1051,0.0710122
1052,0.0226023
1053,0.0504629
1054,0.00481797
1055,0.00415564
1056,0.0323081
1057,0.0337993
1058,0.0448239
1059,0.067371
1060,0.067371
1061,0.0278493
1062,0.0278493
1063,0.0252425
1064,0.0252425
1065,0.0244784
1066,0.0244784
1067,0.0244784
1068,0.0244784
1069,0.0333584
1070,0.0262952
1071,0.0500918
1072,0.0500918
1073,0.0434445
1074,0.0917603
1075,0.016026
1076,0.016026
1077,0.0722855
1078,0.0722855
1079,0.0350482
1080,0.0129637
1081,0.0108859
1082,0.0472362
1083,0.021982
1084,0.00679989
1085,0.0217364
1086,0.041226
1087,0.041226
1088,0.041226
1089,0.0334321
1090,0.0492228
1091,0.0492228
1092,0.0337968
1093,0.0207935
1094,0.0230357
1095,0.0230357
1096,0.0230357
1097,0.0230357
1098,0.0118978
1099,0.0118978
1100,0.0238411
1101,0.0158077
1102,0.0158077
1103,0.0274944
1104,0.0361533
1105,0.0361533
1106,0.0361533
1107,0.0105939
1108,0.0105939
1109,0.0259996
1110,0.0362965
1111,0.0369943
1112,0.0449175
1113,0.0543467
1114,0.0103096
1115,0.0105272
1116,0.00803398
1117,0.0401554
1118,0.0401554
1119,0.0358063
1120,0.0358063
1121,0.0639065
1122,0.0639065
1123,0.0483853
1124,0.0389027
1125,0.0514613
1126,0.032021
1127,0.00489121
1128,0.0458168
1129,0.0458168
1130,0.0458168
1131,0.0474575
1132,0.035511
1133,0.0397996
1134,0.0397996
1135,0.0397996
1136,0.0421568
1137,0.0497751
1138,0.0497751
1139,0.0342266
1140,0.0774021
1141,0.0774021
1142,0.0609017
1143,0.0609017
1144,0.0346114
1145,0.0346114
1146,0.0349296
1147,0.0244244
1148,0.041638
1149,0.029778
1150,0.0443465
1151,0.016583
1152,0.016583
1153,0.0135476
1154,0.0551124
1155,0.0249866
1156,0.103196
1157,0.0362524
1158,0.0366684
1159,0.0366684
1160,0.0416604
1161,0.0366366
1162,0.044345
1163,0.0390398
1164,0.0657148
1165,0.0395468
1166,0.0189358
1167,0.0363422
1168,0.073795
1169,0.0201792
1170,0.0707552
1171,0.0707552
1172,0.0369915
1173,0.0320727
1174,0.0104885
1175,0.0205504
1176,0.0249526
1177,0.00772627
1178,0.0575258
1179,0.0189896
1180,0.0501214
1181,0.0464015
1182,0.0385757
1183,0.0385757
1184,0.024875
1185,0.0376704
1186,0.0335672
1187,0.0597156
1188,0.0756894
1189,0.0577734
1190,0.0511135
1191,0.0410135
1192,0.0410135
1193,0.0410135
1194,0.0410135
1195,0.0318557
1196,0.0318557
1197,0.0472673
1198,0.0472673
1199,0.0472673
1200,0.0414781
1201,0.0414781
1202,0.0186695
1203,0.0454425
1204,0.0717391
1205,0.0350291
1206,0.0350291
1207,0.0712421
1208,0.0436046
1209,0.0436046
1210,0.0358852
1211,0.0358852
1212,0.00812438
1213,0.00812438
1214,0.0168538
1215,0.0585347
1216,0.0585347
1217,0.0585347
1218,0.0585347
1219,0.0585347
1220,0.034
1221,0.0339999
1222,0.0333423
1223,0.0333423
1224,0.0371554
1225,0.0123567
1226,0.0123567
1227,0.0193815
1228,0.0367013
1229,0.0367013
1230,0.0414895
1231,0.0145667
1232,0.0300157
1233,0.0300157
1234,0.0566781
1235,0.0566781
1236,0.0333952
1237,0.0333952
1238,0.0756691
1239,0.0418569
1240,0.0418569
1241,0.0258232
1242,0.0265423
1243,0.0259651
1244,0.0167089
1245,0.00059224
1246,0.0459383
1247,0.0240036
1248,0.0362901
1249,0.0362901
1250,0.078366
1251,0.078366
1252,0.078366
1253,0.052121
1254,0.0269915
1255,0.0269915
1256,0.0767265
1257,0.0767265
1258,0.0499665
1259,0.0106273
1260,0.0536629
1261,0.0215218
1262,0.0215218
1263,0.0762295
1264,0.0238948
1265,0.0444562
1266,0.0358634
1267,0.0358634
1268,0.0358634
1269,0.0640578
1270,0.059038
1271,0.059038
1272,0.07083
1273,0.07083
1274,0.0411677
1275,0.0151853
1276,0.0496841
1277,0.0604562
1278,0.0604562
1279,0.0604562
1280,0.019071
1281,0.0253653
1282,0.0246608
1283,0.0349499
1284,0.0349499
1285,0.0365957
1286,0.0786561
1287,0.0377714
1288,0.0831511
1289,0.0831511
1290,0.00948223
1291,0.044061
1292,0.044061
1293,0.044061
1294,0.044061
1295,0.0504038
1296,0.0801861
1297,0.0567299
1298,0.028768
1299,0.028768
1300,0.046787
1301,0.0193243
1302,0.0193243
1303,0.00902538
1304,0.0457703
1305,0.0457703
1306,0.102222
1307,0.0491674
1308,0.00888095
1309,0.0383988
1310,0.0409497
1311,0.0267269
1312,0.00838553
1313,0.0942512
1314,0.045402
1315,0.045402
1316,0.0579984
1317,0.0945793
1318,0.0945793
1319,0.0158814
1320,0.00762465
1321,0.029969
1322,0.052681
1323,0.0551154
1324,0.0221185
1325,0.0746755
1326,0.054948
1327,0.0261106
1328,0.0261106
1329,0.0261106
1330,0.0353366
1331,0.0432585
1332,0.069439
1333,0.0360353
1334,0.0380346
1335,0.0462636
1336,0.0709411
1337,0.0505102
1338,0.0580235
1339,0.0580235
1340,0.0177357
1341,0.0177357
1342,0.0177357
1343,0.0477285
1344,0.0266395
1345,0.0266395
1346,0.0484609
1347,0.0165827
1348,0.0181191
1349,0.0600498
1350,0.0323252
1351,0.0483246
1352,0.0287107
1353,0.090656
1354,0.0874038
1355,0.0945178
1356,0.0945178
1357,0.0390261
1358,0.0480499
1359,0.0480499
1360,0.0480499
1361,0.0593833
1362,0.0593833
1363,0.0700115
1364,0.0700115
1365,0.0563724
1366,0.0340675
1367,0.0340675
1368,0.0425419
1369,0.00886075
1370,0.0310033
1371,0.0168439
1372,0.0166801
1373,0.0534768
1374,0.0845228
1375,0.04213
1376,0.0635882
1377,0.0635882
1378,0.0167144
1379,0.0153304
1380,0.0153304
1381,0.0459082
1382,0.0596274
1383,0.0596274
1384,0.0596274
1385,0.0596274
1386,0.0258239
1387,0.0168975
1388,0.0885856
1389,0.0284724
1390,0.0350807
1391,0.0810728
1392,0.0415395
1393,0.0535031
1394,0.0345482
1395,0.0363056
1396,0.0363056
1397,0.0363056
1398,0.0377137
1399,0.0377137
1400,0.0155618
1401,0.0155618
1402,0.0360489
1403,0.0509897
1404,0.0482938
1405,0.0484391
1406,0.0484391
1407,0.0192176
1408,0.0404048
1409,0.0882675
1410,0.0382359
1411,0.035675
1412,0.0101241
1413,0.0101241
1414,0.0234264
1415,0.0234264
1416,0.0651293
1417,0.0651293
1418,0.0651293
1419,0.0482076
1420,0.0482076
1421,0.0428901
1422,0.00251479
1423,0.00251479
1424,0.0241483
1425,0.00696654
1426,0.0158588
1427,0.0158588
1428,0.0273605
1429,0.020344
1430,0.0660409
1431,0.0328256
1432,0.0328256
1433,0.0112578
1434,0.0353088
1435,0.0544812
1436,0.0452475
1437,0.0452475
1438,0.0168275
1439,0.052308
1440,0.0544657
1441,0.0054641
1442,0.0054641
1443,0.0508386
1444,0.0106939
1445,0.0503856
1446,0.0176741
1447,0.0385468
1448,0.0406986
1449,0.0406986
1450,0.0566927
1451,0.058649
1452,0.063918
1453,0.063918
1454,0.063918
1455,0.063918
1456,0.0460353
1457,0.022255
1458,0.022255
1459,0.0402802
1460,0.0402802
1461,0.00722136
1462,0.00722136
1463,0.0448345
1464,0.0336896
1465,0.0452709
1466,0.0418029
1467,0.0508165
1468,0.0527653
1469,0.0445431
1470,0.057536
1471,0.0533365
1472,0.0395592
1473,0.0331258
1474,0.0331258
1475,0.0553434
1476,0.0553434
1477,0.0553434
1478,0.0126299
1479,0.0161535
1480,0.0401749
1481,0.0401749
1482,0.0318242
1483,0.0318242
1484,0.0318242
1485,0.0318242
1486,0.0144993
1487,0.0316769
1488,0.0316769
1489,0.0497184
1490,0.0454743
1491,0.0454743
1492,0.0164478
1493,0.0224469
1494,0.0224469
1495,0.0224469
1496,0.02329
1497,0.0356779
1498,0.0681144
1499,0.0681144
1500,0.0289237
1501,0.0289237
1502,0.0352923
1503,0.0352923
1504,0.0246664
1505,0.0246664
1506,0.0246664
1507,0.0226589
1508,0.031366
1509,0.0447721
1510,0.0447721
1511,0.0187976
1512,0.0380074
1513,0.0380074
1514,0.00473609
1515,0.0290647
1516,0.0383786
1517,0.0383786
1518,0.0317231
1519,0.0303692
1520,0.0303692
1521,0.0303692
1522,0.0303692
1523,0.0459295
1524,0.0459295
1525,0.0459295
1526,0.0566907
1527,0.0628119
1528,0.0628119
1529,0.0572691
1530,0.0572691
1531,0.0572691
1532,0.0169795
1533,0.042423
1534,0.0313545
1535,0.0371657
1536,0.0371657
1537,0.00523491
1538,0.0514005
1539,0.0514005
1540,0.0514005
1541,0.0514006
1542,0.0167632
1543,0.0846855
1544,0.0499011
1545,0.0307487
1546,0.0307487
1547,0.0285849
1548,0.00343247
1549,0.0195178
1550,0.044335
1551,0.0141664
1552,0.0222123
1553,0.0229325
1554,0.0229325
1555,0.0229325
1556,0.0499585
1557,0.0499585
1558,0.0499585
1559,0.0325156
1560,0.0300717
1561,0.0384763
1562,0.0384763
1563,0.0384763
1564,0.0703673
1565,0.0703673
1566,0.0138318
1567,0.0138318
1568,0.0298383
1569,0.0377743
1570,0.0377743
1571,0.0377743
1572,0.0377743
1573,0.0178528
1574,0.0178528
1575,0.0380402
1576,0.0380402
1577,0.010261
1578,0.00929344
1579,0.0401909
1580,0.0401909
1581,0.0287462
1582,0.0287462
1583,0.0734014
1584,0.024817
1585,0.024817
1586,0.0288868
1587,0.0288868
1588,0.0147746
1589,0.0208699
1590,0.0208699
1591,0.050608
1592,0.0602446
1593,0.0657158
1594,0.0657158
1595,0.00405989
1596,0.00643366
1597,0.00643366
1598,0.0290062
1599,0.0290062
1600,0.0276434
1601,0.0187983
1602,0.032808
1603,0.0213157
1604,0.058871
1605,0.058871
1606,0.0251719
1607,0.0381405
1608,0.0381405
1609,0.0585005
1610,0.0214446
1611,0.0500731
1612,0.0238678
1613,0.0394584
1614,0.0158528
1615,0.0584003
1616,0.0584003
1617,0.0584003
1618,0.0176033
1619,0.0394486
1620,0.0126447
1621,0.0126447
1622,0.0348045
1623,0.060665
1624,0.0348075
1625,0.0272311
1626,0.0272311
1627,0.0272311
1628,0.0502776
1629,0.0495188
1630,0.0479233
1631,0.0224155
1632,0.0362933
1633,0.0222568
1634,0.0457097
1635,0.0181803
1636,0.0181803
1637,0.0181803
1638,0.0181803
1639,0.0181803
1640,0.0223456
1641,0.010849
1642,0.010849
1643,0.010849
1644,0.010849
1645,0.0249933
1646,0.0139123
1647,0.0139123
1648,0.0139123
1649,0.0139123
1650,0.0303457
1651,0.0303457
1652,0.0344144
1653,0.024146
1654,0.0602519
1655,0.0602519
1656,0.0602519
1657,0.0539208
1658,0.0424169
1659,0.0424169
1660,0.0424169
1661,0.0424169
1662,0.0408437
1663,0.0772081
1664,0.0600459
1665,0.0600459
1666,0.0600459
1667,0.039806
1668,0.0189723
1669,0.00396803
1670,0.00396803
1671,0.00396804
1672,0.0671431
1673,0.0200401
1674,0.0514276
1675,0.0489644
1676,0.0238552
1677,0.0395356
1678,0.0519043
1679,0.0509776
1680,0.0509776
1681,0.049275
1682,0.049275
1683,0.0299107
1684,0.034185
1685,0.0435194
1686,0.062932
1687,0.062932
1688,0.062932
1689,0.0564629
1690,0.0399884
1691,0.0272323
1692,0.0272323
1693,0.0272323
1694,0.0272323
1695,0.044245
1696,0.044245
1697,0.0408649
1698,0.0574696
1699,0.0393023
1700,0.0367786
1701,0.0367786
1702,0.0367786
1703,0.0828006
1704,0.0828006
1705,0.0217039
1706,0.0157703
1707,0.0278124
1708,0.0406527
1709,0.00867941
1710,0.00867941
1711,0.0322561
1712,0.0491978
1713,0.0868521
1714,0.0868521
1715,0.0416029
1716,0.0136117
1717,0.0435975
1718,0.0435975
1719,0.038746
1720,0.00879088
1721,0.0809851
1722,0.0264043
1723,0.04314
1724,0.064102
1725,0.0270105
1726,0.0492512
1727,0.0492512
1728,0.0226641
1729,0.0226641
1730,0.042771
1731,0.0537184
1732,0.0509915
1733,0.00721452
1734,0.00721452
1735,0.00721452
1736,0.0243975
1737,0.0421958
1738,0.0421958
1739,0.0390384
1740,0.00912785
1741,0.0435836
1742,0.050366
1743,0.050366
1744,0.0612325
1745,0.0350961
1746,0.063557
1747,0.063557
1748,0.0472352
1749,0.0472352
1750,0.0451972
1751,0.0451972
1752,0.0435541
1753,0.0676813
1754,0.0188658
1755,0.00407304
1756,0.0160673
1757,0.0563315
1758,0.0117982
1759,0.0276729
1760,0.0629003
1761,0.0629003
1762,0.0629003
1763,0.0352543
1764,0.0237789
1765,0.0237789
1766,0.0237789
1767,0.0459724
1768,0.0286732
1769,0.0261984
1770,0.0261984
1771,0.0261984
1772,0.0299823
1773,0.0299823
1774,0.0166982
1775,0.0589944
1776,0.0549035
1777,0.0110761
1778,0.036158
1779,0.0492309
1780,0.0688603
1781,0.0688603
1782,0.0761884
1783,0.0456618
1784,0.0446326
1785,0.0401391
1786,0.0401391
1787,0.0401391
1788,0.0340168
1789,0.0340168
1790,0.0340168
1791,0.0290137
1792,0.0290137
1793,0.0759055
1794,0.0435474
1795,0.0808235
1796,0.0808235
1797,0.0209607
1798,0.0356902
1799,0.0548304
1800,0.0477394
1801,0.0477394
1802,0.0477394
1803,0.082585
1804,0.0410345
1805,0.0419048
1806,0.0144183
1807,0.0665345
1808,0.0197742
1809,0.00210517
1810,0.00210517
1811,0.00210516
1812,0.00210516
1813,0.00210516
1814,0.00210516
1815,0.00210516
1816,0.0418345
1817,0.0418345
1818,0.0337518
1819,0.0485962
1820,0.0638784
1821,0.0278794
1822,0.0278794
1823,0.0193646
1824,0.0684209
1825,0.037229
1826,0.0516356
1827,0.0272896
1828,0.045566
1829,0.0128445
1830,0.0128445
1831,0.0451907
1832,0.0724911
1833,0.0724911
1834,0.0724911
1835,0.0724911
1836,0.040683
1837,0.0207503
1838,0.0395061
1839,0.0356241
1840,0.0568618
1841,0.0568619
1842,0.0196963
1843,0.0154994
1844,0.0315803
1845,0.0841117
1846,0.0340705
1847,0.0340705
1848,0.0340705
1849,0.0498472
1850,0.0498472
1851,0.0226015
1852,0.0226015
1853,0.0429103
1854,0.0411013
1855,0.0377028
1856,0.0377028
1857,0.0166394
1858,0.0578775
1859,0.0159443
1860,0.023852
1861,0.0690041
1862,0.0690041
1863,0.0353156
1864,0.0353156
1865,0.0353156
1866,0.030602
1867,0.018479
1868,0.018479
1869,0.0309863
1870,0.0674584
1871,0.0288263
1872,0.0624664
1873,0.0624664
1874,0.0428488
1875,0.0428488
1876,0.0383649
1877,0.0347174
1878,0.036709
1879,0.0378678
1880,0.0378678
1881,0.0196021
1882,0.0977325
1883,0.041156
1884,0.041156
1885,0.0320542
1886,0.0407993
1887,0.0709629
1888,0.0709629
1889,0.0424162
1890,0.0729129
1891,0.0729129
1892,0.0296313
1893,0.0889464
1894,0.0709632
1895,0.0478866
1896,0.0450391
1897,0.0626233
1898,0.0626233
1899,0.0626233
1900,0.087719
1901,0.0210872
1902,0.0210872
1903,0.0210872
1904,0.0586519
1905,0.0455305
1906,0.0514938
1907,0.0307306
1908,0.0589677
1909,0.0288218
1910,0.0279898
1911,0.0577894
1912,0.0240798
1913,0.0565269
1914,0.0156361
1915,0.0211235
1916,0.0265529
1917,0.0265529
1918,0.0265529
1919,0.0368205
1920,0.0353645
1921,0.0353645
1922,0.0238343
1923,0.0320249
1924,0.0506627
1925,0.0506627
1926,0.0203174
1927,0.0188989
1928,0.0188989
1929,0.0347844
1930,0.0281284
1931,0.0281284
1932,0.0281284
1933,0.0133046
1934,0.046756
1935,0.046756
1936,0.0316404
1937,0.0114374
1938,0.099831
1939,0.015285
1940,0.0204791
1941,0.0274218
1942,0.087114
1943,0.0257445
1944,0.0429518
1945,0.00997457
1946,0.00997457
1947,0.00997457
1948,0.00997457
1949,0.00997457
1950,0.0255084
1951,0.0629134
1952,0.0629134
1953,0.0483819
1954,0.0288287
1955,0.0115472
1956,0.0115472
1957,0.0135497
1958,0.0378335
1959,0.0447142
1960,0.0349693
1961,0.0218998
1962,0.0193406
1963,0.0474156
1964,0.0431437
1965,0.00889373
1966,0.031626
1967,0.031626
1968,0.0483252
1969,0.00229991
1970,0.0233892
1971,0.0233892
1972,0.053903
1973,0.0568752
1974,0.0210272
1975,0.0210272
1976,0.0388766
1977,0.0394026
1978,0.0487201
1979,0.0487201
1980,0.0485621
1981,0.0214156
1982,0.0668762
1983,0.0668762
1984,0.0668762
1985,0.0452426
1986,0.0221328
1987,0.018537
1988,0.018537
1989,0.018537
1990,0.0246308
1991,0.00667789
1992,0.0535757
1993,0.0241304
1994,0.0245063
1995,0.0618212
1996,0.0408505
1997,0.0738569
1998,0.0667628
1999,0.008744
2000,0.008744
2001,0.0436644
2002,0.0577883
2003,0.0583215
2004,0.0323072
2005,0.00709506
2006,0.0233157
2007,0.0221553
2008,0.0431921
2009,0.0624381
2010,0.0624381
2011,0.0528132
2012,0.0528132
2013,0.0386802
2014,0.0386802
2015,0.0726851
2016,0.0726851
2017,0.0336382
2018,0.105073
2019,0.105073
2020,0.0324035
2021,0.0324035
2022,0.062281
2023,0.062281
2024,0.0516859
2025,0.045298
2026,0.045298
2027,0.045298
2028,0.0398889
2029,0.0398889
2030,0.0687471
2031,0.0687471
2032,0.0378917
2033,0.0340596
2034,0.0340596
2035,0.0340596
2036,0.0286475
2037,0.0286475
2038,0.0585102
2039,0.0493956
2040,0.0555422
2041,0.0407103
2042,0.038315
2043,0.0357239
2044,0.0357239
2045,0.0357239
2046,0.0342134
2047,0.078138
2048,0.078138
2049,0.078138
2050,0.0419286
2051,0.0480339
2052,0.0249631
2053,0.0249631
2054,0.042148
2055,0.0214686
2056,0.0214686
2057,0.0185778
2058,0.0632202
2059,0.0252489
2060,0.00802254
2061,0.00802255
2062,0.0477556
2063,0.0183299
2064,0.0183299
2065,0.0286829
2066,0.0562662
2067,0.0562662
2068,0.0190851
2069,0.0389283
2070,0.0389283
2071,0.0510121
2072,0.0240251
2073,0.0424983
2074,0.0245379
2075,0.0528778
2076,0.0625152
2077,0.0324619
2078,0.0608041
2079,0.0675341
2080,0.032983
2081,0.032983
2082,0.0193773
2083,0.0294289
2084,0.0283799
2085,0.0402297
2086,0.0568389
2087,0.0376721
2088,0.012113
2089,0.012113
2090,0.0259033
2091,0.0253899
2092,0.0524046
2093,0.0317212
2094,0.0487834
2095,0.0266046
2096,0.0452891
2097,0.00958487
2098,0.0462984
2099,0.0481639
2100,0.0253269
2101,0.0375936
2102,0.0572648
2103,0.00723965
2104,0.00559353
2105,0.00559353
2106,0.0152322
2107,0.0582445
2108,0.0228719
2109,0.0228719
2110,0.0228719
2111,0.028352
2112,0.0274185
2113,0.0338047
2114,0.00364102
2115,0.00364102
2116,0.0487828
2117,0.0179877
2118,0.0431923
2119,0.0350257
2120,0.0350257
2121,0.0334087
2122,0.0578989
2123,0.0115643
2124,0.0852849
2125,0.0852849
2126,0.0852849
2127,0.0852849
2128,0.0301981
2129,0.0301981
2130,0.0301981
2131,0.0322291
2132,0.039565
2133,0.0188104
2134,0.0188104
2135,0.051425
2136,0.051425
2137,0.051425
2138,0.0440446
2139,0.00329254
2140,0.072055
2141,0.0257923
2142,0.0257923
2143,0.054452
2144,0.030028
2145,0.0305345
2146,0.0194851
2147,0.0317941
2148,0.0139095
2149,0.0475383
2150,0.0475383
2151,0.0305851
2152,0.0305851
2153,0.0305851
2154,0.0345955
2155,0.0260782
2156,0.0378419
2157,0.0289179
2158,0.0289179
2159,0.0170528
2160,0.0372125
2161,0.0218754
2162,0.0218754
2163,0.0218754
2164,0.0434809
2165,0.0108447
2166,0.0578992
2167,0.0578992
2168,0.0226582
2169,0.0118846
2170,0.0363504
2171,0.0363504
2172,0.0424077
2173,0.0424077
2174,0.0384564
2175,0.0384564
2176,0.055505
2177,0.0181039
2178,0.0668611
2179,0.0668611
2180,0.0444676
2181,0.0444677
2182,0.0640887
2183,0.0510088
2184,0.058572
2185,0.0117027
2186,0.0117027
2187,0.0901626
2188,0.059877
2189,0.059877
2190,0.0160231
2191,0.0106666
2192,0.0154067
2193,0.0553871
2194,0.0246866
2195,0.034301
2196,0.034301
2197,0.034301
2198,0.034301
2199,0.0915954
2200,0.0299948
2201,0.0273207
2202,0.0275059
2203,0.0275059
2204,0.0275059
2205,0.0567281
2206,0.0263149
2207,0.0263149
2208,0.0444414
2209,0.0247426
2210,0.0247426
2211,0.0247426
2212,0.070147
2213,0.070147
2214,0.0337647
2215,0.0292088
2216,0.0292088
2217,0.0765112
2218,0.030157
2219,0.0488851
2220,0.0488851
2221,0.0488851
2222,0.0147523
2223,0.0147523
2224,0.0606247
2225,0.0444277
2226,0.0378249
2227,0.0378249
2228,0.0422474
2229,0.020182
2230,0.0644931
2231,0.0660791
2232,0.0193109
2233,0.0193109
2234,0.0502502
2235,0.0885125
2236,0.0122573
2237,0.020804
2238,0.0351421
2239,0.020183
2240,0.027616
2241,0.027616
2242,0.027616
2243,0.0464865
2244,0.031007
2245,0.031007
2246,0.0275238
2247,0.0275238
2248,0.0139533
2249,0.0511757
2250,0.0172314
2251,0.0475401
2252,0.0292922
2253,0.0414814
2254,0.0414814
2255,0.0367539
2256,0.04115
2257,0.0440693
2258,0.0462914
2259,0.0462914
2260,0.00935757
2261,0.0570083
2262,0.0191291
2263,0.0274619
2264,0.0274619
2265,0.0543695
2266,0.0518205
2267,0.0304113
2268,0.0385479
2269,0.0385479
2270,0.0385479
2271,0.0328081
2272,0.0328081
2273,0.00883081
2274,0.0506067
2275,0.0217755
2276,0.0851915
2277,0.0547251
2278,0.0547251
2279,0.0547251
2280,0.064698
2281,0.064698
2282,0.0244492
2283,0.0244492
2284,0.0294386
2285,0.0294386
2286,0.0331788
2287,0.0331788
2288,0.0346726
2289,0.0424024
2290,0.0348789
2291,0.0218309
2292,0.0218309
2293,0.0576525
2294,0.058132
2295,0.058132
2296,0.010707
2297,0.0433017
2298,0.0186634
2299,0.00806368
2300,0.0290686
2301,0.0191566
2302,0.0360871
2303,0.0442959
2304,0.0442959
2305,0.0494288
2306,0.0311515
2307,0.0365373
2308,0.0224876
2309,0.0290911
2310,0.0290911
2311,0.024896
2312,0.0258817
2313,0.0456227
2314,0.00798118
2315,0.0328328
2316,0.0283002
2317,0.0271091
2318,0.00561809
2319,0.0794859
2320,0.0144588
2321,0.0478826
2322,0.0593841
2323,0.0321109
2324,0.0502173
2325,0.0502173
2326,0.00274896
2327,0.0402887
2328,0.0509582
2329,0.0394542
2330,0.0609178
2331,0.0182008
2332,0.0529937
2333,0.0529937
2334,0.0529937
2335,0.0437823
2336,0.0437823
2337,0.0601943
2338,0.0358134
2339,0.0249634
2340,0.012739
2341,0.012739
2342,0.012739
2343,0.0235926
2344,0.0728712
2345,0.0862684
2346,0.0936802
2347,0.0337645
2348,0.0547635
2349,0.0211782
2350,0.0284344
2351,0.0802825
2352,0.0770814
2353,0.0853612
2354,0.0853612
2355,0.0595895
2356,0.0199583
2357,0.0456864
2358,0.0456864
2359,0.0430648
2360,0.0205044
2361,0.0563366
2362,0.0216468
2363,0.0241239
2364,0.0241239
2365,0.00776302
2366,0.0489706
2367,0.0489706
2368,0.0440035
2369,0.0314251
2370,0.0317663
2371,0.0317663
2372,0.0528472
2373,0.046077
2374,0.0423923
2375,0.0423923
2376,0.0423923
2377,0.0202217
2378,0.0202217
2379,0.0123671
2380,0.0344168
2381,0.0344168
2382,0.0134012
2383,0.0308598
2384,0.0308598
2385,0.0308598
2386,0.0168895
2387,0.0359514
2388,0.0359514
2389,0.0359514
2390,0.0494659
2391,0.0478685
2392,0.0238419
2393,0.0473127
2394,0.0473127
2395,0.0473127
2396,0.0334819
2397,0.0407595
2398,0.0289751
2399,0.0289751
2400,0.0695924
2401,0.0305382
2402,0.0305382
2403,0.0305382
2404,0.0390751
2405,0.0362154
2406,0.0455648
2407,0.0301068
2408,0.0328952
2409,0.033991
2410,0.033991
2411,0.033991
2412,0.052641
2413,0.0484375
2414,0.0706281
2415,0.0321028
2416,0.017197
2417,0.0487264
2418,0.0454682
2419,0.0361342
2420,0.0239443
2421,0.0293388
2422,0.0293388
2423,0.0293388
2424,0.0470005
2425,0.0470005
2426,0.0470005
2427,0.0496019
2428,0.0144196
2429,0.0395981
2430,0.0492425
2431,0.0249087
2432,0.0249087
2433,0.0249087
2434,0.0177094
2435,0.0177094
2436,0.023558
2437,0.0521421
2438,0.0210603
2439,0.0298168
2440,0.0298168
2441,0.0210267
2442,0.0210267
2443,0.0210267
2444,0.0465935
2445,0.0213565
2446,0.0213565
2447,0.057219
2448,0.0282454
2449,0.0558977
2450,0.0558977
2451,0.0558977
2452,0.0182821
2453,0.0248626
2454,0.0116472
2455,0.0492745
2456,0.0492745
2457,0.0492745
2458,0.0940894
2459,0.0312562
2460,0.0687303
2461,0.0687303
2462,0.0687303
2463,0.0543273
2464,0.00218565
2465,0.0335877
2466,0.0335877
2467,0.0393672
2468,0.0393672
2469,0.0393672
2470,0.0548205
2471,0.0548205
2472,0.0283857
2473,0.0283857
2474,0.0283857
2475,0.0283857
2476,0.0283857
2477,0.0352172
2478,0.0178615
2479,0.0395358
2480,0.011414
2481,0.0351997
2482,0.00558042
2483,0.0326506
2484,0.0544914
2485,0.0158953
2486,0.0158953
2487,0.0331892
2488,0.0331892
2489,0.0331892
2490,0.00934828
2491,0.00934828
2492,0.0123392
2493,0.0453084
2494,0.0276752
2495,0.0314216
2496,0.0416813
2497,0.0331354
2498,0.0331354
2499,0.0756298
2500,0.0390985
2501,0.0390984
2502,0.0384478
2503,0.0103897
2504,0.0103897
2505,0.0103897
2506,0.0281345
2507,0.0315219
2508,0.0175952
2509,0.0175952
2510,0.0175952
2511,0.0472483
2512,0.0396227
2513,0.0230136
2514,0.0122834
2515,0.0614853
2516,0.0614853
2517,0.0614853
2518,0.0614853
2519,0.0331799
2520,0.041845
2521,0.0365367
2522,0.0553786
2523,0.0553786
2524,0.0444352
2525,0.0544879
2526,0.0483771
2527,0.0187289
2528,0.0390211
2529,0.0221022
2530,0.0436288
2531,0.0184974
2532,0.0184974
2533,0.0184974
2534,0.0061287
2535,0.0061287
2536,0.0061287
2537,0.0233579
2538,0.0147741
2539,0.0233451
2540,0.0493908
2541,0.0323008
2542,0.0323008
2543,0.0348428
2544,0.0348428
2545,0.0640286
2546,0.0248741
2547,0.0248741
2548,0.0320402
2549,0.0320402
2550,0.04696
2551,0.0331416
2552,0.0727795
2553,0.0143342
2554,0.00406487
2555,0.00406487
2556,0.0510455
2557,0.0421121
2558,0.0244721
2559,0.0904199
2560,0.0831244
2561,0.0362147
2562,0.0303093
2563,0.0404103
2564,0.0404103
2565,0.034057
2566,0.038775
2567,0.038775
2568,0.0305448
2569,0.0190687
2570,0.0190687
2571,0.0121685
2572,0.0121685
2573,0.044755
2574,0.0113887
2575,0.0201818
2576,0.0233907
2577,0.0177712
2578,0.0527364
2579,0.0527364
2580,0.0527364
2581,0.00529995
2582,0.0357847
2583,0.0357847
2584,0.0143103
2585,0.0177031
2586,0.0541313
2587,0.0676872
2588,0.0676872
2589,0.00827777
2590,0.0539353
2591,0.0476722
2592,0.066057
2593,0.0635103
2594,0.0635103
2595,0.0538962
2596,0.0607421
2597,0.0483692
2598,0.0193199
2599,0.0193199
2600,0.0466853
2601,0.0154015
2602,0.0162843
2603,0.0356198
2604,0.0533288
2605,0.0562432
2606,0.0408499
2607,0.00805339
2608,0.0190597
2609,0.0778027
2610,0.0778027
2611,0.0778027
2612,0.0778027
2613,0.0778027
2614,0.0567718
2615,0.0279373
2616,0.0164734
2617,0.0316848
2618,0.0679091
2619,0.0708184
2620,0.0487864
2621,0.0304431
2622,0.0396403
2623,0.0117423
2624,0.0229986
2625,0.0229986
2626,0.0228646
2627,0.0228646
2628,0.0313581
2629,0.0372323
2630,0.0372323
2631,0.0391386
2632,0.0461959
2633,0.0688881
2634,0.0640241
2635,0.0640241
2636,0.0914728
2637,0.0914728
2638,0.0140958
2639,0.0310545
2640,0.0310545
2641,0.0310545
2642,0.0706299
2643,0.0200387
2644,0.00586002
2645,0.0264432
2646,0.0240456
2647,0.02884
2648,0.0322486
2649,0.0244331
2650,0.0244331
2651,0.0334056
2652,0.0334056
2653,0.0334056
2654,0.0334056
2655,0.0179287
2656,0.0308962
2657,0.0411234
2658,0.0615657
2659,0.0615657
2660,0.0405189
2661,0.0405189
2662,0.0742698
2663,0.0186213
2664,0.056624
2665,0.0547985
2666,0.0332278
2667,0.0332278
2668,0.0332278
2669,0.0473087
2670,0.0473087
2671,0.0123147
2672,0.0123147
2673,0.0840863
2674,0.0840863
2675,0.0156825
2676,0.0405215
2677,0.0164045
2678,0.0458096
2679,0.0458096
2680,0.0577336
2681,0.0109248
2682,0.01168
2683,0.0829368
2684,0.0414522
2685,0.0414522
2686,0.0414522
2687,0.0617063
2688,0.0487947
2689,0.0487947
2690,0.0487947
2691,0.0397187
2692,0.0136793
2693,0.0458128
2694,0.0603352
2695,0.0363603
2696,0.0504785
2697,0.0504785
2698,0.0504785
2699,0.0917328
2700,0.0917328
2701,0.0360239
2702,0.0691858
2703,0.0250688
2704,0.0376982
2705,0.0319038
2706,0.0169101
2707,0.0639975
2708,0.0475152
2709,0.0475152
2710,0.0475152
2711,0.0475152
2712,0.0661725
2713,0.0486127
2714,0.0486127
2715,0.0486127
2716,0.0272867
2717,0.0272867
2718,0.0428281
2719,0.0428281
2720,0.0428281
2721,0.0428281
2722,0.0428281
2723,0.0319708
2724,0.0225366
2725,0.043887
2726,0.0712314
2727,0.0620261
2728,0.030042
2729,0.0445016
2730,0.0445016
2731,0.0479036
2732,0.0332815
2733,0.0228073
2734,0.0228073
2735,0.0514988
2736,0.0387869
2737,0.0278847
2738,0.0278847
2739,0.0278847
2740,0.0104119
2741,0.0224056
2742,0.0669831
2743,0.032256
2744,0.0172101
2745,0.0172101
2746,0.0246149
2747,0.0273628
2748,0.060967
2749,0.0333161
2750,0.0416473
2751,0.0235769
2752,0.0672575
2753,0.0184888
2754,0.00635609
2755,0.0376824
2756,0.0376824
2757,0.0213836
2758,0.00626667
2759,0.0593549
2760,0.0687727
2761,0.031082
2762,0.0295029
2763,0.00991586
2764,0.0594168
2765,0.0594168
2766,0.0559059
2767,0.0389308
2768,0.0345271
2769,0.0272186
2770,0.0678688
2771,0.062662
2772,0.0877204
2773,0.0196645
2774,0.0365179
2775,0.0365179
2776,0.0436246
2777,0.0508423
2778,0.00811238
2779,0.070389
2780,0.070389
2781,0.0128723
2782,0.00370171
2783,0.0306394
2784,0.0306394
2785,0.0274275
2786,0.0274275
2787,0.0456253
2788,0.0671519
2789,0.0651969
2790,0.053922
2791,0.0469219
2792,0.0627738
2793,0.0627738
2794,0.0561534
2795,0.0583101
2796,0.0583101
2797,0.0583101
2798,0.0497255
2799,0.0855125
2800,0.0855125
2801,0.0336279
2802,0.0176846
2803,0.0176846
2804,0.0176846
2805,0.026515
2806,0.026515
2807,0.0528475
2808,0.0310461
2809,0.0504391
2810,0.0504391
2811,0.0359608
2812,0.0359608
2813,0.0903448
2814,0.0584486
2815,0.00983617
2816,0.0171375
2817,0.0171375
2818,0.0427576
2819,0.0127185
2820,0.0294156
2821,0.0723089
2822,0.031261
2823,0.031261
2824,0.014582
2825,0.0620784
2826,0.0149015
2827,0.043509
2828,0.043509
2829,0.043509
2830,0.043509
2831,0.043509
2832,0.043509
2833,0.0315678
2834,0.0341418
2835,0.0389032
2836,0.0646218
2837,0.0646218
2838,0.0640824
2839,0.0640824
2840,0.0216537
2841,0.0216537
2842,0.0143686
2843,0.0143686
2844,0.0157
2845,0.0157
2846,0.033793
2847,0.0489227
2848,0.0489227
2849,0.0489227
2850,0.0489227
2851,0.0246152
2852,0.0246152
2853,0.0213609
2854,0.0213609
2855,0.0563467
2856,0.0563467
2857,0.0563467
2858,0.038459
2859,0.0195131
2860,0.0382273
2861,0.0306036
2862,0.0306036
2863,0.0253877
2864,0.0524718
2865,0.0755645
2866,0.045424
2867,0.0709114
2868,0.0169519
2869,0.0384035
2870,0.0335674
2871,0.0335674
2872,0.0507642
2873,0.0507642
2874,0.00967416
2875,0.00967416
2876,0.00967416
2877,0.00967416
2878,0.00838152
2879,0.058939
2880,0.0333149
2881,0.0333149
2882,0.0209155
2883,0.0400562
2884,0.0400562
2885,0.0537684
2886,0.053998
2887,0.0330419
2888,0.0330419
2889,0.0389194
2890,0.0296162
2891,0.0348848
2892,0.0348848
2893,0.0322635
2894,0.0322635
2895,0.0171326
2896,0.0544846
2897,0.0544846
2898,0.0544846
2899,0.0248715
2900,0.0527236
2901,0.0360071
2902,0.0369759
2903,0.0411888
2904,0.0411888
2905,0.0304219
2906,0.0354136
2907,0.00748022
2908,0.0156358
2909,0.0151886
2910,0.01904
2911,0.00874585
2912,0.0346007
2913,0.0224651
2914,0.0224651
2915,0.0224651
2916,0.047933
2917,0.0573492
2918,0.0573492
2919,0.063044
2920,0.063044
2921,0.063044
2922,0.0256648
2923,0.0522552
2924,0.0253282
2925,0.0627016
2926,0.0450256
2927,0.0890433
2928,0.0580266
2929,0.0847424
2930,0.0847424
2931,0.0847424
2932,0.0253426
2933,0.0104341
2934,0.0104341
2935,0.024304
2936,0.024304
2937,0.0523603
2938,0.0523603
2939,0.0161037
2940,0.0532978
2941,0.0532978
2942,0.0371349
2943,0.0371349
2944,0.0371349
2945,0.0117055
2946,0.0184324
2947,0.0184324
2948,0.0333485
2949,0.0333485
2950,0.00965008
2951,0.0693433
2952,0.0266538
2953,0.00849151
2954,0.0405745
2955,0.0523423
2956,0.0462687
2957,0.00581452
2958,0.0398036
2959,0.0324117
2960,0.0265397
2961,0.0189543
2962,0.0368745
2963,0.0578873
2964,0.0570175
2965,0.0570175
2966,0.0172262
2967,0.071333
2968,0.0200468
2969,0.046317
2970,0.0452675
2971,0.0452675
2972,0.0630813
2973,0.0363375
2974,0.0363375
2975,0.0363375
2976,0.0363375
2977,0.0363375
2978,0.0363375
2979,0.0363375
2980,0.0363375
2981,0.0376009
2982,0.068403
2983,0.068403
2984,0.0460317
2985,0.0460317
2986,0.0660793
2987,0.0223013
2988,0.0109466
2989,0.0109466
2990,0.0403069
2991,0.0403069
2992,0.0403069
2993,0.0403069
2994,0.0303913
2995,0.0318265
2996,0.0262608
2997,0.0262608
2998,0.0611572
2999,0.0611572
3000,0.0144466
3001,0.0256129
3002,0.0143725
3003,0.0259697
3004,0.0195984
3005,0.0319517
3006,0.0255889
3007,0.0255889
3008,0.0327776
3009,0.0563202
3010,0.024141
3011,0.0366914
3012,0.0837126
3013,0.0529619
3014,0.0679679
3015,0.0353918
3016,0.0232557
3017,0.029762
3018,0.0175822
3019,0.0175822
3020,0.0175822
3021,0.0175822
3022,0.0175822
3023,0.0262393
3024,0.0262393
3025,0.0279483
3026,0.0600787
3027,0.0752983
3028,0.0572204
3029,0.0572204
3030,0.0405423
3031,0.0615192
3032,0.0615192
3033,0.0615192
3034,0.0309196
3035,0.0463725
3036,0.0238408
3037,0.0612482
3038,0.0254157
3039,0.0365709
3040,0.0118655
3041,0.0422604
3042,0.0319852
3043,0.0483677
3044,0.0375052
3045,0.00694594
3046,0.00694594
3047,0.00694594
3048,0.024054
3049,0.024054
3050,0.0475215
3051,0.0110527
3052,0.0110527
3053,0.049528
3054,0.049528
3055,0.013366
3056,0.013366
3057,0.02283
3058,0.02283
3059,0.02283
3060,0.02283
3061,0.0064753
3062,0.00444033
3063,0.0721415
3064,0.0303367
3065,0.0610134
3066,0.0610134
3067,0.0177639
3068,0.0600686
3069,0.0405189
3070,0.0434833
3071,0.0434833
3072,0.0246237
3073,0.0189068
3074,0.0126148
3075,0.0126148
3076,0.0724131
3077,0.0355633
3078,0.0235602
3079,0.0235602
3080,0.0747671
3081,0.0598054
3082,0.0598054
3083,0.00895832
3084,0.00895832
3085,0.0371919
3086,0.0400806
3087,0.0720457
3088,0.0576205
3089,0.0744447
3090,0.0744447
3091,0.0744447
3092,0.0151266
3093,0.0256692
3094,0.0539146
3095,0.0539146
3096,0.0209446
3097,0.0363581
3098,0.00729621
3099,0.0891568
3100,0.0196789
3101,0.0175949
3102,0.0233586
3103,0.0307845
3104,0.0613445
3105,0.0196042
3106,0.0233513
3107,0.0393859
3108,0.0367334
3109,0.01596
3110,0.01596
3111,0.0353287
3112,0.0353287
3113,0.0547135
3114,0.0418617
3115,0.0428054
3116,0.00757988
3117,0.00757988
3118,0.0386331
3119,0.0386331
3120,0.0383855
3121,0.0383855
3122,0.0180183
3123,0.0301906
3124,0.0301906
3125,0.0718749
3126,0.0232938
3127,0.0423629
3128,0.0403502
3129,0.0487702
3130,0.0377911
3131,0.0525995
3132,0.0525995
3133,0.0525995
3134,0.0233898
3135,0.0406356
3136,0.0311151
3137,0.0483529
3138,0.0413958
3139,0.0413958
3140,0.0413958
3141,0.0586153
3142,0.0693611
3143,0.0348595
3144,0.0323606
3145,0.0093532
3146,0.0093532
3147,0.0473165
3148,0.0473165
3149,0.0138977
3150,0.0496452
3151,0.0479938
3152,0.0479938
3153,0.0479938
3154,0.0444431
3155,0.0452841
3156,0.0616606
3157,0.0448316
3158,0.0448316
3159,0.0190615
3160,0.0271825
3161,0.0182859
3162,0.0325562
3163,0.0325562
3164,0.0368001
3165,0.0416916
3166,0.0378417
3167,0.0664484
3168,0.0252209
3169,0.0778342
3170,0.0525106
3171,0.0582907
3172,0.0582907
3173,0.0582907
3174,0.0612557
3175,0.0335265
3176,0.0335265
3177,0.0789853
3178,0.084465
3179,0.0391217
3180,0.0701562
3181,0.0701562
3182,0.0577832
3183,0.0577832
3184,0.0327952
3185,0.0386504
3186,0.0386504
3187,0.0343688
3188,0.0651275
3189,0.0668778
3190,0.0280012
3191,0.0799301
3192,0.00581873
3193,0.0272056
3194,0.0336002
3195,0.0345457
3196,0.0361037
3197,0.0348611
3198,0.0197267
3199,0.0546421
3200,0.0787221
3201,0.0273168
3202,0.0189112
3203,0.0670392
3204,0.0327652
3205,0.0102718
3206,0.0440973
3207,0.0440973
3208,0.0440973
3209,0.0536158
3210,0.0210122
3211,0.0210122
3212,0.0210122
3213,0.0210122
3214,0.0210122
3215,0.0210122
3216,0.0332413
3217,0.0332413
3218,0.0368211
3219,0.0741138
3220,0.0700426
3221,0.0700426
3222,0.0327159
3223,0.0327159
3224,0.0327159
3225,0.0327159
3226,0.0677556
3227,0.0151614
3228,0.0151614
3229,0.0151614
3230,0.0532561
3231,0.0614403
3232,0.012158
3233,0.0219454
3234,0.047465
3235,0.047465
3236,0.0702276
3237,0.0702276
3238,0.0535206
3239,0.0138555
3240,0.0485086
3241,0.0322063
3242,0.0133649
3243,0.0133649
3244,0.0322717
3245,0.0471865
3246,0.042475
3247,0.042475
3248,0.0458911
3249,0.0458911
3250,0.0458911
3251,0.0501203
3252,0.0501203
3253,0.0501203
3254,0.0417478
3255,0.018598
3256,0.028063
3257,0.028063
3258,0.028063
3259,0.0170684
3260,0.0586349
3261,0.0428215
3262,0.090404
3263,0.090404
3264,0.0590001
3265,0.0701733
3266,0.0423071
3267,0.0423071
3268,0.0423237
3269,0.0619805
3270,0.0382629
3271,0.0382629
3272,0.0382629
3273,0.0412282
3274,0.0347403
3275,0.0347403
3276,0.0347403
3277,0.0347403
3278,0.0347403
3279,0.0717792
3280,0.0717792
3281,0.0717792
3282,0.0717792
3283,0.0109546
3284,0.0109546
3285,0.00973518
3286,0.0404302
3287,0.0404302
3288,0.0161183
3289,0.0161183
3290,0.0245578
3291,0.0226661
3292,0.0226661
3293,0.0417749
3294,0.0417749
3295,0.0169096
3296,0.0272593
3297,0.038978
3298,0.038978
3299,0.038978
3300,0.038978
3301,0.0479898
3302,0.0412081
3303,0.00279479
3304,0.0315434
3305,0.0315434
3306,0.0315434
3307,0.0247118
3308,0.0247118
3309,0.0712803
3310,0.0712803
3311,0.0281606
3312,0.0677594
3313,0.0785626
3314,0.0611536
3315,0.0611536
3316,0.0611536
3317,0.0611536
3318,0.0123824
3319,0.033307
3320,0.0290354
3321,0.0290354
3322,0.0237823
3323,0.0237823
3324,0.0237823
3325,0.0115629
3326,0.0115629
3327,0.0115629
3328,0.0432262
3329,0.0432262
3330,0.0612138
3331,0.0665333
3332,0.0152664
3333,0.0265347
3334,0.00580966
3335,0.0393004
3336,0.0393004
3337,0.0393004
3338,0.0393004
3339,0.0564717
3340,0.0564717
3341,0.0371664
3342,0.0712675
3343,0.0712675
3344,0.043548
3345,0.0792342
3346,0.0487293
3347,0.0579635
3348,0.0579635
3349,0.0272726
3350,0.0272726
3351,0.0425342
3352,0.0270746
3353,0.0406475
3354,0.0406475
3355,0.0145051
3356,0.0489159
3357,0.0829391
3358,0.0899585
3359,0.00997974
3360,0.00997974
3361,0.0851584
3362,0.0851584
3363,0.0851584
3364,0.0212869
3365,0.072461
3366,0.072461
3367,0.0246189
3368,0.0621865
3369,0.0467793
3370,0.0271007
3371,0.0406026
3372,0.0626599
3373,0.0626599
3374,0.0551982
3375,0.0551982
3376,0.0485177
3377,0.0237134
3378,0.046493
3379,0.046493
3380,0.046493
3381,0.0818966
3382,0.0261984
3383,0.0261984
3384,0.0583173
3385,0.0719091
3386,0.0719091
3387,0.0694353
3388,0.0159843
3389,0.0541609
3390,0.0541609
3391,0.0231052
3392,0.0231052
3393,0.0311343
3394,0.0134874
3395,0.0276408
3396,0.0323703
3397,0.0510387
3398,0.0193852
3399,0.0193852
3400,0.0153587
3401,0.0190824
3402,0.0190824
3403,0.0200821
3404,0.0200821
3405,0.0114472
3406,0.0114472
3407,0.081626
3408,0.081626
3409,0.0431429
3410,0.0463467
3411,0.062841
3412,0.0736917
3413,0.0736917
3414,0.0614664
3415,0.0614664
3416,0.101163
3417,0.0491954
3418,0.0472008
3419,0.0472008
3420,0.0261785
3421,0.0118439
3422,0.0118439
3423,0.0155437
3424,0.0232514
3425,0.0686229
3426,0.0149273
3427,0.0149273
3428,0.0149273
3429,0.0196328
3430,0.0263835
3431,0.0263835
3432,0.0263835
3433,0.0152676
3434,0.0513346
3435,0.0267116
3436,0.00382863
3437,0.0268462
3438,0.046826
3439,0.046826
3440,0.0758843
3441,0.0758843
3442,0.0235163
3443,0.0222509
3444,0.0183828
3445,0.0276005
3446,0.0276005
3447,0.0109426
3448,0.0381287
3449,0.0321116
3450,0.0615181
3451,0.00188284
3452,0.00188284
3453,0.00188284
3454,0.00188284
3455,0.0394161
3456,0.0566568
3457,0.0566568
3458,0.0566568
3459,0.0159906
3460,0.0337231
3461,0.0396323
3462,0.0312565
3463,0.0312565
3464,0.0132029
3465,0.0533381
3466,0.0533381
3467,0.0863799
3468,0.0863799
3469,0.0233093
3470,0.0162035
3471,0.0265711
3472,0.0265711
3473,0.0601469
3474,0.0589514
3475,0.0691379
3476,0.0691379
3477,0.0191814
3478,0.0136024
3479,0.0136024
3480,0.0366598
3481,0.073125
3482,0.0402421
3483,0.0217519
3484,0.0217519
3485,0.0479383
3486,0.0626199
3487,0.0464256
3488,0.0268677
3489,0.0268677
3490,0.00802475
3491,0.00802474
3492,0.0447051
3493,0.00994735
3494,0.00994735
3495,0.00994735
3496,0.00994735
3497,0.00994735
3498,0.0316777
3499,0.0316777
3500,0.0541344
