MDTU,plaq
1,2.00084
2,1.81882
3,1.64568
4,1.64568
5,1.64568
6,1.52013
7,1.43151
8,1.43151
9,1.43151
10,1.43151
11,1.43151
12,1.37425
13,1.28938
14,1.26945
15,1.2286
16,1.2286
17,1.20477
18,1.16409
19,1.14376
20,1.12576
21,1.07341
22,1.07341
23,1.0597
24,1.0788
25,1.05119
26,1.05119
27,1.05943
28,1.05098
29,1.06185
30,1.06185
31,1.03311
32,1.00329
33,1.0007
34,1.0209
35,1.02344
36,1.02344
37,1.04073
38,1.04073
39,1.03591
40,1.02261
41,1.03834
42,1.04125
43,1.03163
44,1.01971
45,1.04169
46,1.04169
47,1.01522
48,1.0375
49,1.02153
50,1.02214
51,1.02214
52,1.01372
53,1.03871
54,1.01058
55,1.02727
56,1.03748
57,1.00479
58,0.993928
59,1.01501
60,1.0268
61,1.0331
62,1.00017
63,1.0037
64,1.01486
65,1.00245
66,0.997831
67,1.02588
68,1.0134
69,1.03165
70,1.03081
71,1.03834
72,1.05568
73,1.05568
74,1.08591
75,1.05745
76,1.07241
77,1.07241
78,1.07241
79,1.0675
80,1.0675
81,1.07112
82,1.07112
83,1.05417
84,1.05564
85,1.0465
86,1.0465
87,1.03388
88,1.03388
89,1.04299
90,1.0279
91,1.03863
92,1.05399
93,1.02415
94,1.02415
95,1.03712
96,1.0283
97,1.04439
98,1.02782
99,1.02782
100,1.02835
101,1.02835
102,1.01953
103,1.02464
104,1.03018
105,1.05892
106,1.04204
107,1.01551
108,0.996693
109,0.987502
110,0.980806
111,1.01298
112,1.013
113,1.02646
114,1.01105
115,0.99928
116,0.998288
117,0.998288
118,1.0051
119,1.01341
120,0.997473
121,0.988845
122,0.979122
123,0.987574
124,0.984303
125,0.974548
126,0.980439
127,1.00566
128,1.00566
129,1.01792
130,1.01072
131,1.00191
132,1.00443
133,1.00341
134,1.02807
135,1.02807
136,1.02807
137,1.03709
138,1.02459
139,1.02897
140,1.02801
141,1.02772
142,1.02772
143,1.04894
144,1.06941
145,1.05531
146,1.026
147,1.01244
148,1.00047
149,1.00094
150,0.990724
151,0.985056
152,0.988775
153,0.990052
154,0.981196
155,0.977162
156,1.00807
157,1.01879
158,0.991973
159,0.988868
160,0.984532
161,0.984919
162,0.985956
163,0.985956
164,0.985956
165,0.981987
166,0.976892
167,0.983687
168,0.981378
169,0.981551
170,0.982716
171,0.992562
172,0.995689
173,0.998653
174,0.980983
175,0.98495
176,1.01453
177,1.00181
178,0.990619
179,0.998404
180,1.00074
181,1.02955
182,1.03353
183,1.00353
184,1.02604
185,1.02098
186,1.01799
187,0.998629
188,1.02248
189,0.99901
190,0.961659
191,1.00301
192,0.987708
193,1.01378
194,1.00178
195,1.00034
196,1.02206
197,0.998323
198,1.00861
199,0.997197
200,1.01553
201,1.0048
202,0.993515
203,0.992816
204,1.0083
205,1.00156
206,1.00786
207,1.02781
208,1.02781
209,1.02397
210,1.00298
211,0.99572
212,0.988404
213,0.989406
214,1.00279
215,1.00279
216,1.01355
217,1.01196
218,1.03279
219,1.03996
220,1.0344
221,1.02161
222,1.01866
223,1.02762
224,1.02723
225,1.00942
226,1.015
227,1.02571
228,1.01751
229,1.03753
230,1.03055
231,1.02092
232,1.02092
233,1.04017
234,1.02936
235,1.03976
236,1.0385
237,1.02066
238,1.02193
239,1.02111
240,1.02974
241,1.06127
242,1.05795
243,1.04049
244,1.02531
245,1.01917
246,1.03212
247,1.03178
248,1.03499
249,1.04532
250,1.06709
251,1.0404
252,1.05302
253,1.03526
254,1.03526
255,1.06049
256,1.06049
257,1.05091
258,1.04489
259,1.02452
260,1.0003
261,1.0003
262,1.00219
263,1.00963
264,1.00981
265,1.00981
266,1.01081
267,1.03012
268,1.03012
269,1.00636
270,1.03863
271,1.03863
272,1.0407
273,1.02808
274,1.01166
275,1.02444
276,1.02444
277,1.03462
278,1.01813
279,1.01732
280,1.0125
281,1.01579
282,1.02356
283,1.03268
284,1.01192
285,1.00432
286,0.989008
287,1.01554
288,1.02121
289,1.03421
290,1.05031
291,1.03425
292,1.04362
293,1.04302
294,1.05281
295,1.07585
296,1.07585
297,1.07585
298,1.07585
299,1.07585
300,1.06441
301,1.05292
302,1.03587
303,1.06039
304,1.06126
305,1.0326
306,1.03012
307,1.02981
308,1.02181
309,1.01938
310,1.00917
311,1.01111
312,1.01606
313,1.00716
314,1.0053
315,0.986696
316,1.01057
317,1.02251
318,1.00276
319,1.00276
320,1.01627
321,1.05002
322,1.06478
323,1.06478
324,1.04246
325,1.02967
326,1.02459
327,1.02459
328,1.02459
329,1.05409
330,1.05409
331,1.05409
332,1.04414
333,1.04908
334,1.04009
335,1.05075
336,1.04755
337,1.04396
338,1.04064
339,1.05515
340,1.0476
341,1.05892
342,1.04578
343,1.07259
344,1.05418
345,1.06583
346,1.06277
347,1.06277
348,1.0671
349,1.04894
350,1.06534
351,1.04259
352,1.04618
353,1.04836
354,1.03057
355,1.01734
356,0.999503
357,0.995421
358,0.995421
359,0.992244
360,1.00538
361,0.998781
362,0.998781
363,1.01203
364,1.01792
365,1.01792
366,1.0243
367,1.01458
368,1.04023
369,1.03964
370,1.05411
371,1.07138
372,1.07138
373,1.05318
374,1.03867
375,1.04678
376,1.05634
377,1.05986
378,1.05583
379,1.05501
380,1.04778
381,1.02821
382,1.02272
383,1.0195
384,1.0195
385,1.02732
386,1.0422
387,1.07172
388,1.05293
389,1.02599
390,1.05425
391,1.04305
392,1.04954
393,1.04961
394,1.04961
395,1.03526
396,1.03866
397,1.0475
398,1.0475
399,1.0475
400,1.05136
401,1.05401
402,1.06106
403,1.05368
404,1.04747
405,1.03732
406,1.0424
407,1.03791
408,1.01661
409,1.00915
410,1.03405
411,1.01927
412,1.01927
413,1.02009
414,1.01399
415,1.02033
416,1.00858
417,0.984406
418,0.978016
419,0.98563
420,0.989648
421,0.987714
422,1.02643
423,1.03036
424,1.02463
425,1.05594
426,1.04021
427,1.04021
428,1.04069
429,1.03405
430,1.02933
431,1.04081
432,1.05161
433,1.06306
434,1.04896
435,1.02697
436,1.01148
437,1.0217
438,1.01802
439,1.0136
440,1.02575
441,1.04576
442,1.04308
443,1.04496
444,1.04064
445,1.03238
446,1.02754
447,1.02754
448,1.04605
449,1.02429
450,1.01968
451,1.0217
452,1.01702
453,1.03085
454,1.01961
455,1.03698
456,1.0389
457,1.02567
458,1.0215
459,1.0316
460,1.03649
461,1.01466
462,1.01551
463,1.02826
464,1.02444
465,1.02444
466,1.02108
467,1.02321
468,1.03075
469,1.02228
470,1.02228
471,1.03261
472,1.02517
473,1.02945
474,1.03427
475,1.01597
476,1.02346
477,1.02346
478,1.04264
479,1.01434
480,1.05543
481,1.04784
482,1.04784
483,1.0154
484,1.02465
485,1.01851
486,0.993542
487,0.99819
488,0.989489
489,0.993892
490,0.980907
491,1.00246
492,0.999356
493,1.00926
494,0.999102
495,1.00212
496,1.01859
497,1.00042
498,1.00042
499,1.00111
500,0.991396
501,0.977617
502,0.996757
503,0.999874
504,0.991248
505,1.00912
506,0.996431
507,1.02318
508,1.02318
509,1.02318
510,1.02725
511,1.02037
512,0.996302
513,0.996302
514,1.00614
515,1.00614
516,1.00142
517,1.0254
518,1.01114
519,1.01798
520,1.02083
521,1.02083
522,1.01177
523,1.00972
524,1.01318
525,0.998432
526,0.970112
527,0.979376
528,1.00158
529,1.00639
530,1.01146
531,1.01689
532,1.00937
533,0.993297
534,1.01169
535,1.02046
536,1.04108
537,0.999624
538,1.03366
539,1.03301
540,1.03001
541,1.01532
542,1.01789
543,1.03167
544,1.02426
545,1.01311
546,1.01254
547,1.01254
548,1.00511
549,1.01702
550,1.04055
551,1.02557
552,0.997702
553,0.997702
554,1.00424
555,1.01147
556,1.02828
557,1.00083
558,1.0217
559,1.00743
560,1.01304
561,1.01283
562,1.00641
563,1.00295
564,1.02027
565,1.02027
566,1.02678
567,1.0377
568,1.03317
569,1.03317
570,1.01225
571,1.00348
572,0.994144
573,0.992813
574,0.996072
575,0.9965
576,0.9965
577,0.980582
578,1.02812
579,1.01992
580,1.00684
581,1.00684
582,1.00107
583,1.00107
584,1.02474
585,1.02651
586,1.02651
587,1.00046
588,1.02251
589,1.01917
590,1.00716
591,0.986378
592,1.00701
593,1.00585
594,1.00218
595,1.00625
596,1.01878
597,1.02704
598,1.04907
599,1.00376
600,1.00298
601,1.01461
602,1.04366
603,1.02773
604,1.02232
605,1.00907
606,1.03185
607,1.05013
608,1.02351
609,1.01693
610,1.01693
611,0.996098
612,0.991774
613,0.983224
614,1.00342
615,1.01409
616,1.02583
617,1.02681
618,1.03436
619,1.02123
620,1.00854
621,1.01951
622,1.01951
623,1.01723
624,1.00009
625,1.00154
626,1.00868
627,1.01245
628,1.02471
629,0.998877
630,1.00752
631,1.0172
632,1.01855
633,1.00997
634,1.01525
635,1.02818
636,1.02108
637,1.00559
638,1.00559
639,1.01134
640,1.0246
641,1.01961
642,1.01961
643,1.01462
644,1.01152
645,0.995086
646,1.00401
647,0.993924
648,1.00131
649,0.988647
650,0.992465
651,0.97865
652,0.97865
653,0.986711
654,0.960189
655,0.956222
656,0.967119
657,0.984494
658,0.984813
659,0.979238
660,0.985724
661,1.00779
662,1.00778
663,1.01499
664,1.02702
665,1.04427
666,1.04427
667,1.03741
668,1.03741
669,1.05484
670,1.03722
671,1.03893
672,1.022
673,1.01377
674,1.03514
675,1.03485
676,1.02724
677,1.03434
678,1.04419
679,1.04623
680,1.03878
681,1.02904
682,1.03038
683,1.03038
684,1.04212
685,1.04962
686,1.03805
687,1.04518
688,1.04663
689,1.03313
690,0.992782
691,1.02748
692,1.01731
693,1.01731
694,1.04715
695,1.06886
696,1.06803
697,1.05997
698,1.01973
699,1.01973
700,1.05609
701,1.04995
702,1.06322
703,1.04925
704,1.06769
705,1.05853
706,1.04844
707,1.04493
708,1.05148
709,1.03935
710,1.03637
711,1.02361
712,1.0615
713,1.05647
714,1.05647
715,1.07367
716,1.06809
717,1.06809
718,1.04436
719,1.04436
720,1.07102
721,1.04095
722,1.04149
723,1.04149
724,1.02641
725,1.04794
726,1.04709
727,1.03419
728,1.02958
729,1.05842
730,1.05419
731,1.05419
732,1.05419
733,1.04325
734,1.05173
735,1.06056
736,1.05779
737,1.06178
738,1.06193
739,1.07757
740,1.08263
741,1.07203
742,1.0862
743,1.0862
744,1.08547
745,1.07621
746,1.08411
747,1.04332
748,1.05279
749,1.06649
750,1.07018
751,1.07018
752,1.04034
753,1.01183
754,1.03071
755,1.01139
756,0.999123
757,1.00107
758,1.02917
759,1.04267
760,1.01781
761,1.02095
762,1.02095
763,1.0166
764,1.02097
765,1.01842
766,1.02744
767,1.02955
768,1.06132
769,1.05648
770,1.02005
771,1.01342
772,1.01724
773,1.01724
774,1.0142
775,1.0142
776,1.00309
777,1.00165
778,0.998311
779,1.00975
780,1.02998
781,1.02546
782,1.02009
783,1.01959
784,1.01402
785,1.01401
786,1.01195
787,1.01626
788,1.03177
789,1.01553
790,1.01666
791,1.01686
792,1.00445
793,1.01459
794,1.02065
795,0.998739
796,1.01665
797,1.03432
798,1.0283
799,1.01985
800,1.02589
801,1.02458
802,1.03957
803,1.04307
804,1.029
805,1.01208
806,1.0189
807,1.0108
808,1.02525
809,1.04116
810,1.03089
811,1.04238
812,1.04238
813,1.04238
814,1.04238
815,1.04238
816,1.02709
817,1.03294
818,1.03294
819,1.01776
820,1.04929
821,1.0303
822,1.0222
823,1.01887
824,1.0067
825,1.02305
826,1.02305
827,1.0251
828,1.01122
829,1.01997
830,1.02123
831,1.03553
832,1.03421
833,1.01217
834,0.993514
835,1.02447
836,1.0413
837,1.03981
838,1.02904
839,1.01724
840,1.0558
841,1.03916
842,1.00267
843,1.00467
844,1.00467
845,1.00993
846,0.996799
847,0.996799
848,0.974081
849,1.0029
850,0.987067
851,1.00119
852,1.02792
853,1.02139
854,1.01134
855,1.01038
856,1.01038
857,0.986366
858,0.99925
859,0.995781
860,0.988383
861,0.988383
862,1.00033
863,1.00911
864,0.994759
865,1.00474
866,1.00491
867,1.00195
868,1.00195
869,0.975857
870,0.966712
871,0.997184
872,1.00049
873,1.00049
874,1.0187
875,1.0187
876,1.01344
877,1.02495
878,1.04975
879,1.04106
880,1.04106
881,1.03512
882,1.02511
883,1.04047
884,1.03408
885,1.03299
886,1.06313
887,1.06278
888,1.06453
889,1.07292
890,1.07163
891,1.0531
892,1.04805
893,1.05665
894,1.05494
895,1.06323
896,1.03124
897,1.03437
898,1.03085
899,1.01265
900,1.01835
901,1.02017
902,1.00417
903,0.979004
904,1.00783
905,1.03432
906,1.04624
907,1.06272
908,1.08514
909,1.09128
910,1.08292
911,1.06616
912,1.06616
913,1.05298
914,1.05298
915,1.05298
916,1.05103
917,1.01195
918,0.998368
919,0.986048
920,0.99966
921,0.994526
922,1.03792
923,1.02798
924,1.03491
925,1.04358
926,1.03406
927,1.02893
928,1.03878
929,1.01923
930,1.04332
931,1.02963
932,1.0091
933,1.01132
934,1.00588
935,1.00909
936,1.01635
937,1.02135
938,1.03467
939,1.01318
940,1.01187
941,1.0218
942,1.02081
943,1.01667
944,1.00461
945,0.975055
946,0.990359
947,0.990317
948,1.01297
949,1.03077
950,1.02961
951,1.02961
952,1.00836
953,1.02331
954,1.04015
955,1.01283
956,0.989182
957,1.00103
958,1.0251
959,1.0268
960,1.01691
961,1.02134
962,1.03482
963,1.03482
964,1.01163
965,1.0131
966,0.982461
967,0.977325
968,0.977325
969,0.996339
970,0.997722
971,0.997722
972,0.998085
973,0.999208
974,0.999208
975,0.999154
976,1.01653
977,1.03253
978,1.02993
979,1.02891
980,1.02503
981,1.04748
982,1.0335
983,1.02636
984,1.01174
985,1.00282
986,1.00282
987,0.98495
988,0.974976
989,0.969362
990,0.950138
991,0.989979
992,0.983338
993,0.983658
994,0.994706
995,1.00833
996,1.01822
997,1.02027
998,1.02662
999,1.02662
1000,1.04092
1001,1.03137
1002,1.04639
1003,1.03323
1004,1.03787
1005,1.04035
1006,1.02652
1007,1.02378
1008,1.01675
1009,1.02437
1010,1.01241
1011,1.01241
1012,0.985908
1013,0.989627
1014,1.01246
1015,1.01207
1016,0.997146
1017,1.00892
1018,1.00231
1019,1.00113
1020,0.989801
1021,0.994144
1022,1.00251
1023,0.995081
1024,1.00824
1025,0.991305
1026,0.978076
1027,0.983865
1028,0.99838
1029,1.01447
1030,1.02357
1031,1.01821
1032,0.981811
1033,0.993393
1034,0.992466
1035,1.02437
1036,1.01625
1037,1.02443
1038,1.01436
1039,1.01427
1040,0.995317
1041,0.995317
1042,1.00805
1043,1.00805
1044,1.00505
1045,1.00505
1046,1.02087
1047,1.02689
1048,1.05068
1049,1.06775
1050,1.06775
1051,1.06516
1052,1.035
1053,1.04027
1054,1.03396
1055,1.06922
1056,1.05533
1057,1.07004
1058,1.0629
1059,1.0629
1060,1.05013
1061,1.05782
1062,1.06834
1063,1.05046
1064,1.05389
1065,1.04351
1066,1.05538
1067,1.05728
1068,1.04893
1069,1.00267
1070,1.01747
1071,0.995459
1072,1.00956
1073,0.988191
1074,0.983984
1075,0.979689
1076,1.01141
1077,0.983664
1078,0.977431
1079,0.989164
1080,0.986982
1081,0.97436
1082,0.999038
1083,0.999602
1084,0.983088
1085,1.0156
1086,1.00284
1087,1.0283
1088,1.0099
1089,1.01082
1090,1.01511
1091,1.03001
1092,1.00737
1093,1.00354
1094,1.02014
1095,0.995946
1096,1.0094
1097,1.0094
1098,1.01614
1099,1.01614
1100,1.00755
1101,1.00755
1102,1.00802
1103,1.02517
1104,1.00956
1105,1.00956
1106,1.03202
1107,1.03347
1108,1.0094
1109,0.99175
1110,0.980574
1111,0.980587
1112,1.0034
1113,0.969843
1114,0.969451
1115,0.994477
1116,1.02142
1117,0.9883
1118,1.01033
1119,0.993152
1120,1.01195
1121,1.04446
1122,1.0693
1123,1.06755
1124,1.0752
1125,1.04901
1126,1.0457
1127,1.05689
1128,1.06303
1129,1.02581
1130,1.02581
1131,1.02256
1132,1.02207
1133,1.03474
1134,1.04769
1135,1.04089
1136,1.03649
1137,1.03649
1138,1.03526
1139,1.03806
1140,1.03912
1141,1.03496
1142,1.00615
1143,1.01827
1144,1.0155
1145,1.0155
1146,1.0073
1147,1.0074
1148,1.02816
1149,1.02724
1150,1.02414
1151,1.03315
1152,1.04922
1153,1.04276
1154,1.05678
1155,1.05678
1156,1.05031
1157,1.03508
1158,1.04734
1159,1.04734
1160,1.03835
1161,1.05331
1162,1.04259
1163,1.08435
1164,1.09839
1165,1.07386
1166,1.0748
1167,1.05767
1168,1.041
1169,1.03303
1170,1.03448
1171,1.02618
1172,1.05633
1173,1.05963
1174,1.0436
1175,1.0393
1176,1.03708
1177,1.01977
1178,1.02179
1179,1.03693
1180,1.03413
1181,1.03523
1182,1.03265
1183,1.06257
1184,1.06998
1185,1.0308
1186,1.02661
1187,1.046
1188,1.05375
1189,1.02919
1190,1.02919
1191,1.02588
1192,1.02588
1193,1.01327
1194,1.02363
1195,1.03033
1196,1.01807
1197,1.01381
1198,1.03667
1199,1.03185
1200,1.03706
1201,1.03308
1202,1.02404
1203,1.0283
1204,1.04048
1205,1.04048
1206,1.03035
1207,1.03181
1208,1.04871
1209,1.02585
1210,1.01559
1211,1.02456
1212,1.01537
1213,1.01008
1214,1.02003
1215,1.03651
1216,1.02606
1217,1.01077
1218,1.0142
1219,1.01811
1220,1.00731
1221,0.98743
1222,0.98743
1223,0.995755
1224,0.999196
1225,1.01398
1226,1.01886
1227,1.04199
1228,1.04478
1229,1.04478
1230,1.03918
1231,1.03012
1232,1.01823
1233,1.01823
1234,1.0535
1235,1.0342
1236,1.02883
1237,1.03601
1238,1.03509
1239,1.06263
1240,1.06263
1241,1.05506
1242,1.04876
1243,1.00916
1244,1.0006
1245,1.0362
1246,1.0362
1247,1.01572
1248,1.03877
1249,1.05216
1250,1.04289
1251,1.04106
1252,1.04672
1253,1.04672
1254,1.04672
1255,1.04575
1256,1.02705
1257,1.02767
1258,1.03753
1259,1.00058
1260,0.99543
1261,1.02693
1262,1.02884
1263,1.0093
1264,1.0146
1265,1.01949
1266,1.0351
1267,1.0351
1268,1.03937
1269,1.04593
1270,1.0425
1271,1.02379
1272,1.02938
1273,1.03534
1274,1.05299
1275,1.05363
1276,1.04931
1277,1.02364
1278,1.0404
1279,1.04334
1280,1.04721
1281,1.03774
1282,1.01958
1283,1.01957
1284,1.03628
1285,1.02734
1286,1.02734
1287,1.05148
1288,1.06058
1289,1.04152
1290,1.02554
1291,1.02554
1292,1.04609
1293,1.04609
1294,1.04609
1295,1.01201
1296,1.01227
1297,1.01227
1298,1.03474
1299,1.05088
1300,1.03257
1301,1.03241
1302,1.03599
1303,1.02333
1304,1.02333
1305,1.02333
1306,1.01005
1307,1.02691
1308,1.00487
1309,1.01329
1310,0.989084
1311,0.992733
1312,1.01969
1313,1.03847
1314,1.02628
1315,1.02288
1316,1.01194
1317,0.994263
1318,1.01713
1319,1.04288
1320,1.04288
1321,1.0443
1322,1.06715
1323,1.06426
1324,1.03818
1325,1.06087
1326,1.06854
1327,1.05248
1328,1.04352
1329,1.06078
1330,1.06682
1331,1.05546
1332,1.05546
1333,1.05546
1334,1.05546
1335,1.06493
1336,1.04621
1337,1.03669
1338,1.03977
1339,1.05039
1340,1.01682
1341,1.03094
1342,1.02677
1343,1.01642
1344,1.01091
1345,1.01458
1346,1.02098
1347,1.01069
1348,1.01426
1349,0.995945
1350,1.00484
1351,0.984476
1352,1.0125
1353,1.01368
1354,0.994739
1355,1.02814
1356,1.02899
1357,1.02557
1358,1.01716
1359,0.991758
1360,0.993134
1361,0.97369
1362,0.994366
1363,0.984126
1364,0.979933
1365,0.989433
1366,0.995388
1367,1.02243
1368,1.00605
1369,1.01088
1370,1.0283
1371,0.993078
1372,0.982321
1373,0.999903
1374,0.999903
1375,0.997702
1376,0.979562
1377,1.00988
1378,1.00157
1379,1.01258
1380,1.01299
1381,1.0166
1382,0.994119
1383,0.98366
1384,0.987939
1385,0.994417
1386,1.00674
1387,1.02439
1388,1.01707
1389,1.02455
1390,1.02107
1391,1.0233
1392,1.04308
1393,1.03011
1394,1.03517
1395,1.04385
1396,1.03504
1397,1.03504
1398,0.997655
1399,1.00451
1400,0.996499
1401,1.01111
1402,1.02121
1403,1.01852
1404,1.01933
1405,1.01933
1406,1.01196
1407,1.01769
1408,1.01713
1409,1.00098
1410,0.993775
1411,0.991744
1412,1.01026
1413,1.02003
1414,1.00733
1415,1.01023
1416,1.0477
1417,1.0477
1418,1.03611
1419,1.03482
1420,1.01411
1421,1.027
1422,1.01317
1423,1.0072
1424,1.02971
1425,1.02881
1426,1.02944
1427,1.05475
1428,1.04932
1429,1.04737
1430,1.03666
1431,1.02987
1432,1.02082
1433,1.04414
1434,1.03217
1435,1.0262
1436,1.02121
1437,0.994473
1438,0.985422
1439,0.947447
1440,0.95935
1441,0.991708
1442,0.993321
1443,0.970573
1444,0.961366
1445,0.975335
1446,0.997791
1447,0.982608
1448,0.986061
1449,0.989027
1450,1.00867
1451,1.03973
1452,1.03262
1453,1.0241
1454,1.05481
1455,1.04013
1456,1.03492
1457,1.04375
1458,1.04375
1459,1.04496
1460,1.041
1461,1.03989
1462,1.03036
1463,1.06133
1464,1.07368
1465,1.07368
1466,1.07066
1467,1.07197
1468,1.06086
1469,1.03552
1470,1.04841
1471,1.06734
1472,1.07155
1473,1.05477
1474,1.03618
1475,1.00388
1476,1.00388
1477,1.00388
1478,1.02137
1479,1.01861
1480,0.997373
1481,0.983483
1482,0.984727
1483,1.00067
1484,0.996905
1485,1.01281
1486,1.02473
1487,1.01964
1488,1.01964
1489,1.03224
1490,1.03224
1491,1.03951
1492,1.03281
1493,1.03631
1494,1.03631
1495,1.02886
1496,1.02046
1497,1.01058
1498,1.03264
1499,1.03153
1500,1.02753
1501,1.01575
1502,1.01563
1503,1.0369
1504,1.06003
1505,1.0688
1506,1.06588
1507,1.07905
1508,1.06147
1509,1.07614
1510,1.05443
1511,1.04252
1512,1.03127
1513,1.03004
1514,1.03791
1515,1.03791
1516,1.02323
1517,1.02323
1518,1.03354
1519,1.01356
1520,1.02037
1521,1.00866
1522,1.00866
1523,1.01104
1524,1.01771
1525,1.01274
1526,1.00774
1527,1.013
1528,1.02681
1529,1.01913
1530,1.00276
1531,1.00107
1532,0.983953
1533,0.997207
1534,1.01079
1535,1.02084
1536,1.01885
1537,1.0055
1538,1.0055
1539,1.02088
1540,1.02088
1541,1.03247
1542,1.02592
1543,1.02668
1544,1.02668
1545,0.991338
1546,1.01491
1547,1.00969
1548,1.00054
1549,0.98232
1550,0.987211
1551,0.975265
1552,0.988503
1553,0.988503
1554,1.0076
1555,1.01095
1556,1.00866
1557,1.00866
1558,1.03293
1559,1.03293
1560,1.01686
1561,1.01191
1562,1.02206
1563,1.02206
1564,1.01277
1565,1.01832
1566,1.01312
1567,1.0183
1568,1.02714
1569,1.05937
1570,1.0541
1571,1.05314
1572,1.03938
1573,1.02143
1574,1.03127
1575,1.05009
1576,1.03059
1577,1.03104
1578,1.02146
1579,1.02841
1580,1.04998
1581,1.04627
1582,1.04627
1583,1.02387
1584,1.02968
1585,1.04989
1586,1.03137
1587,1.00239
1588,0.998171
1589,0.991094
1590,1.03982
1591,1.01648
1592,1.02361
1593,1.05149
1594,1.04095
1595,1.02245
1596,1.01918
1597,0.996991
1598,0.985834
1599,1.00114
1600,1.01484
1601,1.00832
1602,1.02038
1603,1.02038
1604,1.02099
1605,1.02609
1606,1.03211
1607,1.02375
1608,1.03318
1609,1.05907
1610,1.08124
1611,1.06895
1612,1.0542
1613,1.04963
1614,1.08218
1615,1.12004
1616,1.09652
1617,1.08087
1618,1.08556
1619,1.07656
1620,1.06673
1621,1.06673
1622,1.06673
1623,1.03945
1624,1.02265
1625,1.01815
1626,1.03933
1627,1.0509
1628,1.04558
1629,1.04558
1630,1.04648
1631,1.04561
1632,1.04608
1633,1.03846
1634,1.04337
1635,1.0378
1636,1.04723
1637,1.03672
1638,1.01872
1639,1.0391
1640,1.02599
1641,1.03163
1642,1.03163
1643,1.03163
1644,1.03472
1645,1.03834
1646,1.02056
1647,0.987216
1648,0.976216
1649,1.00192
1650,1.01536
1651,1.03833
1652,1.04296
1653,1.04296
1654,1.03706
1655,1.02141
1656,1.03648
1657,1.03394
1658,1.00756
1659,1.02002
1660,1.03954
1661,1.03954
1662,1.03393
1663,1.00845
1664,1.04171
1665,1.04753
1666,1.04736
1667,1.02998
1668,1.01701
1669,1.00787
1670,1.02245
1671,1.02706
1672,1.03288
1673,1.03739
1674,1.04481
1675,1.03231
1676,1.02558
1677,1.01694
1678,1.02127
1679,0.997068
1680,0.984643
1681,0.995665
1682,1.0132
1683,1.0132
1684,1.01109
1685,1.02776
1686,1.02776
1687,0.993477
1688,0.962594
1689,0.962594
1690,0.982704
1691,0.972337
1692,0.970966
1693,0.970966
1694,0.968692
1695,1.01415
1696,0.999856
1697,1.01045
1698,1.00058
1699,1.00017
1700,1.02205
1701,1.01657
1702,1.03488
1703,1.05255
1704,1.03179
1705,1.02955
1706,1.02548
1707,1.02669
1708,1.01797
1709,1.01797
1710,1.01797
1711,1.01031
1712,1.02774
1713,1.02066
1714,1.04727
1715,1.06887
1716,1.02661
1717,1.03378
1718,1.03378
1719,1.02352
1720,1.03533
1721,1.02906
1722,1.00294
1723,0.997053
1724,1.00426
1725,0.988959
1726,0.99605
1727,1.02212
1728,1.01092
1729,1.02556
1730,1.02182
1731,1.02856
1732,1.03275
1733,0.987999
1734,1.00268
1735,0.99454
1736,1.00699
1737,1.00424
1738,1.00719
1739,1.01109
1740,1.02038
1741,1.01899
1742,1.0225
1743,1.01761
1744,1.02627
1745,1.00988
1746,1.00179
1747,1.00064
1748,0.992168
1749,0.999001
1750,0.996203
1751,0.998795
1752,1.01647
1753,1.00926
1754,1.01957
1755,1.01403
1756,1.00855
1757,1.0173
1758,1.0163
1759,1.00047
1760,1.00834
1761,1.01505
1762,1.01691
1763,1.04342
1764,1.03354
1765,1.03542
1766,1.0268
1767,1.04441
1768,1.0325
1769,1.05229
1770,1.02649
1771,1.00976
1772,1.03343
1773,1.03343
1774,1.0317
1775,1.06289
1776,1.04672
1777,1.04602
1778,1.0528
1779,1.07402
1780,1.07402
1781,1.07402
1782,1.06067
1783,1.05583
1784,1.03389
1785,1.0152
1786,1.01499
1787,1.02216
1788,1.0079
1789,0.984608
1790,0.981663
1791,1.00131
1792,0.999083
1793,0.988737
1794,0.999896
1795,1.01689
1796,1.03798
1797,1.04219
1798,1.02928
1799,1.02449
1800,1.0268
1801,1.03045
1802,1.03484
1803,1.02936
1804,1.01329
1805,1.02921
1806,1.02921
1807,1.01015
1808,1.0029
1809,0.999364
1810,1.0129
1811,0.992977
1812,1.03227
1813,1.03227
1814,1.03062
1815,1.03062
1816,1.01749
1817,1.0367
1818,1.04382
1819,1.01086
1820,1.01186
1821,1.0149
1822,1.04652
1823,1.04841
1824,1.04436
1825,1.01479
1826,1.01015
1827,1.02054
1828,1.00252
1829,0.992747
1830,0.992475
1831,1.01636
1832,1.00819
1833,1.00819
1834,1.02096
1835,1.01228
1836,1.02222
1837,1.00186
1838,0.999732
1839,1.02224
1840,1.00845
1841,1.00845
1842,0.992143
1843,0.995463
1844,1.00558
1845,1.01664
1846,1.0349
1847,1.03737
1848,1.03634
1849,1.06663
1850,1.05326
1851,1.03318
1852,1.00728
1853,1.00899
1854,1.01242
1855,1.02199
1856,1.00791
1857,1.01165
1858,1.02513
1859,1.02513
1860,1.02613
1861,1.0586
1862,1.04254
1863,1.04529
1864,1.04529
1865,1.04529
1866,1.05469
1867,1.02861
1868,1.05525
1869,1.03051
1870,1.01701
1871,1.006
1872,1.03182
1873,1.03306
1874,1.04699
1875,1.04699
1876,1.02942
1877,1.05063
1878,1.05118
1879,1.05118
1880,1.07111
1881,1.06563
1882,1.05529
1883,1.05529
1884,1.04919
1885,1.04726
1886,1.04726
1887,1.02922
1888,1.04905
1889,1.04394
1890,1.05921
1891,1.05577
1892,1.05955
1893,1.05595
1894,1.06518
1895,1.04733
1896,1.03584
1897,1.03101
1898,1.03656
1899,1.04826
1900,1.03971
1901,1.034
1902,1.01961
1903,1.01723
1904,1.00204
1905,1.00304
1906,1.00738
1907,1.00354
1908,1.01139
1909,1.00524
1910,1.00524
1911,1.00714
1912,0.997296
1913,1.00511
1914,1.01006
1915,1.01006
1916,0.99189
1917,0.997444
1918,1.01587
1919,0.999259
1920,1.01349
1921,1.00721
1922,1.02819
1923,1.01948
1924,1.02452
1925,1.02452
1926,1.00939
1927,0.985957
1928,0.985957
1929,1.02592
1930,0.995112
1931,1.00277
1932,0.996507
1933,1.00271
1934,1.00727
1935,0.997108
1936,0.993299
1937,1.02726
1938,1.03137
1939,1.0165
1940,1.00242
1941,1.00362
1942,0.998966
1943,1.00109
1944,1.02416
1945,1.03217
1946,1.03217
1947,1.03217
1948,1.05861
1949,1.05991
1950,1.02687
1951,1.05582
1952,1.05582
1953,1.01193
1954,1.04311
1955,1.02945
1956,1.04316
1957,1.03242
1958,1.01972
1959,1.0263
1960,0.997837
1961,0.988227
1962,0.988227
1963,0.984347
1964,0.99302
1965,1.00287
1966,0.995078
1967,1.00267
1968,0.999429
1969,1.01048
1970,1.00266
1971,1.01946
1972,1.00357
1973,1.0024
1974,1.02158
1975,1.02158
1976,1.00792
1977,1.00978
1978,1.00767
1979,1.01237
1980,1.02369
1981,1.02193
1982,1.01981
1983,1.01981
1984,1.00934
1985,1.00816
1986,1.03374
1987,1.0451
1988,1.01863
1989,1.01731
1990,1.01318
1991,1.01125
1992,0.9941
1993,1.00155
1994,1.0156
1995,1.00017
1996,0.999634
1997,1.01789
1998,1.00641
1999,1.02984
2000,1.01923
2001,1.01923
2002,1.01181
2003,1.00966
2004,1.00133
2005,1.02408
2006,1.02122
2007,1.02886
2008,1.00169
2009,0.980062
2010,1.00145
2011,0.991126
2012,0.991126
2013,1.01464
2014,1.00485
2015,0.989381
2016,0.978727
2017,0.996062
2018,0.979792
2019,0.984683
2020,0.996925
2021,1.00134
2022,1.00664
2023,0.989715
2024,0.983249
2025,0.962431
2026,0.973605
2027,0.981415
2028,0.970207
2029,0.999843
2030,1.01801
2031,1.02499
2032,1.01501
2033,1.00591
2034,0.986804
2035,0.976559
2036,0.999828
2037,0.991779
2038,1.00399
2039,1.00798
2040,1.01476
2041,1.03923
2042,1.03923
2043,1.03314
2044,1.03579
2045,1.03724
2046,1.03514
2047,1.0477
2048,1.04607
2049,1.06427
2050,1.06427
2051,1.05993
2052,1.05993
2053,1.05804
2054,1.04491
2055,1.02877
2056,1.02877
2057,1.014
2058,1.00675
2059,0.996153
2060,0.997027
2061,1.00597
2062,1.0205
2063,1.0322
2064,1.0322
2065,1.01023
2066,1.0101
2067,0.9963
2068,0.982671
2069,1.00544
2070,1.01264
2071,1.00577
2072,1.01866
2073,1.02266
2074,1.02302
2075,1.00901
2076,1.0001
2077,0.995678
2078,0.994455
2079,1.01832
2080,1.02107
2081,1.02386
2082,1.04316
2083,1.00491
2084,1.013
2085,0.993669
2086,1.0139
2087,1.02802
2088,1.02273
2089,1.02904
2090,1.03389
2091,1.01262
2092,1.01791
2093,1.02089
2094,1.0241
2095,1.01494
2096,1.03966
2097,1.05224
2098,1.06706
2099,1.07752
2100,1.05787
2101,1.07899
2102,1.06215
2103,1.07677
2104,1.07677
2105,1.07393
2106,1.07878
2107,1.08861
2108,1.09611
2109,1.09611
2110,1.09611
2111,1.07992
2112,1.05968
2113,1.05754
2114,1.06171
2115,1.05771
2116,1.05771
2117,1.05665
2118,1.0438
2119,1.03185
2120,1.01919
2121,1.03625
2122,1.05084
2123,1.05308
2124,1.04835
2125,1.04597
2126,1.05988
2127,1.04048
2128,1.03734
2129,1.06334
2130,1.06334
2131,1.06592
2132,1.04683
2133,1.03367
2134,1.04068
2135,1.04672
2136,1.04442
2137,1.04442
2138,1.02594
2139,1.02309
2140,1.00673
2141,1.02102
2142,1.01495
2143,1.02787
2144,1.018
2145,1.03531
2146,1.02141
2147,1.02141
2148,1.00209
2149,0.996441
2150,1.00301
2151,1.01147
2152,1.01147
2153,1.01147
2154,1.01147
2155,1.00264
2156,1.00291
2157,1.02276
2158,1.03299
2159,0.993421
2160,1.01244
2161,1.02026
2162,1.01444
2163,1.03172
2164,1.04383
2165,1.01899
2166,1.03544
2167,1.04387
2168,1.05263
2169,1.04993
2170,1.02464
2171,1.02655
2172,1.02905
2173,1.02209
2174,1.04328
2175,1.04328
2176,1.05354
2177,1.06286
2178,1.06844
2179,1.07608
2180,1.07678
2181,1.07182
2182,1.06851
2183,1.05665
2184,1.05744
2185,1.05363
2186,1.06523
2187,1.03594
2188,1.05048
2189,1.06087
2190,1.05192
2191,1.05035
2192,1.05275
2193,1.03899
2194,1.04328
2195,1.02042
2196,1.05609
2197,1.03967
2198,1.06815
2199,1.07096
2200,1.04924
2201,1.03251
2202,1.04055
2203,1.04038
2204,1.01337
2205,1.02383
2206,1.00475
2207,1.00917
2208,1.02948
2209,1.00943
2210,1.02343
2211,1.02343
2212,1.03472
2213,1.03472
2214,1.05324
2215,1.05325
2216,1.05591
2217,1.05353
2218,1.03646
2219,1.03206
2220,1.03206
2221,1.05116
2222,1.04802
2223,1.06604
2224,1.03747
2225,1.04033
2226,1.04443
2227,1.07335
2228,1.02812
2229,1.01175
2230,1.03553
2231,1.02175
2232,1.03544
2233,1.03544
2234,1.00441
2235,0.988753
2236,0.990492
2237,0.975347
2238,0.981009
2239,0.973252
2240,0.961045
2241,0.978453
2242,0.978453
2243,0.961792
2244,0.946924
2245,0.972986
2246,0.96924
2247,0.999057
2248,1.0036
2249,0.991191
2250,0.991191
2251,0.984532
2252,0.976357
2253,0.998043
2254,1.00661
2255,1.01196
2256,1.00105
2257,1.02324
2258,1.02675
2259,1.02675
2260,0.994354
2261,0.995524
2262,0.995636
2263,0.998728
2264,1.00142
2265,0.99067
2266,0.993976
2267,0.993976
2268,1.00622
2269,1.02934
2270,1.03824
2271,1.04835
2272,1.04426
2273,1.05787
2274,1.02851
2275,1.00457
2276,1.02212
2277,1.03406
2278,1.05307
2279,1.05307
2280,1.04558
2281,1.04487
2282,1.05289
2283,1.06107
2284,1.0513
2285,1.04966
2286,1.046
2287,1.03949
2288,1.03949
2289,1.04
2290,1.03806
2291,1.07702
2292,1.05992
2293,1.06922
2294,1.03118
2295,1.04597
2296,1.05868
2297,1.01137
2298,1.00734
2299,1.00734
2300,1.01952
2301,1.01901
2302,1.01248
2303,1.01484
2304,1.01372
2305,0.992834
2306,1.01901
2307,1.0171
2308,0.998362
2309,1.00536
2310,1.01581
2311,1.03597
2312,1.02205
2313,1.02788
2314,1.04604
2315,1.0272
2316,1.04567
2317,1.05185
2318,1.04718
2319,1.04101
2320,1.04402
2321,1.0372
2322,1.0372
2323,1.00482
2324,1.00984
2325,1.00984
2326,1.01951
2327,1.00058
2328,0.978253
2329,0.994038
2330,0.99974
2331,0.989198
2332,1.00555
2333,1.00344
2334,0.989548
2335,0.967863
2336,0.967863
2337,0.987335
2338,0.978722
2339,0.973956
2340,0.983828
2341,0.99057
2342,0.997212
2343,0.997212
2344,0.996104
2345,1.00923
2346,1.01138
2347,1.01972
2348,1.03303
2349,1.01964
2350,1.02225
2351,1.02291
2352,1.05199
2353,1.05199
2354,1.0372
2355,1.04442
2356,1.04442
2357,1.01526
2358,1.02934
2359,1.04379
2360,1.05289
2361,1.04224
2362,1.04239
2363,1.02634
2364,1.05597
2365,1.05251
2366,1.05682
2367,1.04856
2368,1.02189
2369,1.02466
2370,1.0546
2371,1.03333
2372,1.02845
2373,1.02556
2374,1.02905
2375,1.03429
2376,1.02373
2377,1.0385
2378,1.05365
2379,1.05365
2380,1.05898
2381,1.06749
2382,1.08748
2383,1.07126
2384,1.07126
2385,1.05448
2386,1.05312
2387,1.05722
2388,1.06552
2389,1.04434
2390,1.05797
2391,1.05383
2392,1.04459
2393,1.03812
2394,1.04898
2395,1.04239
2396,1.06259
2397,1.09603
2398,1.07265
2399,1.06597
2400,1.06225
2401,1.07401
2402,1.07715
2403,1.07715
2404,1.08104
2405,1.06646
2406,1.05154
2407,1.05602
2408,1.02581
2409,1.01441
2410,1.01983
2411,1.01983
2412,1.00867
2413,0.996221
2414,1.04025
2415,1.03168
2416,1.0215
2417,1.03618
2418,1.03302
2419,1.03419
2420,1.05567
2421,1.03817
2422,1.02929
2423,1.03695
2424,1.03695
2425,1.03695
2426,1.02642
2427,1.01141
2428,1.03226
2429,1.03226
2430,1.01636
2431,1.01975
2432,1.03368
2433,1.02413
2434,1.04176
2435,1.02973
2436,1.0353
2437,1.03124
2438,1.04261
2439,1.04432
2440,1.05533
2441,1.08049
2442,1.04257
2443,1.04438
2444,1.06924
2445,1.05572
2446,1.05572
2447,1.05865
2448,1.07495
2449,1.07495
2450,1.07495
2451,1.07495
2452,1.05848
2453,1.0409
2454,1.0208
2455,1.03077
2456,1.03077
2457,1.03077
2458,1.03077
2459,1.01962
2460,1.02479
2461,1.0266
2462,1.03718
2463,1.06485
2464,1.06372
2465,1.05441
2466,1.05441
2467,1.0559
2468,1.06874
2469,1.06874
2470,1.06811
2471,1.07165
2472,1.05717
2473,1.05717
2474,1.05717
2475,1.04906
2476,1.04906
2477,1.03027
2478,1.03027
2479,1.03673
2480,1.0332
2481,1.02288
2482,1.05691
2483,1.05691
2484,1.07405
2485,1.07487
2486,1.08556
2487,1.08556
2488,1.08556
2489,1.10193
2490,1.10193
2491,1.10193
2492,1.07353
2493,1.07353
2494,1.07059
2495,1.07784
2496,1.03974
2497,1.02217
2498,1.04352
2499,1.03902
2500,1.03902
2501,1.03816
2502,1.0232
2503,1.01583
2504,1.01973
2505,1.01973
2506,1.03436
2507,1.03948
2508,1.05733
2509,1.05733
2510,1.05733
2511,1.05733
2512,1.04441
2513,1.06596
2514,1.05403
2515,1.04484
2516,1.05693
2517,1.04394
2518,1.04394
2519,1.04825
2520,1.05377
2521,1.01103
2522,1.00436
2523,1.01963
2524,1.02036
2525,0.995723
2526,0.995723
2527,1.01314
2528,1.01314
2529,1.01314
2530,1.01314
2531,1.0159
2532,1.02684
2533,1.03149
2534,1.0369
2535,1.04588
2536,1.03192
2537,1.02581
2538,1.00179
2539,1.02799
2540,1.03371
2541,1.06227
2542,1.05601
2543,1.05601
2544,1.06591
2545,1.04312
2546,1.03278
2547,1.03278
2548,1.02626
2549,1.04201
2550,1.04817
2551,1.05783
2552,1.05783
2553,1.0632
2554,1.06042
2555,1.05534
2556,1.04777
2557,1.03624
2558,1.00154
2559,1.0025
2560,1.01109
2561,1.04404
2562,1.04589
2563,1.01498
2564,1.00999
2565,0.996538
2566,0.987316
2567,0.988904
2568,1.0008
2569,1.00396
2570,1.01079
2571,1.04104
2572,1.04104
2573,1.04104
2574,1.03374
2575,1.03941
2576,1.02463
2577,1.0092
2578,1.02544
2579,1.05219
2580,1.03668
2581,1.04149
2582,1.06862
2583,1.06862
2584,1.05044
2585,1.03878
2586,1.03613
2587,1.03613
2588,1.03667
2589,1.03715
2590,1.04929
2591,1.04739
2592,1.05062
2593,1.03583
2594,1.03497
2595,1.04582
2596,1.06368
2597,1.03531
2598,1.06809
2599,1.06809
2600,1.03783
2601,1.03985
2602,1.04951
2603,1.04875
2604,1.04183
2605,1.04014
2606,1.02691
2607,1.0319
2608,1.02987
2609,1.03092
2610,1.02175
2611,1.03729
2612,1.05295
2613,1.05963
2614,1.05263
2615,1.03903
2616,1.02774
2617,1.02634
2618,1.0255
2619,1.00353
2620,0.99597
2621,1.02059
2622,0.997575
2623,0.987833
2624,0.993369
2625,1.02586
2626,1.02321
2627,1.02321
2628,1.02653
2629,0.999671
2630,0.995449
2631,1.02394
2632,1.00919
2633,1.02907
2634,1.02759
2635,1.02759
2636,1.02671
2637,1.0225
2638,1.03543
2639,1.03288
2640,1.03442
2641,1.03808
2642,1.0286
2643,1.03089
2644,1.02377
2645,1.01205
2646,1.01205
2647,1.01339
2648,1.01779
2649,1.00369
2650,0.987169
2651,0.987312
2652,0.985649
2653,0.989112
2654,1.0019
2655,0.99299
2656,1.00325
2657,0.988674
2658,0.993611
2659,0.995452
2660,0.97093
2661,0.998353
2662,0.974736
2663,0.982725
2664,0.988676
2665,0.99967
2666,0.99967
2667,0.99967
2668,0.994677
2669,0.981567
2670,0.988343
2671,1.00151
2672,1.01231
2673,1.0115
2674,1.01368
2675,1.02303
2676,1.03276
2677,1.03647
2678,1.05795
2679,1.05795
2680,1.03557
2681,1.01815
2682,1.01815
2683,1.04024
2684,1.04137
2685,1.04137
2686,1.01383
2687,1.00627
2688,0.989501
2689,1.00307
2690,0.99514
2691,0.999536
2692,0.999536
2693,1.01848
2694,1.01673
2695,1.02544
2696,1.03691
2697,1.03691
2698,1.03691
2699,1.03691
2700,1.03691
2701,1.02807
2702,0.986969
2703,1.01399
2704,1.01928
2705,1.02077
2706,1.03615
2707,1.0121
2708,1.04147
2709,1.0378
2710,1.04675
2711,1.06078
2712,1.06078
2713,1.08285
2714,1.06195
2715,1.0773
2716,1.10967
2717,1.10967
2718,1.0611
2719,1.08639
2720,1.05513
2721,1.07698
2722,1.07304
2723,1.0879
2724,1.08709
2725,1.07652
2726,1.07652
2727,1.07652
2728,1.04305
2729,1.04611
2730,1.04696
2731,1.06946
2732,1.05733
2733,1.0365
2734,1.01215
2735,0.984783
2736,0.972887
2737,0.966214
2738,0.959906
2739,0.971076
2740,0.944528
2741,0.944528
2742,0.967185
2743,0.978883
2744,0.978883
2745,0.976309
2746,0.989946
2747,0.994152
2748,0.975762
2749,0.992477
2750,0.987164
2751,0.985346
2752,1.00332
2753,1.00332
2754,0.992471
2755,1.00962
2756,1.00962
2757,0.977636
2758,0.97527
2759,0.98966
2760,1.00501
2761,1.0337
2762,1.0125
2763,1.0125
2764,1.03925
2765,1.03925
2766,1.03165
2767,1.01968
2768,1.01475
2769,0.97831
2770,0.966471
2771,0.968118
2772,1.01092
2773,1.02287
2774,1.01258
2775,1.00487
2776,1.01685
2777,1.01705
2778,1.01285
2779,1.05593
2780,1.04504
2781,1.0328
2782,1.04031
2783,1.01338
2784,1.0364
2785,1.04577
2786,1.04577
2787,1.04577
2788,1.04497
2789,1.04995
2790,1.04285
2791,1.04647
2792,1.04423
2793,1.04268
2794,1.04268
2795,1.02051
2796,1.04064
2797,1.03747
2798,1.03428
2799,1.02234
2800,1.01089
2801,1.03741
2802,1.0456
2803,1.02444
2804,1.0146
2805,1.03259
2806,1.0319
2807,1.03171
2808,1.01017
2809,0.992022
2810,1.01944
2811,1.02394
2812,1.02394
2813,1.04554
2814,1.01147
2815,1.01147
2816,0.990267
2817,1.00416
2818,1.00002
2819,1.02138
2820,1.03123
2821,1.01724
2822,1.0313
2823,1.01455
2824,1.04155
2825,1.01809
2826,1.03939
2827,1.0458
2828,1.02325
2829,1.0021
2830,1.0098
2831,1.01819
2832,1.01819
2833,1.00012
2834,1.00635
2835,0.99714
2836,0.985411
2837,0.982305
2838,0.994484
2839,1.00157
2840,0.994029
2841,0.994029
2842,1.00514
2843,1.0296
2844,1.03416
2845,1.03454
2846,1.01285
2847,1.02091
2848,1.02091
2849,1.02091
2850,1.02091
2851,1.03432
2852,0.99495
2853,1.00092
2854,1.00092
2855,1.00008
2856,1.00008
2857,0.998235
2858,0.985979
2859,1.0066
2860,0.995234
2861,1.04154
2862,1.04188
2863,1.04579
2864,1.04579
2865,1.04158
2866,1.05486
2867,1.05486
2868,1.04902
2869,1.04902
2870,1.03023
2871,1.03094
2872,1.04613
2873,1.02963
2874,1.05066
2875,1.04164
2876,1.05558
2877,1.05636
2878,1.05467
2879,1.06813
2880,1.06611
2881,1.06851
2882,1.01614
2883,1.02771
2884,1.02771
2885,1.02771
2886,1.02132
2887,1.02897
2888,1.02897
2889,1.06976
2890,1.04667
2891,1.01944
2892,1.03422
2893,1.03139
2894,1.05117
2895,1.03064
2896,1.02674
2897,1.00712
2898,1.00712
2899,1.00582
2900,0.996161
2901,1.02416
2902,1.02917
2903,1.04219
2904,1.05095
2905,1.04553
2906,1.03711
2907,1.04984
2908,1.03783
2909,1.02538
2910,1.04255
2911,1.0226
2912,1.02397
2913,1.02397
2914,1.03488
2915,1.03488
2916,1.00132
2917,1.00132
2918,0.999598
2919,1.00187
2920,1.00187
2921,1.01159
2922,1.01624
2923,1.02448
2924,1.0367
2925,1.03915
2926,1.03135
2927,1.03107
2928,1.03583
2929,1.04055
2930,1.02746
2931,1.00514
2932,1.00514
2933,1.01666
2934,1.01341
2935,1.01951
2936,1.01265
2937,1.02195
2938,1.02195
2939,1.04154
2940,1.02212
2941,1.03956
2942,1.03956
2943,1.03956
2944,1.03956
2945,1.02572
2946,1.04205
2947,1.02018
2948,1.01201
2949,1.02542
2950,1.02034
2951,1.01963
2952,1.03355
2953,1.05359
2954,1.04904
2955,1.04904
2956,1.04787
2957,1.04549
2958,1.04059
2959,1.04688
2960,1.04696
2961,1.01957
2962,1.02049
2963,1.03891
2964,1.01709
2965,1.01709
2966,1.01709
2967,1.01959
2968,1.02638
2969,1.01982
2970,1.05632
2971,1.05632
2972,1.03491
2973,1.03248
2974,1.01873
2975,1.01179
2976,1.01179
2977,1.01336
2978,1.01336
2979,1.0364
2980,1.03286
2981,1.03286
2982,1.02303
2983,1.0274
2984,1.04001
2985,1.01323
2986,1.044
2987,1.01809
2988,0.999562
2989,1.01748
2990,1.00681
2991,1.02396
2992,1.02396
2993,1.0429
2994,1.03945
2995,1.03945
2996,1.04577
2997,1.04577
2998,1.04371
2999,1.04594
3000,1.04519
3001,1.05109
3002,1.04567
3003,1.03956
3004,1.05228
3005,1.05228
3006,1.04252
3007,1.04252
3008,1.0541
3009,1.04091
3010,1.03542
3011,1.03489
3012,1.03237
3013,1.05282
3014,1.06579
3015,1.06579
3016,1.06262
3017,1.05652
3018,1.0471
3019,1.0471
3020,1.01581
3021,1.00047
3022,1.01877
3023,1.03419
3024,1.02626
3025,1.02138
3026,1.00283
3027,1.01209
3028,1.0161
3029,1.02754
3030,1.02754
3031,1.0273
3032,1.02857
3033,1.00717
3034,1.00717
3035,1.01388
3036,1.01317
3037,0.998141
3038,1.00942
3039,1.02101
3040,1.02877
3041,1.0191
3042,1.01006
3043,1.00931
3044,1.03377
3045,1.04128
3046,1.04128
3047,1.0049
3048,1.02432
3049,0.98635
3050,1.00355
3051,1.03643
3052,1.03643
3053,1.01019
3054,0.995632
3055,1.0051
3056,1.00396
3057,0.998582
3058,0.998582
3059,1.00348
3060,1.00348
3061,1.00348
3062,1.00254
3063,1.00883
3064,1.02006
3065,1.02006
3066,1.02342
3067,1.03763
3068,1.03763
3069,1.02672
3070,1.02149
3071,1.02741
3072,1.01149
3073,1.02566
3074,1.03447
3075,1.02199
3076,1.01522
3077,1.00755
3078,0.999233
3079,0.999233
3080,1.02267
3081,0.99051
3082,0.992466
3083,0.981422
3084,0.994271
3085,1.02792
3086,1.00372
3087,1.03267
3088,1.0395
3089,1.0421
3090,1.03847
3091,1.04573
3092,1.05609
3093,1.03697
3094,1.03769
3095,1.03197
3096,1.01271
3097,1.04986
3098,1.04298
3099,1.08474
3100,1.08478
3101,1.06684
3102,1.0711
3103,1.04579
3104,1.03833
3105,1.06497
3106,1.05205
3107,1.0563
3108,1.0563
3109,1.0556
3110,1.07442
3111,1.068
3112,1.05389
3113,1.03984
3114,1.04406
3115,1.06578
3116,1.06414
3117,1.06414
3118,1.06538
3119,1.06538
3120,1.06211
3121,1.04196
3122,1.03445
3123,1.03639
3124,1.03382
3125,1.01824
3126,1.01825
3127,1.04639
3128,1.06447
3129,1.05109
3130,1.06725
3131,1.04264
3132,1.04879
3133,1.0398
3134,1.04066
3135,1.05383
3136,1.05383
3137,1.05862
3138,1.03625
3139,1.03474
3140,1.03474
3141,1.03325
3142,1.03981
3143,1.05487
3144,1.04906
3145,1.05169
3146,1.0438
3147,1.04174
3148,1.05728
3149,1.05334
3150,1.0696
3151,1.06801
3152,1.06801
3153,1.06149
3154,1.06149
3155,1.06281
3156,1.06374
3157,1.05899
3158,1.07603
3159,1.03983
3160,1.0227
3161,1.03682
3162,1.03682
3163,1.02938
3164,1.02921
3165,1.03838
3166,1.0235
3167,1.05107
3168,1.02971
3169,1.02581
3170,1.03565
3171,1.0431
3172,1.0431
3173,1.0431
3174,1.04098
3175,1.01829
3176,1.02839
3177,1.0368
3178,1.01349
3179,1.0167
3180,1.00884
3181,1.01773
3182,1.00976
3183,1.00976
3184,1.02318
3185,1.02115
3186,1.062
3187,1.03185
3188,1.02858
3189,1.02323
3190,1.0105
3191,1.01
3192,1.0099
3193,0.992444
3194,1.01864
3195,1.02018
3196,1.00963
3197,1.0063
3198,0.987071
3199,0.978215
3200,0.986374
3201,0.999778
3202,0.998871
3203,1.00564
3204,1.00141
3205,1.00758
3206,0.991666
3207,1.01541
3208,1.01541
3209,1.00568
3210,1.01555
3211,1.01653
3212,1.02262
3213,1.0008
3214,1.01376
3215,1.01694
3216,1.01532
3217,1.03383
3218,1.05598
3219,1.04109
3220,1.0454
3221,1.06941
3222,1.08224
3223,1.05731
3224,1.06047
3225,1.05085
3226,1.05085
3227,1.04994
3228,1.06203
3229,1.06203
3230,1.04965
3231,1.03604
3232,1.03649
3233,1.04682
3234,1.02006
3235,1.02137
3236,1.01716
3237,1.00417
3238,0.994126
3239,0.994126
3240,0.975485
3241,1.01382
3242,1.01317
3243,1.01317
3244,1.01928
3245,1.01194
3246,0.989546
3247,0.989546
3248,1.00512
3249,0.995453
3250,1.02049
3251,1.03825
3252,1.03825
3253,1.06005
3254,1.05412
3255,1.03099
3256,1.04658
3257,1.04658
3258,1.05029
3259,1.06987
3260,1.08665
3261,1.05624
3262,1.0809
3263,1.07456
3264,1.07758
3265,1.07758
3266,1.08388
3267,1.0742
3268,1.05723
3269,1.06514
3270,1.04974
3271,1.0545
3272,1.0545
3273,1.07438
3274,1.0718
3275,1.0718
3276,1.04836
3277,1.03789
3278,1.06286
3279,1.06963
3280,1.06963
3281,1.05525
3282,1.05525
3283,1.06417
3284,1.04604
3285,1.07129
3286,1.0609
3287,1.05579
3288,1.05579
3289,1.05579
3290,1.06603
3291,1.07558
3292,1.04938
3293,1.04799
3294,1.05678
3295,1.03003
3296,1.02261
3297,1.02296
3298,1.03963
3299,1.01278
3300,1.01566
3301,1.02527
3302,1.0353
3303,1.03283
3304,1.03744
3305,1.01768
3306,1.0204
3307,0.99274
3308,1.00512
3309,1.01946
3310,1.00211
3311,1.00378
3312,0.99785
3313,1.00097
3314,1.02121
3315,1.02754
3316,1.03641
3317,0.998801
3318,0.987118
3319,0.992778
3320,1.00392
3321,1.02064
3322,1.01247
3323,1.03759
3324,1.04611
3325,1.04611
3326,1.03798
3327,1.00665
3328,1.00159
3329,0.996173
3330,1.00282
3331,0.997115
3332,0.971934
3333,0.976983
3334,0.973762
3335,0.987417
3336,0.996177
3337,0.996177
3338,1.02036
3339,1.02477
3340,1.01307
3341,1.02541
3342,1.03691
3343,1.02857
3344,1.01896
3345,1.03913
3346,1.03785
3347,1.0188
3348,1.01848
3349,1.01279
3350,1.02625
3351,1.0403
3352,1.03693
3353,1.05389
3354,1.05389
3355,1.03298
3356,1.03298
3357,1.0407
3358,1.03829
3359,1.06012
3360,1.01613
3361,1.02
3362,1.00028
3363,1.00028
3364,0.984655
3365,0.969385
3366,0.986683
3367,0.993879
3368,0.990968
3369,1.00644
3370,0.997205
3371,1.00298
3372,1.00678
3373,1.01635
3374,1.00084
3375,0.998644
3376,1.03234
3377,1.0435
3378,1.0298
3379,1.04035
3380,1.04035
3381,1.04611
3382,1.03249
3383,1.02093
3384,1.01953
3385,1.03553
3386,1.0585
3387,1.04796
3388,1.04755
3389,1.04973
3390,1.02611
3391,1.02433
3392,1.03115
3393,1.03106
3394,1.02381
3395,1.00937
3396,1.02719
3397,1.01783
3398,1.02241
3399,1.02241
3400,1.00573
3401,1.00501
3402,1.00501
3403,1.01777
3404,1.02258
3405,1.01541
3406,1.04479
3407,1.02584
3408,1.01377
3409,1.00634
3410,1.02949
3411,1.04901
3412,1.01759
3413,1.0214
3414,1.03736
3415,1.03472
3416,1.00857
3417,1.00533
3418,1.02591
3419,1.06309
3420,1.03426
3421,1.03426
3422,1.00943
3423,1.01579
3424,1.01579
3425,1.04826
3426,1.0445
3427,1.06677
3428,1.05189
3429,1.03415
3430,1.01635
3431,1.02249
3432,1.0293
3433,1.02958
3434,1.02958
3435,1.0413
3436,1.01129
3437,1.01627
3438,1.02725
3439,1.02725
3440,1.02725
3441,1.03836
3442,1.0576
3443,1.0267
3444,1.04519
3445,1.04136
3446,1.06225
3447,1.04371
3448,1.03868
3449,1.03217
3450,1.03217
3451,1.04307
3452,1.04307
3453,1.04307
3454,1.04413
3455,1.03513
3456,1.046
3457,1.046
3458,1.046
3459,1.01845
3460,1.02463
3461,1.0196
3462,1.04473
3463,1.04927
3464,1.0468
3465,1.0468
3466,1.0468
3467,1.02908
3468,1.02908
3469,1.07296
3470,1.08381
3471,1.05414
3472,1.04792
3473,1.05476
3474,1.04024
3475,1.041
3476,1.04084
3477,1.04509
3478,1.05448
3479,1.05448
3480,1.05448
3481,1.03116
3482,1.0391
3483,1.04403
3484,1.0406
3485,1.01349
3486,1.00616
3487,1.00616
3488,1.00843
3489,1.04557
3490,1.02051
3491,1.03499
3492,1.01971
3493,1.0165
3494,1.02684
3495,1.02188
3496,0.996439
3497,1.01519
3498,1.00323
3499,1.00323
3500,1.00382
