MDTU,S_F
1,1.00051
2,1.00156
3,1.00072
4,0.997664
5,0.996492
6,1.00214
7,0.995301
8,1.00131
9,1.0014
10,0.998228
11,1.00247
12,1.0021
13,0.990927
14,1.00379
15,1.00433
16,0.998409
17,1.00187
18,0.996088
19,0.998291
20,1.00341
21,0.999696
22,0.99867
23,1.00089
24,1.00301
25,0.997836
26,1.00203
27,1.00078
28,0.999049
29,1.00065
30,0.999023
31,1.00057
32,0.999356
33,0.996011
34,0.999163
35,0.998953
36,0.999483
37,0.995763
38,1.00336
39,1.00094
40,1.00199
41,0.996209
42,1.00377
43,0.991991
44,1.00214
45,1.00104
46,0.990982
47,1.00255
48,1.00224
49,0.998951
50,0.99839
51,1.00095
52,1.0004
53,1.00063
54,0.994316
55,1.00135
56,0.999862
57,0.996859
58,0.999342
59,1.00593
60,0.998932
61,1.00352
62,0.99762
63,1.00321
64,1.00262
65,0.999847
66,1.00125
67,1.00202
68,1.00278
69,0.998975
70,0.9987
71,0.999569
72,1.00151
73,0.999449
74,1.00224
75,1.00333
76,1.0032
77,0.998623
78,1.00413
79,1.00493
80,1.00541
81,0.995764
82,0.996894
83,0.999485
84,0.993651
85,0.998307
86,1.00994
87,0.996755
88,1.00164
89,0.994917
90,0.993977
91,1.00513
92,0.998759
93,0.995866
94,1.00216
95,1.00122
96,0.998677
97,1.00231
98,0.997186
99,0.994116
100,0.999374
101,1.00393
102,1.00367
103,1.00043
104,1.00312
105,1.00214
106,1.00149
107,1.00366
108,1.00309
109,0.997212
110,0.998236
111,1.00441
112,0.994223
113,1.00228
114,0.99756
115,0.9917
116,1.00008
117,1.00169
118,0.999592
119,1.00339
120,0.999292
121,1.00453
122,1.00135
123,0.99792
124,0.998389
125,1.00162
126,0.996486
127,1.00115
128,1.00815
129,1.00243
130,1.00816
131,0.998022
132,1.00012
133,1.00048
134,1.00033
135,1.00405
136,0.995762
137,1.0023
138,0.99455
139,1.00586
140,0.997941
141,0.992033
142,0.996304
143,0.998997
144,1.00333
145,1.00427
146,0.987496
147,0.999499
148,0.992652
149,0.995084
150,1.00264
151,0.995436
152,1.00603
153,0.999555
154,1.00272
155,1.00919
156,1.00253
157,0.996293
158,1.00401
159,1.00034
160,1.00518
161,0.997651
162,0.998056
163,0.999985
164,0.997027
165,1.00148
166,0.997131
167,1.00028
168,1.00013
169,1.00151
170,0.998121
171,1.00393
172,0.999983
173,0.996221
174,0.993947
175,1.00029
176,1.00204
177,1.0015
178,0.996249
179,0.997105
180,0.996614
181,1.00246
182,1.00178
183,0.998016
184,1.00416
185,1.00802
186,0.996322
187,1.00286
188,1.00918
189,0.993505
190,0.99164
191,1.00481
192,1.00089
193,1.00174
194,0.999392
195,1.00018
196,1.0072
197,0.995332
198,1.00078
199,0.994479
200,0.997858
201,0.994482
202,1.00059
203,1.00147
204,1.0058
205,0.996916
206,0.999346
207,0.998261
208,1.00494
209,0.995388
210,1.00001
211,0.999039
212,1.00179
213,1.00163
214,1.00066
215,1.00241
216,0.998859
217,0.996208
218,1.00227
219,0.999669
220,0.997359
221,0.998773
222,1.00396
223,0.996349
224,0.998138
225,0.996934
226,0.997918
227,0.996313
228,1.00119
229,1.00045
230,0.994556
231,1.00217
232,0.996122
233,1.00157
234,0.996176
235,1.0009
236,1.00138
237,1.00422
238,1.00161
239,1.00149
240,1.00178
241,1.0073
242,1.00329
243,0.998269
244,1.00164
245,1.00322
246,0.994333
247,0.997166
248,0.999493
249,1.00179
250,0.999181
251,0.991815
252,1.0044
253,0.999081
254,1.00004
255,1.00757
256,1.00122
257,1.00252
258,1.00337
259,1.00323
260,0.999384
261,1.00004
262,0.995694
263,1.00166
264,1.00586
265,0.994343
266,1.00048
267,1.00011
268,1.00372
269,0.995602
270,0.99864
271,0.999911
272,1.00388
273,1.0037
274,0.996893
275,1.00039
276,1.00546
277,0.997199
278,0.997584
279,0.994975
280,1.00054
281,1.00079
282,1.00098
283,0.998022
284,1.00693
285,0.995096
286,0.996997
287,0.998662
288,1.00715
289,1.00291
290,1.00478
291,1.00244
292,0.998962
293,1.0028
294,0.998355
295,1.00146
296,0.994712
297,0.997657
298,1.00278
299,1.00253
300,1.00299
301,1.00329
302,0.999767
303,1.00127
304,0.995538
305,1.00242
306,0.995709
307,0.996905
308,0.99725
309,1.00399
310,1.00153
311,1.00139
312,0.99595
313,1.00058
314,0.999527
315,0.998205
316,1.00138
317,1.0017
318,0.998086
319,0.998989
320,1.00085
321,1.00269
322,1.00559
323,0.99551
324,1.00369
325,0.992981
326,1.00118
327,1.00091
328,1.00578
329,0.999273
330,0.998057
331,0.990813
332,0.996027
333,1.00064
334,1.00088
335,0.999871
336,1.00124
337,0.988625
338,0.999953
339,1.00117
340,0.996089
341,0.997998
342,1.00333
343,0.987365
344,1.00475
345,0.998866
346,1.00149
347,1.00154
348,1.00076
349,0.99874
350,0.998755
351,1.0002
352,1.00444
353,0.997375
354,0.9947
355,0.998951
356,0.999865
357,0.99964
358,0.995141
359,1.00012
360,0.995101
361,0.995047
362,0.996421
363,1.00464
364,1.00327
365,1.00147
366,1.00338
367,0.994837
368,1.00015
369,1.00096
370,1.0051
371,1.00271
372,1.00336
373,1.00457
374,0.997105
375,1.00715
376,1.00293
377,0.998844
378,0.997436
379,1.00369
380,0.996972
381,0.997033
382,0.995835
383,1.00201
384,1.00696
385,0.997966
386,1.00036
387,1.00048
388,1.00058
389,0.999777
390,1.00083
391,0.999129
392,0.998666
393,0.997192
394,1.00208
395,1.00007
396,1.00082
397,1.00094
398,0.994858
399,0.993
400,1.00005
401,0.999443
402,1.00201
403,1.00385
404,1.00387
405,1.00256
406,1.00135
407,1.00328
408,0.999044
409,1.00178
410,0.998733
411,0.999128
412,0.997107
413,0.996142
414,0.999461
415,0.996423
416,0.99636
417,0.997469
418,0.997692
419,0.998648
420,1.00315
421,0.992541
422,0.999638
423,0.999851
424,1.00004
425,1.00019
426,0.993566
427,0.997135
428,0.998599
429,0.999938
430,0.997645
431,1.00292
432,1.00634
433,1.00819
434,0.998843
435,1.00009
436,1.00292
437,1.00682
438,0.998811
439,0.994476
440,1.00652
441,1.00264
442,1.00542
443,1.00045
444,0.995489
445,1.00378
446,0.99926
447,0.998109
448,0.99897
449,0.998834
450,0.99831
451,0.993808
452,1.00412
453,0.992988
454,1.00166
455,1.00444
456,1.00029
457,0.995955
458,0.995087
459,1.00028
460,1.00309
461,0.997506
462,0.999407
463,1.00295
464,1.00249
465,0.997054
466,0.999624
467,1.00106
468,1.0073
469,0.997664
470,0.995148
471,0.999543
472,0.996658
473,0.999946
474,1.00082
475,0.995713
476,0.996249
477,0.997132
478,1.00027
479,1.00218
480,1.00715
481,1.00143
482,0.999879
483,1.00484
484,1.00021
485,0.998967
486,0.996678
487,1.00148
488,1.00034
489,0.995684
490,0.999495
491,1.00055
492,0.997372
493,1.00185
494,1.00072
495,1.00136
496,1.00667
497,0.995973
498,1.00206
499,1.00205
500,0.993164
501,0.996043
502,1.00047
503,1.00127
504,1.00458
505,0.998874
506,0.999453
507,0.999081
508,0.997883
509,0.995874
510,0.999958
511,0.999047
512,0.992889
513,0.995859
514,0.999712
515,1.00135
516,1.00295
517,1.00719
518,0.995454
519,0.99923
520,0.999368
521,0.997656
522,0.99965
523,1.00182
524,1.00381
525,0.999708
526,1.00221
527,0.998296
528,1.00564
529,1.00412
530,1.00055
531,1.00034
532,0.998535
533,0.999263
534,0.993715
535,0.994786
536,1.00105
537,0.999467
538,1.00253
539,0.998893
540,0.997756
541,0.999807
542,1.00414
543,1.00036
544,0.995071
545,1.00215
546,0.997749
547,0.996631
548,0.993168
549,1.00683
550,1.01108
551,0.998994
552,0.99707
553,0.995677
554,1.00061
555,1.00404
556,1.00107
557,0.991971
558,1.0006
559,0.999972
560,1.00533
561,1.00272
562,0.998976
563,0.998059
564,0.998845
565,1.00772
566,1.00495
567,1.00054
568,0.997934
569,1.00073
570,0.998644
571,0.998814
572,1.00296
573,1.00357
574,0.999603
575,0.998525
576,0.998918
577,0.998336
578,0.999622
579,0.999516
580,0.999082
581,1.00072
582,1.00308
583,0.995679
584,0.997594
585,1.0013
586,0.995885
587,0.997034
588,0.996402
589,1.00461
590,1.00212
591,0.998575
592,1.00024
593,1.00045
594,1.00317
595,0.998361
596,0.997992
597,0.998205
598,1.0036
599,0.998881
600,1.00442
601,0.998478
602,1.00337
603,1.00029
604,1.00188
605,0.994049
606,0.994308
607,1.00052
608,1.00329
609,1.00215
610,1.00052
611,1.00365
612,1.00248
613,0.997595
614,1.00699
615,1.00334
616,0.998991
617,0.999491
618,1.00451
619,0.996525
620,0.993017
621,1.00257
622,1.00514
623,0.995218
624,0.993457
625,1.00201
626,1.00262
627,0.997677
628,1.00437
629,0.99757
630,1.00002
631,1.00421
632,0.998301
633,0.992556
634,1.00249
635,0.997775
636,1.00358
637,0.996546
638,1.00099
639,1.00768
640,0.999981
641,1.00281
642,1.00346
643,1.00387
644,0.995638
645,1.00223
646,1.00481
647,1.00645
648,1.00297
649,1.00537
650,1.00559
651,1.00362
652,0.996375
653,1.00672
654,0.997635
655,1.00227
656,1.00485
657,1.00065
658,1.00392
659,0.998591
660,1.00195
661,0.999523
662,1.0045
663,1.00745
664,1.00368
665,1.00523
666,1.00022
667,0.999191
668,0.99603
669,1.00812
670,0.99818
671,0.997761
672,1.00016
673,1.00053
674,1.00197
675,1.00171
676,0.997977
677,1.00111
678,1.00444
679,0.992423
680,0.998059
681,0.996163
682,1.00392
683,1.00023
684,1.00077
685,0.99547
686,1.00055
687,0.995861
688,0.997156
689,1.00177
690,0.998405
691,1.00379
692,0.999523
693,0.996061
694,1.00867
695,0.999613
696,1.0041
697,0.99854
698,0.999713
699,0.999469
700,1.00138
701,1.00073
702,0.997462
703,1.00534
704,0.999453
705,1.00115
706,0.997123
707,1.00291
708,0.998478
709,1.00451
710,1.00295
711,1.00283
712,1.00668
713,1.00417
714,0.998538
715,0.998385
716,0.998762
717,1.00048
718,1.00362
719,0.998874
720,1.0013
721,0.99789
722,0.992822
723,1.00119
724,0.999392
725,1.0001
726,1.00091
727,1.0023
728,0.996784
729,0.997251
730,0.999148
731,0.99784
732,1.00472
733,1.00194
734,1.00323
735,1.0004
736,0.999593
737,0.999836
738,1.00113
739,1.00351
740,1.00314
741,1.00349
742,0.999957
743,1.00194
744,1.00275
745,1.00239
746,0.999319
747,0.997088
748,1.00026
749,0.999277
750,1.00537
751,1.00137
752,1.00364
753,1.00357
754,0.998779
755,1.00037
756,1.00101
757,1.00041
758,0.998527
759,1.00644
760,1.00294
761,1.00485
762,1.00366
763,0.998916
764,0.994287
765,0.996709
766,1.00474
767,0.997332
768,1.00647
769,1.00184
770,0.996763
771,0.999391
772,0.999504
773,1.00048
774,0.996624
775,0.999419
776,0.995992
777,1.00247
778,1.00082
779,0.997141
780,1.00551
781,1.00173
782,0.998511
783,0.995112
784,0.999182
785,1.00856
786,0.99985
787,1.00123
788,1.00024
789,0.99997
790,0.997377
791,1.00048
792,0.999343
793,0.996446
794,0.998967
795,0.995203
796,0.995148
797,1.0033
798,1.00098
799,1.00083
800,0.99867
801,1.00303
802,1.00118
803,1.0015
804,0.997865
805,1.0054
806,1.00334
807,1.00125
808,1.0002
809,1.00534
810,1.00278
811,1.00005
812,1.00022
813,1.00121
814,0.99575
815,0.994739
816,1.00216
817,1.00138
818,0.998069
819,1.00407
820,1.00528
821,0.99607
822,0.995822
823,1.00269
824,1.0049
825,0.992888
826,0.991462
827,0.999548
828,1.0002
829,1.00174
830,0.997121
831,1.00424
832,1.00096
833,0.99967
834,1.00045
835,0.998281
836,1.00566
837,1.00451
838,1.00749
839,0.99778
840,1.00236
841,1.00017
842,1.00855
843,1.00425
844,0.996482
845,1.00698
846,1.00055
847,1.00974
848,1.00238
849,0.996801
850,1.0022
851,1.00192
852,1.00086
853,1.00356
854,1.00154
855,0.999636
856,0.994227
857,0.996023
858,1.00345
859,1.00314
860,1.00283
861,1.00493
862,1.00557
863,0.998365
864,1.00238
865,1.00012
866,0.995809
867,1.00214
868,0.996622
869,0.996201
870,1.00076
871,0.999144
872,0.998088
873,0.995847
874,0.994582
875,1.00616
876,1.00442
877,1.00156
878,1.00558
879,1.00424
880,0.99799
881,0.997624
882,1.0061
883,1.00072
884,0.999983
885,0.998196
886,1.002
887,1.00478
888,0.99958
889,1.0059
890,0.997269
891,1.00236
892,0.997175
893,0.999712
894,1.00226
895,1.00304
896,0.998457
897,1.00029
898,1.00339
899,1.00041
900,1.00413
901,1.00256
902,1.0084
903,0.99555
904,0.995258
905,1.00413
906,1.00177
907,1.00522
908,1.00249
909,1.00765
910,1.00543
911,0.994606
912,0.993585
913,1.00703
914,0.998711
915,0.999014
916,1.0052
917,1.00243
918,0.99915
919,0.998581
920,0.999456
921,1.00087
922,1.00448
923,1.00113
924,1.00141
925,1.00207
926,1.00333
927,1.00275
928,0.998935
929,0.999324
930,0.993879
931,1.00029
932,1.0008
933,0.998784
934,0.996094
935,0.994151
936,0.99631
937,1.00155
938,0.998668
939,1.00536
940,0.996557
941,0.998191
942,0.993048
943,1.00007
944,1.00463
945,0.996618
946,0.998291
947,0.99831
948,1.00248
949,0.998641
950,0.994792
951,1.00544
952,0.997171
953,0.998119
954,1.0078
955,1.00201
956,0.998868
957,1.00018
958,0.999564
959,1.00079
960,0.994716
961,1.00554
962,1.00108
963,0.996856
964,1.00318
965,1.00195
966,0.992683
967,1.00126
968,0.996806
969,0.999643
970,1.00155
971,0.997208
972,0.998539
973,0.995337
974,0.997868
975,0.997439
976,1.00433
977,1.00243
978,1.00079
979,1.00299
980,0.998474
981,1.00584
982,1.01007
983,1.00336
984,1.00285
985,0.997019
986,0.997892
987,0.998192
988,0.993497
989,0.99729
990,0.997624
991,1.00645
992,0.997689
993,1.00356
994,1.0067
995,1.00495
996,0.998145
997,1.00041
998,1.00021
999,1.00154
1000,1.00192
1001,0.998543
1002,0.998444
1003,0.997999
1004,0.997634
1005,1.0028
1006,1.00077
1007,1.00802
1008,0.999192
1009,1.00062
1010,0.994026
1011,0.99784
1012,1.0009
1013,1.00011
1014,0.999819
1015,1.00241
1016,1.00005
1017,1.00487
1018,1.00189
1019,0.999724
1020,1.006
1021,1.00171
1022,1.00439
1023,1.0036
1024,1.00118
1025,0.9982
1026,1.00114
1027,1.00454
1028,0.999163
1029,1.001
1030,1.0051
1031,0.997975
1032,0.99707
1033,0.999139
1034,0.99423
1035,0.999696
1036,0.998089
1037,1.00194
1038,1.00228
1039,1.0084
1040,1.00136
1041,1.00134
1042,1.00001
1043,1.00391
1044,1.00015
1045,0.999964
1046,1.0002
1047,0.994115
1048,1.00519
1049,1.0093
1050,0.999873
1051,0.999923
1052,1.00287
1053,0.993366
1054,1.00377
1055,1.00188
1056,1.0013
1057,0.998948
1058,0.997851
1059,1.00193
1060,1.00016
1061,0.995031
1062,1.0048
1063,0.998127
1064,1.00195
1065,0.996888
1066,1.00328
1067,1.00163
1068,0.995933
1069,1.00048
1070,1.00274
1071,0.999065
1072,0.998835
1073,0.999246
1074,1.00165
1075,0.993241
1076,1.00525
1077,0.997186
1078,1.00018
1079,0.998988
1080,1.00248
1081,0.995219
1082,1.00115
1083,1.00159
1084,0.996454
1085,1.00373
1086,1.00756
1087,1.00495
1088,0.997078
1089,0.999565
1090,1.00542
1091,1.00042
1092,1.00148
1093,1.00209
1094,0.999689
1095,0.994813
1096,0.994666
1097,0.997983
1098,0.99921
1099,0.992963
1100,1.00002
1101,1.00297
1102,0.996393
1103,1.00093
1104,1.0017
1105,0.996124
1106,1.00233
1107,1.00394
1108,0.998676
1109,1.00188
1110,0.99876
1111,0.99961
1112,0.998234
1113,0.997514
1114,1.00049
1115,1.00083
1116,1.00023
1117,1.0021
1118,1.00096
1119,0.998327
1120,1.00002
1121,0.998288
1122,0.993915
1123,1.00189
1124,1.0038
1125,1.00005
1126,0.996854
1127,1.00413
1128,0.997091
1129,0.997962
1130,1.00218
1131,1.00108
1132,1.00148
1133,0.994911
1134,0.998376
1135,0.997783
1136,1.0012
1137,0.997957
1138,1.00332
1139,1.00317
1140,1.00623
1141,1.00668
1142,0.994205
1143,1.00415
1144,0.997569
1145,0.999746
1146,0.999045
1147,0.995609
1148,1.00744
1149,1.00207
1150,0.998703
1151,0.997027
1152,0.997979
1153,1.0001
1154,0.996403
1155,0.999041
1156,1.00394
1157,1.00083
1158,0.999502
1159,0.999482
1160,1.00097
1161,0.995441
1162,0.998424
1163,1.00126
1164,1.00044
1165,1.00287
1166,1.00312
1167,1.00094
1168,1.00726
1169,0.997358
1170,0.998553
1171,1.00225
1172,1.0049
1173,1.00271
1174,1.00604
1175,0.999502
1176,0.9976
1177,0.999173
1178,1.00166
1179,1.00728
1180,0.999964
1181,0.992496
1182,1.00609
1183,0.999128
1184,1.00012
1185,0.995878
1186,0.999948
1187,1.00261
1188,0.996628
1189,0.99463
1190,0.997781
1191,0.998268
1192,1.00224
1193,0.999814
1194,1.00271
1195,1.00225
1196,0.995907
1197,0.998784
1198,0.999114
1199,0.999941
1200,0.996937
1201,0.999629
1202,0.996002
1203,0.992235
1204,1.00216
1205,1.00371
1206,1.00034
1207,1.00196
1208,0.997193
1209,0.998081
1210,1.00142
1211,0.993227
1212,1.00221
1213,1.00364
1214,0.997208
1215,1.0022
1216,0.998068
1217,1.00141
1218,1.00134
1219,1.0034
1220,0.996373
1221,0.997103
1222,1.00152
1223,1.00379
1224,1.00032
1225,0.999621
1226,0.998125
1227,1.00383
1228,1.00796
1229,0.994211
1230,1.00251
1231,0.999078
1232,1.00053
1233,1.00132
1234,1.00519
1235,0.994701
1236,0.9969
1237,1.00269
1238,1.00342
1239,0.996735
1240,1.00395
1241,1.00485
1242,0.997098
1243,0.999393
1244,0.997614
1245,0.999024
1246,1.00182
1247,1.00001
1248,1.00011
1249,0.996774
1250,1.00419
1251,0.997573
1252,1.00642
1253,1.00326
1254,1.0047
1255,0.999564
1256,0.9964
1257,0.998846
1258,1.00454
1259,1.00004
1260,1.00137
1261,1.00569
1262,1.00036
1263,0.998142
1264,0.994688
1265,0.999372
1266,1.00197
1267,1.00206
1268,1.0026
1269,0.999847
1270,0.99869
1271,0.994938
1272,0.997948
1273,0.995988
1274,1.00248
1275,1.0039
1276,0.999065
1277,0.992439
1278,0.998389
1279,1.00057
1280,1.00322
1281,1.00447
1282,0.994269
1283,0.996349
1284,1.00076
1285,0.992759
1286,0.994658
1287,1.00468
1288,1.00673
1289,0.997856
1290,0.996377
1291,1.00489
1292,1.00095
1293,0.997709
1294,0.994335
1295,0.997652
1296,1.00048
1297,0.9942
1298,0.999819
1299,1.00335
1300,0.998098
1301,1.00059
1302,1.00078
1303,0.998556
1304,1.00144
1305,1.00675
1306,0.996848
1307,1.00444
1308,0.993375
1309,1.00304
1310,0.999755
1311,0.997902
1312,0.9986
1313,1.00514
1314,0.999319
1315,0.99991
1316,0.999913
1317,0.992904
1318,1.00435
1319,1.00972
1320,1.00065
1321,1.00449
1322,1.00411
1323,0.998928
1324,1.00102
1325,1.00005
1326,1.00029
1327,0.99978
1328,1.00414
1329,0.997971
1330,0.999618
1331,1.00178
1332,0.999504
1333,0.999425
1334,0.996713
1335,0.99655
1336,1.00121
1337,1.00382
1338,0.996364
1339,1.00319
1340,0.994268
1341,1.00223
1342,0.999088
1343,1.00069
1344,1.0002
1345,1.00151
1346,1.00298
1347,0.999427
1348,1.00135
1349,1.00594
1350,0.999879
1351,0.9976
1352,0.995093
1353,0.998721
1354,1.00249
1355,0.993428
1356,1.00495
1357,1.0052
1358,1.00256
1359,0.997095
1360,0.996383
1361,1.00244
1362,0.998531
1363,0.99715
1364,1.00028
1365,0.99359
1366,1.00666
1367,0.99959
1368,0.997709
1369,1.0063
1370,0.996954
1371,1.00294
1372,0.999792
1373,0.998339
1374,1.00376
1375,0.998025
1376,0.996827
1377,0.998658
1378,1.00284
1379,0.999598
1380,0.993504
1381,0.997159
1382,0.995837
1383,0.994472
1384,1.0009
1385,1.00057
1386,0.996922
1387,1.00673
1388,1.00102
1389,1.00703
1390,0.99912
1391,0.999645
1392,1.00116
1393,1.00174
1394,1.00264
1395,0.998799
1396,1.00557
1397,0.999461
1398,1.0009
1399,0.997801
1400,1.00077
1401,1.00132
1402,0.998902
1403,1.00121
1404,1.00572
1405,1.00206
1406,1.00149
1407,1.00138
1408,0.999825
1409,0.998525
1410,1.00328
1411,0.989166
1412,1.00094
1413,1.00235
1414,0.999901
1415,1.0022
1416,0.998412
1417,1.00095
1418,0.995216
1419,1.00097
1420,0.998315
1421,1.00672
1422,0.99667
1423,0.995266
1424,1.00298
1425,1.00109
1426,0.999615
1427,1.00472
1428,0.999819
1429,1.00002
1430,0.995534
1431,0.997182
1432,0.99205
1433,0.998846
1434,1.00113
1435,1.00292
1436,1.0034
1437,0.994331
1438,1.0017
1439,0.998082
1440,1.00215
1441,1.00491
1442,1.00008
1443,1.00417
1444,1.00022
1445,0.999933
1446,1.00339
1447,1.00109
1448,0.997518
1449,0.997251
1450,0.998703
1451,1.00497
1452,1.00393
1453,1.00171
1454,0.997678
1455,0.999872
1456,1.00484
1457,1.00323
1458,0.994921
1459,1.00408
1460,1.00487
1461,0.997351
1462,1.00284
1463,1.00745
1464,1.00518
1465,0.999104
1466,0.999357
1467,0.998272
1468,1.00368
1469,0.996236
1470,0.996225
1471,1.00472
1472,1.00154
1473,0.999856
1474,0.996542
1475,0.995558
1476,0.998176
1477,0.993806
1478,1.00619
1479,0.998814
1480,0.995727
1481,0.998964
1482,0.999222
1483,1.00374
1484,1.00038
1485,0.994996
1486,1.00244
1487,0.994244
1488,0.996273
1489,1.00098
1490,1.0026
1491,0.996661
1492,1.00538
1493,1.00432
1494,0.995127
1495,1.00077
1496,1.00106
1497,1.00247
1498,1.00038
1499,1.00277
1500,0.996167
1501,0.998311
1502,0.998923
1503,0.998383
1504,1.00334
1505,1.00226
1506,0.998501
1507,1.00339
1508,0.998899
1509,1.00704
1510,1.0008
1511,0.998284
1512,0.994476
1513,1.00466
1514,0.999271
1515,0.999747
1516,1.00064
1517,1.00036
1518,0.99805
1519,1.00051
1520,1.00096
1521,1.00148
1522,1.00761
1523,1.00017
1524,1.00052
1525,0.996573
1526,0.998207
1527,1.00242
1528,1.00812
1529,0.999353
1530,1.00463
1531,1.00169
1532,0.998132
1533,0.99472
1534,1.00032
1535,0.998265
1536,0.993121
1537,0.998322
1538,0.997727
1539,0.997325
1540,0.99738
1541,1.0025
1542,1.00154
1543,0.999924
1544,1.00259
1545,1.0037
1546,0.995892
1547,1.0019
1548,0.999297
1549,0.996563
1550,0.999952
1551,1.00093
1552,0.994326
1553,0.998846
1554,1.00441
1555,0.997218
1556,0.996581
1557,1.00699
1558,1.00412
1559,0.999449
1560,0.99915
1561,0.996257
1562,0.998961
1563,0.998605
1564,0.997179
1565,0.994627
1566,1.00285
1567,1.00287
1568,0.996015
1569,1.00005
1570,1.00261
1571,1.00186
1572,0.994758
1573,0.996059
1574,1.00479
1575,1.00418
1576,1.00062
1577,0.997918
1578,0.996891
1579,0.9982
1580,1.0056
1581,1.00305
1582,0.996044
1583,0.99999
1584,1.00046
1585,1.00532
1586,0.997409
1587,0.996888
1588,0.996539
1589,0.998617
1590,1.00565
1591,0.995799
1592,0.99801
1593,1.00128
1594,1.0027
1595,1.00084
1596,0.996816
1597,0.99883
1598,0.994149
1599,1.00297
1600,1.00106
1601,0.996928
1602,0.997027
1603,0.995171
1604,0.996573
1605,1.00069
1606,1.00752
1607,0.994083
1608,1.00138
1609,1.00637
1610,1.00488
1611,1.00057
1612,0.99827
1613,1.00543
1614,1.00338
1615,1.00186
1616,1.00654
1617,1.00038
1618,1.00115
1619,0.992412
1620,1.00099
1621,1.00424
1622,1.00019
1623,0.996515
1624,0.994928
1625,0.996414
1626,0.994666
1627,1.00114
1628,0.996148
1629,0.99345
1630,0.999734
1631,0.996184
1632,1.00024
1633,1.00103
1634,1.00029
1635,0.996215
1636,0.998646
1637,1.00434
1638,1.00622
1639,1.00113
1640,1.00749
1641,0.999598
1642,0.997064
1643,0.999475
1644,0.999389
1645,1.00081
1646,1.00589
1647,0.993319
1648,0.996143
1649,0.998637
1650,0.99599
1651,0.997463
1652,1.00692
1653,1.00518
1654,1.00211
1655,0.997903
1656,1.00018
1657,0.997698
1658,1.00176
1659,0.993989
1660,1.00038
1661,1.00085
1662,0.999482
1663,0.997056
1664,1.00588
1665,0.99288
1666,1.00563
1667,1.00295
1668,1.00001
1669,1.00064
1670,0.994493
1671,0.998797
1672,1.00023
1673,1.00391
1674,1.00001
1675,1.00471
1676,0.997095
1677,1.00045
1678,0.994686
1679,0.992716
1680,0.998443
1681,1.00138
1682,1.00063
1683,0.997518
1684,1.00047
1685,1.0007
1686,1.00073
1687,0.994579
1688,0.994072
1689,1.00034
1690,0.998821
1691,0.999203
1692,1.00283
1693,0.997277
1694,0.996517
1695,1.00037
1696,1.00423
1697,0.998488
1698,0.998513
1699,1.00367
1700,0.997805
1701,1.00257
1702,0.997304
1703,1.00475
1704,1.00012
1705,1.00283
1706,1.00268
1707,1.00293
1708,0.99387
1709,0.995925
1710,1.00496
1711,1.00855
1712,1.00128
1713,0.998823
1714,1.00268
1715,1.00844
1716,0.996204
1717,1.00318
1718,1.00079
1719,0.997661
1720,0.999657
1721,1.00816
1722,0.999538
1723,0.998397
1724,1.00266
1725,0.9968
1726,1.00075
1727,0.99903
1728,1.00183
1729,0.997937
1730,1.00625
1731,0.996722
1732,1.00266
1733,0.995323
1734,1.00517
1735,1.00344
1736,1.00012
1737,1.00243
1738,1.00344
1739,1.0022
1740,0.998683
1741,0.998991
1742,1.00149
1743,1.00023
1744,1.00201
1745,1.00569
1746,1.00121
1747,1.00213
1748,1.00523
1749,1.00193
1750,0.996669
1751,1.00263
1752,1.00056
1753,1.00844
1754,1.00157
1755,0.999387
1756,0.995504
1757,0.999266
1758,1.00229
1759,0.995256
1760,0.998433
1761,1.00673
1762,1.00471
1763,1.00723
1764,1.00115
1765,0.997959
1766,0.99812
1767,1.00288
1768,1.00454
1769,0.999652
1770,1.00492
1771,1.00036
1772,1.0015
1773,0.998045
1774,1.00523
1775,0.998038
1776,0.998993
1777,1.0022
1778,0.994667
1779,1.00779
1780,0.998679
1781,0.997595
1782,0.997556
1783,1.00693
1784,1.0014
1785,1.00586
1786,1.0009
1787,0.992848
1788,0.998091
1789,0.993853
1790,1.0031
1791,1.00036
1792,1.00328
1793,0.999971
1794,1.00175
1795,0.999655
1796,0.998396
1797,1.00325
1798,0.99895
1799,0.996865
1800,1.00345
1801,0.99721
1802,1.00264
1803,1.00562
1804,0.998934
1805,1.00414
1806,1.00242
1807,0.998529
1808,0.99828
1809,0.999842
1810,0.999349
1811,1.00106
1812,1.00328
1813,0.999293
1814,0.998625
1815,0.999613
1816,1.00098
1817,0.997632
1818,1.00276
1819,1.00553
1820,0.997896
1821,0.999609
1822,1.00047
1823,0.999604
1824,0.997154
1825,0.998991
1826,0.995797
1827,0.999707
1828,0.997474
1829,0.99447
1830,1.00166
1831,1.0025
1832,0.994261
1833,0.994759
1834,1.00097
1835,0.996829
1836,0.998139
1837,0.996496
1838,0.996097
1839,1.00274
1840,0.998971
1841,0.999712
1842,1.00269
1843,0.998754
1844,1.00246
1845,1.00645
1846,1.0029
1847,0.999254
1848,0.999462
1849,1.00274
1850,1.00256
1851,0.997371
1852,1.00093
1853,0.998974
1854,0.999336
1855,1.00285
1856,0.998608
1857,0.998192
1858,1.003
1859,1.0007
1860,0.998947
1861,1.00213
1862,1.00498
1863,0.998723
1864,0.998905
1865,1.00666
1866,1.00141
1867,1.0024
1868,1.00396
1869,0.999537
1870,1.00016
1871,1.0008
1872,1.00239
1873,0.996039
1874,0.997345
1875,0.998819
1876,0.997877
1877,1.0054
1878,0.996436
1879,0.996724
1880,0.998001
1881,1.00106
1882,1.00263
1883,1.00045
1884,1.00386
1885,1.00075
1886,0.998903
1887,1.00672
1888,1.00167
1889,0.999264
1890,1.0025
1891,1.00475
1892,1.00693
1893,0.997071
1894,1.00694
1895,0.996357
1896,0.995447
1897,0.999335
1898,0.995
1899,1.00083
1900,0.999759
1901,0.994411
1902,1.00152
1903,1.00302
1904,0.998089
1905,0.995375
1906,1.00305
1907,1.00032
1908,1.00427
1909,1.0023
1910,0.995646
1911,0.996848
1912,0.996105
1913,1.00096
1914,0.997617
1915,0.998805
1916,1.0062
1917,1.0007
1918,0.995418
1919,0.993468
1920,0.995313
1921,1.00363
1922,1.00299
1923,0.996719
1924,1.0034
1925,1.00878
1926,1.00203
1927,1.00054
1928,1.00478
1929,1.00116
1930,0.998024
1931,0.997162
1932,0.996379
1933,0.998193
1934,0.996771
1935,0.995983
1936,1.00656
1937,1.00257
1938,1.00066
1939,0.996599
1940,0.995728
1941,0.996352
1942,1.00016
1943,0.998893
1944,0.997889
1945,0.994548
1946,0.997267
1947,0.997137
1948,1.00802
1949,1.00348
1950,1.0003
1951,1.00341
1952,1.00017
1953,0.996867
1954,1.00086
1955,1.00264
1956,1.00279
1957,1.00049
1958,1.00636
1959,1.0086
1960,1.0027
1961,0.999618
1962,1.00014
1963,0.99661
1964,0.999444
1965,0.996043
1966,1.00039
1967,0.997063
1968,1.00381
1969,1.0028
1970,1.00086
1971,1.00256
1972,0.995224
1973,0.996399
1974,1.00733
1975,0.996267
1976,1.00402
1977,1.00446
1978,1.00109
1979,0.998908
1980,0.999696
1981,0.999511
1982,1.0061
1983,0.997929
1984,0.995546
1985,1.00773
1986,1.00531
1987,0.999758
1988,0.99942
1989,0.999099
1990,0.999109
1991,0.998363
1992,0.999779
1993,0.997823
1994,1.00244
1995,0.999236
1996,0.994354
1997,1.00071
1998,0.998552
1999,1.00629
2000,0.99954
2001,0.997821
2002,1.00006
2003,1.00603
2004,1.00382
2005,1.00281
2006,1.00019
2007,1.00028
2008,1.00387
2009,1.00299
2010,0.999275
2011,0.999893
2012,0.998102
2013,1.00383
2014,0.998732
2015,0.998228
2016,1.0005
2017,1.00203
2018,0.995842
2019,1.00388
2020,0.997274
2021,1.00016
2022,1.00305
2023,0.99703
2024,0.996416
2025,0.998681
2026,0.996952
2027,1.00239
2028,0.995714
2029,0.998576
2030,1.00627
2031,0.996013
2032,0.997663
2033,1.00352
2034,1.00282
2035,1.00164
2036,0.995819
2037,1.00504
2038,1.00211
2039,1.00437
2040,1.002
2041,1.00187
2042,1.00184
2043,1.00475
2044,1.00378
2045,1
2046,0.998906
2047,0.996995
2048,0.996688
2049,1.00146
2050,1.00005
2051,0.999793
2052,1.00229
2053,0.997308
2054,1.00158
2055,0.998267
2056,0.998462
2057,0.999842
2058,0.996945
2059,0.999534
2060,1.00207
2061,1.00369
2062,1.00157
2063,0.997986
2064,1.00106
2065,0.998366
2066,1.0024
2067,0.996637
2068,0.989312
2069,1.00198
2070,1.00145
2071,1.00069
2072,0.996704
2073,1.00186
2074,0.998466
2075,0.995216
2076,1.00389
2077,0.997034
2078,1.00219
2079,1.00158
2080,0.99972
2081,0.997186
2082,0.998055
2083,0.997881
2084,0.998262
2085,1.00182
2086,1.00339
2087,1.00216
2088,0.997117
2089,1.00097
2090,1.00657
2091,0.99714
2092,0.997131
2093,1.00579
2094,0.995459
2095,0.996869
2096,0.996558
2097,0.995538
2098,1.003
2099,1.00046
2100,0.996724
2101,1.00503
2102,1.00252
2103,1.00432
2104,0.997288
2105,1.00458
2106,1.00469
2107,1.00313
2108,1.00019
2109,1.00449
2110,1.00184
2111,1.00145
2112,1.00169
2113,0.997209
2114,0.994769
2115,1.00744
2116,1.00476
2117,0.998135
2118,0.997199
2119,1.00294
2120,1.00243
2121,1.00079
2122,1.00384
2123,0.998446
2124,1.00527
2125,0.99632
2126,1.00076
2127,1.00294
2128,1.00045
2129,0.997568
2130,0.995544
2131,1.00506
2132,0.995094
2133,1.00429
2134,1.0028
2135,1.00191
2136,0.998744
2137,0.99758
2138,0.998389
2139,0.999709
2140,0.996942
2141,1.00329
2142,0.998824
2143,1.00155
2144,0.996473
2145,1.00367
2146,0.995526
2147,1.00221
2148,1.00256
2149,1.0015
2150,1.00503
2151,1.00239
2152,0.998395
2153,1.00091
2154,0.995288
2155,0.99871
2156,1.00235
2157,0.992371
2158,1.00057
2159,1.0001
2160,1.00266
2161,0.996474
2162,1.00012
2163,0.999559
2164,1.00223
2165,0.997747
2166,1.00146
2167,1.00194
2168,1.00184
2169,1.0008
2170,0.99741
2171,0.990999
2172,1.00256
2173,0.996686
2174,1.00324
2175,1.00324
2176,1.00477
2177,1.00429
2178,1.00216
2179,0.999427
2180,1.00408
2181,0.997999
2182,0.999722
2183,1.00134
2184,1.00479
2185,1.00516
2186,1.00435
2187,0.999323
2188,0.999661
2189,1.00064
2190,1.00617
2191,0.999676
2192,0.997202
2193,1.00302
2194,1.00633
2195,0.99969
2196,1.0078
2197,1.00426
2198,1.00109
2199,0.998356
2200,0.999255
2201,0.997938
2202,1.00386
2203,1.00461
2204,1.00379
2205,1.00672
2206,1.00298
2207,1.00183
2208,0.999253
2209,0.996821
2210,1.00068
2211,0.999474
2212,1.00311
2213,1.00101
2214,0.995118
2215,1.00097
2216,1.00087
2217,1.0028
2218,0.998625
2219,0.997666
2220,0.995303
2221,0.99718
2222,1.0009
2223,1.00245
2224,0.99896
2225,1.00414
2226,0.996145
2227,1.00443
2228,0.995847
2229,0.996641
2230,1.00622
2231,0.998211
2232,1.00599
2233,0.995947
2234,0.998349
2235,1.00086
2236,0.997782
2237,0.996117
2238,0.999655
2239,0.994429
2240,0.999435
2241,1.00326
2242,0.992173
2243,0.99949
2244,1.00162
2245,0.99917
2246,1.00346
2247,0.996205
2248,0.999206
2249,0.997928
2250,0.99369
2251,1.0024
2252,0.998096
2253,1.00122
2254,0.997682
2255,0.994876
2256,0.998276
2257,1.00084
2258,1.00043
2259,0.998758
2260,0.995961
2261,0.998752
2262,0.999856
2263,1.00326
2264,0.99884
2265,0.993797
2266,1.00035
2267,0.999492
2268,1.00415
2269,1.00655
2270,0.997061
2271,0.996304
2272,0.996814
2273,1.00604
2274,0.99725
2275,0.994182
2276,1.0041
2277,1.00154
2278,0.999637
2279,0.997415
2280,1.00572
2281,1.0007
2282,0.99553
2283,0.998339
2284,0.999142
2285,1.00655
2286,1.00156
2287,0.998928
2288,1.00507
2289,0.997955
2290,1.00537
2291,1.00076
2292,1.00435
2293,0.994465
2294,0.997982
2295,1.00362
2296,0.9993
2297,0.991738
2298,0.99932
2299,0.998325
2300,1.00423
2301,1.00008
2302,1.00154
2303,1.00298
2304,1.00425
2305,0.998104
2306,1.00294
2307,0.999313
2308,1.00488
2309,1.00387
2310,0.999571
2311,1.00112
2312,1.00293
2313,0.99753
2314,0.998762
2315,0.995298
2316,0.99768
2317,0.997647
2318,0.998995
2319,1.00248
2320,1.00279
2321,1.00123
2322,1.00364
2323,1.00552
2324,1.0001
2325,1.0045
2326,0.998666
2327,0.994164
2328,0.996425
2329,1.00286
2330,1.00285
2331,1.00174
2332,1.00089
2333,0.997301
2334,0.998742
2335,0.997841
2336,1.00483
2337,1.00254
2338,0.996814
2339,0.997855
2340,0.998108
2341,1.00337
2342,0.998314
2343,0.998876
2344,0.998792
2345,1.00421
2346,1.00212
2347,1.00074
2348,0.999244
2349,0.99743
2350,1.00112
2351,0.998163
2352,1.00103
2353,1.00304
2354,1.00016
2355,0.998634
2356,0.999188
2357,1.00329
2358,1.00091
2359,1.00128
2360,0.997071
2361,0.999547
2362,1.00666
2363,0.997815
2364,1.00188
2365,1.00177
2366,1.00023
2367,0.998065
2368,0.996308
2369,1.00115
2370,1.00487
2371,0.99715
2372,0.994182
2373,1.00407
2374,0.999836
2375,0.993708
2376,0.998608
2377,1.00269
2378,1.00103
2379,1.00198
2380,1.00363
2381,1.00453
2382,0.995896
2383,1.0082
2384,0.99935
2385,1.00098
2386,1.00359
2387,0.998729
2388,0.998461
2389,0.999751
2390,0.996773
2391,0.999639
2392,0.998387
2393,0.993456
2394,1.00076
2395,1.00104
2396,1.00522
2397,0.997282
2398,0.997727
2399,0.997701
2400,1.00458
2401,1.00101
2402,1.00698
2403,0.999828
2404,1.00687
2405,1.00166
2406,1.00335
2407,0.995949
2408,0.994173
2409,0.999422
2410,1.00233
2411,1.00628
2412,0.999012
2413,1.00136
2414,0.9987
2415,1.00181
2416,1.00196
2417,1.00591
2418,1.00119
2419,1.00004
2420,0.997792
2421,0.999935
2422,0.996903
2423,1.00548
2424,1.00311
2425,0.999056
2426,1.00009
2427,1.00158
2428,0.998332
2429,0.994019
2430,0.999231
2431,0.999716
2432,0.998312
2433,1.0059
2434,1.00915
2435,0.997343
2436,1.0008
2437,0.998959
2438,1.00215
2439,0.999773
2440,1.00732
2441,0.998755
2442,0.992065
2443,0.996305
2444,0.999777
2445,1.00109
2446,1.00038
2447,0.998214
2448,1.00773
2449,0.999131
2450,1.00012
2451,0.99383
2452,0.998548
2453,1.00635
2454,0.999505
2455,1.00284
2456,0.993597
2457,0.99462
2458,0.991906
2459,0.996466
2460,0.993982
2461,0.998933
2462,1.00436
2463,0.998639
2464,1.00372
2465,1.00662
2466,0.996973
2467,1.00131
2468,1.003
2469,1.00222
2470,1.00306
2471,1.00399
2472,0.995952
2473,1.00364
2474,1.00098
2475,1.00326
2476,1.00413
2477,1.00707
2478,0.998125
2479,0.99937
2480,0.996703
2481,1.00091
2482,0.999809
2483,0.994855
2484,0.997619
2485,1.00048
2486,1.0023
2487,1.00337
2488,1.00193
2489,0.996251
2490,1.00166
2491,0.997738
2492,1.0027
2493,0.999382
2494,0.998402
2495,1.00484
2496,0.99925
2497,0.999476
2498,0.99838
2499,1.00176
2500,0.996484
2501,1.00078
2502,1.00164
2503,0.995758
2504,0.996731
2505,1.00472
2506,0.994511
2507,1.00234
2508,1.00044
2509,0.997633
2510,0.999958
2511,1.00296
2512,0.997238
2513,0.998955
2514,0.998869
2515,1.00045
2516,0.997171
2517,1.00064
2518,1.00333
2519,1.006
2520,1.00496
2521,0.999937
2522,0.999358
2523,1.00017
2524,1.00466
2525,1.00166
2526,1.00307
2527,1.00466
2528,1.00219
2529,1.0018
2530,0.996887
2531,1.00231
2532,0.999603
2533,0.997267
2534,0.997156
2535,1.00666
2536,0.998422
2537,1.00436
2538,1.00279
2539,1.00007
2540,0.998666
2541,1.00198
2542,1.00073
2543,0.998384
2544,1.00216
2545,0.999611
2546,0.996841
2547,0.996446
2548,1.00119
2549,0.998596
2550,1.00014
2551,0.995208
2552,1.00112
2553,0.999881
2554,0.996363
2555,0.994791
2556,0.998433
2557,1.00486
2558,0.99318
2559,1.00067
2560,0.997439
2561,1.00647
2562,1.00158
2563,0.997145
2564,0.997336
2565,0.996214
2566,1.00065
2567,1.00299
2568,1.00222
2569,0.997896
2570,0.995947
2571,1.00111
2572,0.999755
2573,0.99338
2574,1.00014
2575,1.00777
2576,1.00149
2577,0.996422
2578,1.00091
2579,0.999497
2580,0.999384
2581,1.00161
2582,1.00189
2583,0.996795
2584,1.00036
2585,1.00067
2586,0.994343
2587,1.00055
2588,0.997922
2589,1.00235
2590,1.00348
2591,1.0014
2592,1.00593
2593,0.998894
2594,1.00351
2595,0.999248
2596,0.998868
2597,0.996448
2598,1.00226
2599,0.99674
2600,1.0033
2601,0.995636
2602,1.00127
2603,0.999342
2604,0.996053
2605,0.996263
2606,1.00114
2607,1.00358
2608,1.00209
2609,1.00306
2610,1.0053
2611,0.995162
2612,1.00416
2613,1.00437
2614,0.997469
2615,1.00297
2616,0.995026
2617,0.994459
2618,1.00456
2619,0.995937
2620,0.997305
2621,1.00201
2622,1.0011
2623,0.998464
2624,1.00142
2625,1.00262
2626,1.0022
2627,0.998794
2628,1.0028
2629,0.996634
2630,0.997386
2631,1.00194
2632,1.00575
2633,1.00306
2634,0.999701
2635,0.997709
2636,1.001
2637,1.00145
2638,0.997616
2639,1.00041
2640,0.99685
2641,1.00045
2642,1.00431
2643,0.998829
2644,1.00179
2645,0.998766
2646,0.996714
2647,0.997937
2648,1.00055
2649,0.998362
2650,0.997969
2651,0.998289
2652,0.997049
2653,0.993854
2654,1.00405
2655,1.0001
2656,1.00223
2657,0.99937
2658,0.997215
2659,0.996035
2660,0.997904
2661,1.00093
2662,0.996621
2663,1.00136
2664,1.00331
2665,0.996506
2666,0.997312
2667,0.995529
2668,0.993087
2669,0.998954
2670,0.994139
2671,1.00025
2672,0.9954
2673,1.00272
2674,1.00613
2675,1.00129
2676,1.00192
2677,1.00119
2678,1.00451
2679,1.00018
2680,0.995361
2681,1.00111
2682,1.0006
2683,1.00434
2684,1.00301
2685,1.00385
2686,0.991677
2687,0.996275
2688,0.994385
2689,1.00537
2690,1.00732
2691,1.00687
2692,1.00265
2693,1.0005
2694,0.988138
2695,1.00072
2696,1.00587
2697,1.0024
2698,1.00063
2699,0.998962
2700,0.998163
2701,1.00102
2702,0.993526
2703,1.00018
2704,0.9963
2705,1.00294
2706,0.997214
2707,1.00916
2708,1.00177
2709,0.999277
2710,1.00334
2711,1.00083
2712,1.00333
2713,1.00433
2714,0.994824
2715,0.995931
2716,1.00663
2717,1.00229
2718,0.994863
2719,1.00276
2720,0.999885
2721,1.00564
2722,0.99586
2723,0.997146
2724,1.00152
2725,1.00241
2726,1.00332
2727,0.999939
2728,1.00359
2729,1.00688
2730,1.00341
2731,1.00125
2732,0.998281
2733,0.997735
2734,1.00227
2735,0.998478
2736,0.998665
2737,0.997818
2738,0.994308
2739,1.00338
2740,0.996695
2741,1.00561
2742,0.999936
2743,0.994258
2744,1.00039
2745,1.00637
2746,0.998504
2747,1.00087
2748,0.999814
2749,0.999571
2750,0.99291
2751,1.00781
2752,1.00362
2753,0.998696
2754,0.997078
2755,1.00129
2756,1.00165
2757,0.995963
2758,0.994505
2759,1.00212
2760,1.00304
2761,1.00001
2762,0.997394
2763,1.0001
2764,1.00076
2765,0.99964
2766,1.00756
2767,1.00023
2768,0.999312
2769,0.995566
2770,1.00078
2771,0.999168
2772,0.996943
2773,0.999499
2774,1.00064
2775,0.993861
2776,1.0052
2777,0.997424
2778,0.997535
2779,1.00469
2780,1.00453
2781,0.996902
2782,1.00161
2783,0.995408
2784,0.995296
2785,1.00496
2786,1.00399
2787,1.00085
2788,0.992821
2789,0.996369
2790,1.00598
2791,1.00676
2792,0.994512
2793,0.999844
2794,0.999594
2795,1.00088
2796,1.00251
2797,1.00062
2798,1.00323
2799,1.00152
2800,0.997901
2801,1.00133
2802,0.993352
2803,0.998914
2804,0.999703
2805,0.99966
2806,0.996041
2807,1.0034
2808,0.996088
2809,0.998201
2810,1.00125
2811,1.00426
2812,1.00073
2813,1.00114
2814,0.994663
2815,1.00174
2816,0.998343
2817,1.00328
2818,0.990357
2819,0.998054
2820,1.00107
2821,0.998858
2822,1.00151
2823,1.00216
2824,1.00391
2825,0.995325
2826,1.00044
2827,1.00449
2828,1.0005
2829,1.0004
2830,1.00181
2831,1.00023
2832,1.00463
2833,0.997836
2834,0.996365
2835,1.00384
2836,0.996027
2837,0.996055
2838,1.00427
2839,1.00525
2840,0.991462
2841,0.999828
2842,0.9997
2843,1.00057
2844,1.00086
2845,1.00188
2846,0.997479
2847,0.99781
2848,1.0052
2849,0.995892
2850,1.0016
2851,0.998824
2852,0.998708
2853,1.00254
2854,1.00462
2855,1.00473
2856,0.995622
2857,1.00173
2858,0.999561
2859,0.996287
2860,1.00328
2861,1.0017
2862,0.999272
2863,1.00894
2864,0.997298
2865,0.998684
2866,0.993654
2867,0.998241
2868,0.99631
2869,1.00196
2870,0.99795
2871,0.994544
2872,1.00541
2873,0.996564
2874,0.999186
2875,1.00185
2876,0.997808
2877,0.998405
2878,1.00292
2879,1.00599
2880,0.995699
2881,1.00973
2882,0.990133
2883,0.996379
2884,0.997093
2885,0.992747
2886,1.00258
2887,0.992749
2888,1.00278
2889,1.00076
2890,1.00381
2891,0.999932
2892,1.00256
2893,1.00365
2894,0.990592
2895,0.994157
2896,1.00304
2897,1.00343
2898,0.998691
2899,1.00388
2900,0.998024
2901,0.999266
2902,0.995691
2903,0.999182
2904,0.997498
2905,1.00482
2906,1.00277
2907,1.0009
2908,1.00244
2909,1.00033
2910,1.00558
2911,0.998279
2912,1.00381
2913,0.993868
2914,1.00177
2915,0.99465
2916,1.00536
2917,0.996359
2918,0.998405
2919,1.00456
2920,0.998835
2921,1.00145
2922,0.99978
2923,1.00178
2924,1.00119
2925,0.999855
2926,0.998167
2927,0.999457
2928,0.998359
2929,0.996042
2930,0.991468
2931,0.998335
2932,1.00385
2933,1.00072
2934,0.998086
2935,1.00621
2936,0.995505
2937,1.00042
2938,0.992777
2939,1.00315
2940,1.00423
2941,1.00628
2942,0.999791
2943,1.00008
2944,0.996784
2945,1.00224
2946,1.00081
2947,1.00206
2948,0.998831
2949,0.999891
2950,0.996175
2951,0.993552
2952,0.996312
2953,1.00478
2954,0.994247
2955,0.99717
2956,0.991654
2957,0.998448
2958,1.00105
2959,1.00513
2960,0.998305
2961,0.994112
2962,1.00111
2963,1.00246
2964,0.998829
2965,0.994598
2966,0.993603
2967,0.98944
2968,0.996555
2969,0.997943
2970,1.0072
2971,0.995938
2972,0.998382
2973,0.996769
2974,0.992713
2975,0.999153
2976,1.00204
2977,0.999325
2978,0.998095
2979,0.993842
2980,1.00388
2981,1.00709
2982,0.998652
2983,0.999166
2984,1.00245
2985,0.996125
2986,1.00006
2987,0.998682
2988,0.998439
2989,1.00113
2990,0.998911
2991,0.995821
2992,1.00103
2993,0.997319
2994,1.00375
2995,0.997746
2996,0.998927
2997,1.00811
2998,0.999947
2999,1.00418
3000,1.00411
3001,0.997146
3002,0.996299
3003,0.997759
3004,1.00359
3005,0.997994
3006,0.996006
3007,1.00023
3008,1.00092
3009,0.999821
3010,0.9943
3011,0.999134
3012,0.998208
3013,1.00438
3014,1.0021
3015,0.99917
3016,1.00189
3017,1.00635
3018,0.998395
3019,1.00165
3020,0.994215
3021,1.00198
3022,1.0018
3023,0.992898
3024,1.00363
3025,1.0062
3026,0.998882
3027,1.00327
3028,0.998212
3029,0.996432
3030,1.00789
3031,1.0017
3032,0.999629
3033,0.993997
3034,1.00427
3035,1.00361
3036,0.996513
3037,1.00588
3038,1.00164
3039,1.00217
3040,0.999397
3041,1.00511
3042,1.00156
3043,0.992102
3044,1.00255
3045,1.00611
3046,0.995605
3047,1.00179
3048,1.00013
3049,1.00025
3050,0.997627
3051,1.00207
3052,1.00168
3053,0.999001
3054,1.0019
3055,1.00405
3056,1.00227
3057,1.00329
3058,0.996553
3059,1.00443
3060,1.00286
3061,0.997881
3062,1.00122
3063,0.998953
3064,0.99494
3065,1.00191
3066,1.00085
3067,1.00224
3068,0.995992
3069,1.00149
3070,0.992822
3071,0.994973
3072,1.00159
3073,0.997172
3074,1.00391
3075,0.999963
3076,0.995106
3077,1.0012
3078,0.991058
3079,0.999512
3080,0.999202
3081,1.00504
3082,0.995809
3083,1.00027
3084,1.00254
3085,1.00146
3086,1.00079
3087,1.00263
3088,1.00398
3089,1.00156
3090,0.997213
3091,0.994661
3092,0.997281
3093,0.998388
3094,1.00675
3095,0.99693
3096,0.994348
3097,1.00097
3098,0.998638
3099,1.00457
3100,1.00161
3101,1.00094
3102,0.994797
3103,0.999286
3104,0.996616
3105,1.00022
3106,1.00028
3107,0.99696
3108,1.00126
3109,0.99981
3110,1.00184
3111,0.999875
3112,1.00018
3113,1.00132
3114,0.995305
3115,1.00482
3116,1.00109
3117,0.992582
3118,0.998977
3119,0.99684
3120,0.999528
3121,0.9998
3122,1.00127
3123,0.999773
3124,1.00095
3125,1.0028
3126,0.99748
3127,1.0078
3128,1.00601
3129,0.998797
3130,1.00067
3131,0.992214
3132,1.00126
3133,1.002
3134,1.00154
3135,0.999522
3136,0.998062
3137,0.996891
3138,0.998405
3139,1.00129
3140,0.998006
3141,0.998254
3142,0.997517
3143,1.00339
3144,0.999887
3145,1.00738
3146,0.997661
3147,1.00187
3148,1.00211
3149,0.994854
3150,1.00195
3151,1.00775
3152,0.997129
3153,1.00629
3154,1.00756
3155,1.00163
3156,0.993976
3157,1.00289
3158,0.997931
3159,1.00056
3160,0.997087
3161,1.0002
3162,1.00144
3163,0.996059
3164,1.00032
3165,1.00306
3166,0.992369
3167,1.00583
3168,0.997182
3169,1.00101
3170,0.998192
3171,0.998454
3172,0.99747
3173,1.00287
3174,1.00229
3175,1.00425
3176,1.00658
3177,0.996497
3178,0.999972
3179,0.998972
3180,0.998369
3181,1.00216
3182,1.00397
3183,0.995845
3184,0.999809
3185,1.00298
3186,0.998079
3187,0.995552
3188,1.00472
3189,0.996704
3190,1.00415
3191,1.00026
3192,0.997634
3193,1.00061
3194,1.003
3195,1.00321
3196,1.00237
3197,1.00569
3198,1.00172
3199,0.997465
3200,0.993039
3201,1.00323
3202,1.00329
3203,0.999117
3204,0.998912
3205,0.998618
3206,1.00289
3207,1.00507
3208,0.996711
3209,0.997521
3210,1.00318
3211,1.00641
3212,1.00224
3213,0.996303
3214,1.00417
3215,1.00577
3216,0.999772
3217,0.999329
3218,0.997567
3219,0.996278
3220,0.995746
3221,1.00385
3222,1.00218
3223,0.999862
3224,1.00475
3225,0.996717
3226,0.999606
3227,0.995307
3228,1.0022
3229,1.00052
3230,1.00005
3231,0.997643
3232,0.999968
3233,0.996743
3234,0.993209
3235,1.002
3236,1.00318
3237,1.00226
3238,1.00637
3239,1.00438
3240,0.995458
3241,1.00371
3242,0.997245
3243,0.99632
3244,0.995388
3245,0.998684
3246,0.995685
3247,0.997437
3248,1.00253
3249,0.997453
3250,1.00255
3251,1.00204
3252,1.00777
3253,0.995701
3254,0.999625
3255,1.00344
3256,1.0034
3257,1.00373
3258,0.998653
3259,1.0036
3260,1.00185
3261,1.00419
3262,1.001
3263,0.995356
3264,1.00524
3265,0.99818
3266,1.00474
3267,0.994117
3268,1.01031
3269,1.00066
3270,1.00123
3271,1.00042
3272,0.999761
3273,1.00582
3274,1.0063
3275,1.00741
3276,1.00408
3277,1.00114
3278,1.00497
3279,0.999745
3280,1.00255
3281,1.00527
3282,0.996124
3283,0.997517
3284,0.999251
3285,1.00178
3286,1.00346
3287,1.00181
3288,0.999484
3289,1.0014
3290,1.00427
3291,0.999693
3292,0.998636
3293,1.00059
3294,0.997392
3295,0.999141
3296,1.0016
3297,0.999355
3298,1.00544
3299,0.995029
3300,1.00095
3301,1.00151
3302,0.994746
3303,1.00214
3304,1.00408
3305,0.994466
3306,1.00473
3307,0.998419
3308,0.99843
3309,1.00283
3310,1.00066
3311,0.99858
3312,0.996953
3313,1.00174
3314,0.996724
3315,1.00101
3316,0.993749
3317,1.00274
3318,0.997083
3319,0.999688
3320,1.00318
3321,1.00496
3322,0.996168
3323,1.00206
3324,0.999112
3325,1.00136
3326,1.00349
3327,0.999596
3328,0.993756
3329,1.00058
3330,1.00481
3331,0.998297
3332,0.995583
3333,1.00466
3334,0.99695
3335,1.00091
3336,0.997184
3337,0.999782
3338,0.995136
3339,0.999757
3340,1.0038
3341,1.00009
3342,1.00134
3343,1.00138
3344,1.00432
3345,1.00184
3346,1.00312
3347,0.998544
3348,0.994722
3349,1.00307
3350,1.00488
3351,1.00629
3352,1.00128
3353,0.998781
3354,0.993383
3355,1.00065
3356,0.997291
3357,1.00611
3358,1.00053
3359,0.993512
3360,0.996862
3361,1.00213
3362,1.00363
3363,0.998727
3364,0.995883
3365,0.995365
3366,1.00343
3367,1.0011
3368,0.999301
3369,1.0039
3370,1.00267
3371,1.00156
3372,1.00014
3373,1.00044
3374,0.996792
3375,0.99534
3376,1.00457
3377,0.999164
3378,1.00145
3379,1.00259
3380,1.00308
3381,1.00145
3382,0.9961
3383,1.00084
3384,1.00456
3385,1.00538
3386,1.00089
3387,0.996873
3388,0.999751
3389,1.00796
3390,1.00167
3391,1.01053
3392,1.00182
3393,1.00347
3394,0.998982
3395,0.998332
3396,1.0033
3397,0.996564
3398,1.0008
3399,1.00311
3400,1.00153
3401,0.995561
3402,1.00005
3403,0.996243
3404,0.997539
3405,1.00157
3406,1.00141
3407,0.999176
3408,1.00052
3409,0.999744
3410,1.00388
3411,1.00611
3412,0.996633
3413,0.998577
3414,1.00272
3415,1.00407
3416,0.999577
3417,1.00725
3418,0.998321
3419,1.00157
3420,1.00129
3421,1.00258
3422,0.995019
3423,0.999926
3424,1.00532
3425,1.00936
3426,1.0001
3427,1.00246
3428,1.00073
3429,0.996994
3430,0.998405
3431,0.99987
3432,0.995769
3433,0.995781
3434,0.997906
3435,0.99865
3436,0.997426
3437,1.00409
3438,1.00312
3439,0.992736
3440,1.00039
3441,0.999701
3442,1.00504
3443,0.994366
3444,0.998172
3445,1.00074
3446,0.998386
3447,1.00036
3448,0.998504
3449,0.995618
3450,0.999928
3451,0.998283
3452,1.00621
3453,0.996986
3454,0.991828
3455,1.00203
3456,0.997125
3457,1.00529
3458,0.997132
3459,0.998011
3460,0.998954
3461,1.00152
3462,1.00228
3463,1.00252
3464,1.00074
3465,0.996938
3466,0.996153
3467,0.999752
3468,0.996594
3469,1.00298
3470,0.998867
3471,1.00403
3472,1.00012
3473,1.00163
3474,1.00324
3475,0.998211
3476,1.00286
3477,1.00162
3478,1.00128
3479,1.00024
3480,0.996447
3481,1.00062
3482,0.999804
3483,0.998168
3484,0.999204
3485,0.994521
3486,0.995777
3487,0.996011
3488,1.00257
3489,1.00211
3490,0.999008
3491,1.00802
3492,1.00485
3493,0.996873
3494,0.999624
3495,1.00224
3496,0.996896
3497,0.999674
3498,1.00458
3499,1.00045
3500,0.997926
